SLUT	30	a woman adulterer
SER	40	Abbreviation of serial.
HOMOS	1	plural of homo
COCKTEASES	1	plural of cocktease
ANTIGAY	40	Alternative spelling of anti-gay.
APNOEA	35	Alternative form of apnea.
IAS	30	Initialism of Indian Administrative Service.
OTE	35	Initialism of on target earnings.
OSE	35	An esker.
DSM	25	Initialism of distinguished service medal.
AIS	35	plural of ai
ONOS	20	Synonym of epinetron (“Attic pottery item”).
ARR	40	Abbreviation of arrival.
SSS	40	an independent federal agency that administers compulsory military service
PUSSYWHIPPED	10	Submissive to or dominated by one's wife or other female partner, frequently with the connotation that this submissive behavior is for the prospect of sex.
ABAG	20	A banner in Xilingol, Inner Mongolia autonomous region, China.
LVI	38	being six more than fifty
MII	38	A customizable avatar used on several Nintendo video game consoles and mobile applications.
ATMO	30	The standard atmospheric pressure used in certain physical measurements and calculations; conventionally, that pressure under which the barometer stands at 760 millimeters, at a temperature of 0° Centigrade, at the level of the sea, and in the latitude of Paris.
MLI	38	Initialism of Molecular Libraries and Imaging program.
CLITORIS	30	a female sexual organ homologous to the penis
AMYS	30	plural of Amy
SSSS	30	Initialism of staphylococcal scalded skin syndrome.
LII	38	being two more than fifty
ANUS	40	the excretory opening at the end of the alimentary canal
ELAT	35	Alternative form of Eilat (“Israeli city”).
NEONAZI	40	Alternative spelling of neo-Nazi.
ULT	22	in or of the month preceding the present one
OID	35	Initialism of office ID.
TSR	30	Initialism of terminate and stay resident: a type of DOS program that can continue to run all the time, once it is loaded, even while other programs are running.
DEON	20	A surname.
ANE	20	used of a single unit or thing; not two or more
IDI	40	Synonym of Azawakh.
OSU	40	Initialism of Ohio State University.
AFR	40	Initialism of automatic face/facial recognition.
UNS	40	plural of un
ZAPATEOS	33	plural of zapateo
INLIERS	39	plural of inlier
ALCESTIS	40	A princess, the fairest of the daughters of Pelias, known for her love of her husband.
BSE	20	a fatal disease of cattle that affects the central nervous system; causes staggering and agitation
III	38	being one more than two
TITSUP	10	Alternative spelling of tits up.
ATO	35	Initialism of Australian Taxation Office.
ABBE	40	a French abbot
CUM	20	the thick white fluid containing spermatozoa that is ejaculated by the male genital tract
EEE	40	An expression of happiness or excitement: yay!
ATC	35	Initialism of artist trading card.
NGOS	40	plural of NGO
ARAN	35	An archipelago off the west coast of Ireland, also called the Arans or the Aran Islands.
ISAN	35	A large region in northeastern Thailand, on the Khorat Plateau.
AFP	30	Initialism of Australian Federal Police.
GMAC	40	Acronym of Galois Message Authentication Code.
RLS	40	plural of RL
ONC	40	Oncology.
ERI	40	A female given name from Japanese.
FCS	40	Initialism of Football Championship Subdivision.
ELAM	44	An ancient civilization and empire in modern southwestern Iran, existing between c. 3200 BCE and 539 BCE. Capital: Susa.
ANOT	40	Alternative form of or not.
POA	5	chiefly perennial grasses of cool temperate regions
MVI	38	Initialism of Model–View–Intent.
NAWAB	25	a governor in India during the Mogul empire
SHS	40	The station code of Sheung Shui in Hong Kong.
OLIVA	40	olivary body
AZT	40	Abbreviation of azidothymidine.
ORN	10	To ornament; to adorn.
LBO	40	Initialism of leveraged buyout.
MMD	38	Initialism of molar mass distribution.
ALD	25	Short for adrenoleukodystrophy.
URE	20	Use, practise, exercise.
BIP	30	To make or cause to make a short beeping or blipping sound.
MMI	38	Initialism of man-machine interface.
DAI	40	A wet nurse; a midwife.
STROPHE	40	one section of a lyric poem or choral ode in classical Greek drama
ANANG	30	Alternative form of Anaang.
PYT	40	Initialism of pretty young thing.
ULM	25	A city on the River Danube in Baden-Württemberg, Germany.
ULU	35	An all-purpose knife traditionally used by Yup'ik, Inuit, and Aleut women.
FON	10	A fool or idiot.
RIS	35	Initialism of research information system.
MDIV	38	a master's degree in religion
ACR	30	Initialism of albumin/creatinine ratio.
OUS	35	plural of ou
VII	38	being one more than six
ZOEA	20	Alternative spelling of zoëa.
GAN	30	To go.
CIV	38	Abbreviation of civil.
AMU	40	Abbreviation of atomic mass unit.
MMM	38	An emotional expression of satisfaction.
LMN	35	Initialism of let me know.
MCD	38	Initialism of minimum cost design.
MSM	25	Initialism of methylsulfonylmethane.
FOGEL	40	A surname.
URA	35	Initialism of undergraduate research assistant.
SUQ	40	Alternative spelling of souq.
LXXII	38	being two more than seventy
UNK	30	A short river in western Shropshire, England, that joins the River Clun at the town of Clun.
INTERJ	39	Abbreviation of interjection.
NIS	35	A nix; a hobgoblin, especially one that resides in a farm house.
AUT	30	Initialism of Auckland University of Technology.
MCM	38	Initialism of million(s) of cubic meters.
AAAA	35	Amateur Athletic Association of America
DVI	38	Initialism of Digital Visual Interface.
STOA	24	In Ancient Greece, a walkway with a roof supported by colonnades, often with a wall on one side; specifically, the Great Hall in Athens.
DACHA	34	Russian country house
DBA	25	Initialism of database analyst.
EOLA	20	Initialism of end of life announcement.
IOR	35	Initialism of (member of) Indian other ranks.
KNORR	40	Alternative form of knarr (“large merchant ship used in mediaeval Scandinavia”).
AAAH	30	Initialism of American Association for the Advancement of the Humanities.
LOEW	18	A surname from German of German derivation (from Loewe or Löwe).
NERA	35	A warrior of Connacht in the Ulster Cycle of Irish mythology.
AAM	25	A Dutch and German measure of liquids, used in England for Rhine wine, varying in different cities, being in Amsterdam about 41 wine gallons, in Antwerp 36½, and in Hamburg 38¼.
VIII	38	being one more than seven
IER	35	A river in Romania and Hungary.
DESORBED	38	simple past and past participle of desorb
VBS	5	Abbreviation of VBScript.
INLA	35	Initialism of Irish National Liberation Army.
TYLERS	30	plural of tyler
NOA	36	A surname.
DATO	15	Alternative form of datto.
IOI	20	Initialism of indicator of interest.
KAS	35	A kind of large cupboard or wardrobe of Dutch origin, popular in the Netherlands and America in the 17th and 18th centuries.
RADS	40	plural of rad
ASAN	35	A municipal city in South Chungcheong Province, South Korea.
BCD	35	Initialism of blue compact dwarf.
ENOW	35	Archaic form of enough.
AJO	40	A surname.
HYP	30	Hypochondria.
AJC	35	Abbreviation of Authorized Java Center (a program for the qualification and certification of software houses)
LXX	38	being ten more than sixty
SOA	40	Initialism of Sarbanes-Oxley Act, officially titled the Public Company Accounting Reform and Investor Protection Act of 2002.
BOINK	10	To have sexual intercourse (with); to bonk.
HUSSY	30	a woman adulterer
LIKUD	38	A leading rightist political party in Israel.
AESOPS	16	plural of Aesop
AAB	30	Initialism of army air base.
CAS	30	Abbreviation of casual.
AAU	30	Initialism of assigned amount unit.
FRANNY	39	A diminutive of the female given names Frances, Francine, and Francesca.
INDIANSUMMER	1	a period of unusually warm weather in the autumn
HERAT	30	a city in northwestern Afghanistan on the site of several ancient cities
ANDI	30	A Northeast Caucasian language of Russia.
TABULAE	39	plural of tabula
UNAU	15	relatively small fast-moving sloth with two long claws on each front foot
EVOO	40	Initialism of extra virgin olive oil.
TMJ	40	Abbreviation of temporomandibular joint.
GHI	35	Alternative spelling of ghee.
MDC	38	Initialism of Metropolitan Detention Center.
TCS	30	Initialism of time/temperature control for safety.
IAL	35	Initialism of International Auxiliary Language.
IAT	35	Abbreviation of Implicit Association Test.
DPHIL	40	a British doctorate
COULDST	35	second-person singular simple past indicative of can
DIX	38	A surname originating as a patronymic.
XML	35	Initialism of Extensible Markup Language, a flexible text format for creating structured computer documents in machine-readable form.
MDL	38	Initialism of mobile driver's licence.
ZARAGOZA	40	an ancient city on the Ebro River in northeastern Spain; formerly the capital of Aragon
LXI	38	being one more than sixty
ARNA	30	A township in Pine County, Minnesota, United States.
ZOA	30	plural of zoon
OCKHAM	39	English scholastic philosopher and assumed author of Occam's Razor (1285-1349)
UMM	30	Alternative form of um.
DACHAU	35	a concentration camp for Jews created by the Nazis near Munich in southern Germany
ANEND	20	On end; in an upright position.
AES	40	plural of a, the name of the letter A.
EDE	30	A city in Gelderland province, Netherlands.
OON	5	An oven.
DENYS	30	A male given name from Ancient Greek, an alternative spelling of Denis
DCC	38	Initialism of Doppelmayr Cable Car.
AXHANDLE	30	the handle of an ax
RAL	20	Abbreviation of ranked as last (“a penalty score relegating a racer to the last placing in a heat”).
USEE	40	One who or that which is used.
OIR	20	Abbreviation of Old Irish.
CVI	38	Initialism of chronic venous insufficiency.
KKK	1	Initialism of Ku Klux Klan.
CDE	35	Initialism of Common Desktop Environment.
CMI	38	Initialism of coded mark inversion.
ANC	30	Initialism of absolute neutrophil count, a blood test measuring the number of neutrophil granulocytes.
AFC	40	Initialism of American Football Conference.
EAN	30	Initialism of European Article Numbering: a barcode symbology whose main variant, EAN-13, encodes thirteen digits, differing from UPC-A in that three of the digits in the left half are reversed so as to encode an additional digit.
RAX	35	To stretch; stretch out.
ATWT	40	Initialism of As the World Turns, an American television soap opera aired between 1956 and 2010.
OTARU	44	A port city in Hokkaido Prefecture, Japan.
EULA	20	Initialism of end user license agreement.
RPT	15	Alternative form of rpt..
MML	38	Initialism of Music Markup Language.
ANSE	20	A male given name, diminutive of various names.
AOUT	43	Eye dialect spelling of out.
AEC	40	Initialism of (United States) Atomic Energy Commission.
CERT	40	an absolute certainty
MCC	38	Initialism of Marylebone Cricket Club (the former governing body of cricket).
HOMO	40	someone who is sexually attracted to persons of the same sex
IIN	35	Initialism of Imperial Iranian Navy.
ESNE	35	A hireling of servile status; slave.
ADJT	35	Abbreviation of adjutant.
EBEN	10	Pronunciation spelling of even, representing African-American English.
ULE	25	A Mexican and Central American tree (Castilla elastica), related to the breadfruit tree, whose milky juice contains caoutchouc.
PLAT	30	make a plot of
ADONAI	40	The Lord: a Hebrew title of God.
ADL	30	Initialism of activities of daily living, a set of activities such as bathing, feeding, or relieving oneself.
CMD	40	Abbreviation of command.
ANOA	5	small buffalo of the Celebes having small straight horns
OTTAWAS	35	plural of Ottawa
ATTU	40	The westernmost island of the Aleutian Islands.
LXXVI	38	being six more than seventy
SPERMS	40	plural of sperm
TCM	35	Initialism of traditional Chinese medicine.
TEH	30	Deliberate misspelling of the, for humorous, sarcastic, or facetious effect.
API	40	Initialism of active pharmaceutical ingredient.
SHWA	15	a neutral middle vowel; occurs in unstressed syllables
CLITORAL	30	of or relating to the clitoris
OAS	35	Initialism of oral allergy syndrome.
AFTON	35	A number of places in the United States, including:
FPA	30	Initialism of Financial Planning Association.
DLI	38	Initialism of Defense Language Institute.
RETE	10	a network of intersecting blood vessels or intersecting nerves or intersecting lymph vessels
TCI	25	Initialism of Turks and Caicos Islands.
SPH	20	Initialism of smoothed-particle hydrodynamics.
XLIV	38	being four more than forty
SHAK	20	Shakespeare.
EMES	20	plural of eme (uncle).
PENIS	40	the male sex organ
TAMA	35	A form of votive offering in the Eastern Orthodox Church, particularly the Greek Orthodox Church, usually in the form of a small metal plaque with an embossed image symbolizing the subject of prayer for which it is offered.
AVO	30	100 avos equal 1 pataca in Macao
BIRR	40	make a soft swishing sound
DARA	25	A male given name from Irish.
OIS	10	plural of oi
SMERSH	40	Counter-intelligence organisation attached to Russian army units during World War II.
BEREA	30	Alternative form of Beroea.
EBN	30	the compass point that is one point north of due east
CCI	38	Initialism of co-channel interference.
AUR	25	Initialism of Arch User Repository.
OTA	25	Initialism of over-the-air.
PDR	40	Initialism of Physicians' Desk Reference.
CZAREVNA	29	Alternative spelling of tsarevna.
SBE	30	the compass point that is one point east of due south
THREELEGGED	40	having or as if having three legs
CIELO	40	A surname.
XIX	38	being one more than eighteen
SEMEN	10	the thick white fluid containing spermatozoa that is ejaculated by the male genital tract
GCHAT	40	A communication service developed by Google: Google Talk, Google Hangouts, or their replacement Google Chat.
SUU	40	Initialism of Southern Utah University.
LIII	38	being three more than fifty
IWW	5	Initialism of Industrial Workers of the World.
XENU	40	An extraterrestrial galactic leader said to have transported aliens to Earth 75 million years ago and murdered them with hydrogen bombs at sites of volcanoes, turning them into thetans.
VOMIT	30	eject the contents of the stomach through the mouth
ELMIRA	30	A female given name from the Germanic languages.
VENAE	37	plural of vena
UKR	35	Abbreviation of Ukraine.
USOC	40	Initialism of United States Olympic Committee.
ADIT	40	a nearly horizontal passage from the surface into a mine
XCI	38	being one more than ninety
IGN	35	Initialism of in-game name.
EMBODIER	39	One who embodies.
RMN	30	Initialism of Royal Malaysian Navy.
SGA	20	Initialism of Schwarz-Gelbe Allianz.
LXXX	38	being ten more than seventy
WSOP	40	Any of the series of poker tournaments held annually in Las Vegas since 2005.
ASG	30	Initialism of abstract semantic graph.
EHH	40	An expression of surprise
EFE	30	A barangay of Calubian, Leyte, Philippines.
ARY	30	any
EAGRE	3	a high wave (often dangerous) caused by tidal flow (as by colliding tidal currents or in a narrow estuary)
EXARCH	40	a viceroy who governed a large province in the Roman Empire
MIRABILIS	35	four o'clocks
AVERROES	40	An Andalusian polymath (1126–1198).
BOOBJOB	10	Alternative form of boob job.
CCC	38	being one hundred more than two hundred
ADC	35	Initialism of aide-de-camp and postnominal.
LXII	38	being two more than sixty
TAPPIN	40	A surname.
AFAIR	30	Initialism of as far as I recall/remember.
IIS	35	the most notorious and possibly the most important arm of Iraq's security system
CXL	38	being ten more than one hundred thirty
CDL	38	Initialism of commercial driver's licence.
HAE	40	Alternative form of have.
NEH	35	Initialism of The New English Hymnal.
ATS	20	plural of at
MCL	38	Initialism of Michigan Compiled Laws.
AROO	25	The howl of a wolf or dog.
CML	38	Initialism of capital market line.
BVI	40	Initialism of British Virgin Islands.
MMC	38	Initialism of Montreal Metropolitan Community.
CRAT	40	Clipping of bureaucrat.
HOU	35	Abbreviation of Houston (in Texas).
QUTB	40	One of the Sufi spiritual leaders of a particular era.
BIX	39	Biscuits.
EURE	15	Obsolete form of ewer.
AVENEL	40	An unincorporated community and census-designated place in Woodbridge, Middlesex, New Jersey.
SNEE	10	A large knife.
NOAA	40	Acronym of National Oceanic and Atmospheric Administration
DFW	40	Initialism of Dallas–Fort Worth metroplex.
SAANICH	40	A member of a Native American people from British Columbia.
QAS	35	plural of QA
VOMITED	30	simple past and past participle of vomit
MCCREA	16	A Scottish surname from Scottish Gaelic.
AFAN	40	A river in Neath Port Talbot borough county borough, Wales, which flows into Swansea Bay at Aberavon.
DADO	35	cut a dado into or fit into a dado
WOZ	40	Eye dialect spelling of was.
SUH	40	Pronunciation spelling of sir, usually to suggest the speech of African-American slaves.
INJUN	1	(slang) offensive term for Native Americans
ASSAMESE	25	of or relating to or characteristic of Assam or its people or culture or language
AIN	35	belonging to or on behalf of a specified person (especially yourself); preceded by a possessive
FERGUS	39	A male given name from Scottish Gaelic.
CANCER	40	type genus of the family Cancridae
POTEET	30	A surname.
YOI	35	A preparatory position in karate, with the arms slightly forward, elbows slightly bent, and fists closed.
OSES	39	The various sugars ending in -ose, such as sucrose, lactose, glucose, and fructose.
TOJO	40	A surname from Japanese.
PAPPAS	41	plural of pappa
CLEFTS	42	plural of cleft
NTS	25	Initialism of not to scale.
COCKBLOCKING	40	Of a person, who acts or attempts to impede another's intended goal of a romantic relationship or sexual intercourse.
DLX	38	Abbreviation of dancing links.
GAK	40	Alternative form of gack (“expression of disgust or disapproval”).
CERTS	40	plural of cert
OOOOH	40	Elongated form of ooh.
DCI	38	the head of the United States Intelligence Community and director of the Central Intelligence Agency
DIL	40	Initialism of dual-in-line.
BSO	40	Blue stellar object: a radio-quiet quasar.
CRT	40	Initialism of Chinese remainder theorem.
AARAU	40	A municipality and town, the capital of Aargau canton, in northern Switzerland; capital of the Helvetic Republic between 1798 and 1803.
DIV	38	A function, implemented in many programming languages, that returns the result of a division of two integers.
JIZZ	10	The physical and behavioural characteristics of a bird that enable it to be immediately recognised by an experienced birder as a certain type of bird, especially to family or genus level.
LORN	40	Doomed; lost.
NEGRO	0	having skin rich in melanin pigments;
AREED	20	Alternative form of aread.
AEF	40	Initialism of American Expeditionary Forces.
DUP	18	to open (a door, gate etc.)
ARTEL	40	A Russian or Soviet craftsmen's collective.
XXI	38	being one more than twenty
CERVIX	40	necklike opening to the uterus
SETTS	30	plural of sett
PCPS	25	plural of PCP
AHO	35	Initialism of approved hunting organisation, an organisation of which membership is one of several possible prerequisites for a firearms license.
ADR	35	Initialism of adverse drug reaction.
PRIE	30	Alternative form of pree.
ULUS	35	plural of ulu
SHIH	38	A surname from Mandarin of Chinese origin.
XXII	38	being two more than twenty
AMAL	40	A male given name.
ISCHIA	10	a volcanic island (part of Campania) in the Tyrrhenian Sea at the north end of the Bay of Naples
TEAZLE	40	Archaic spelling of teasel.
SKU	40	Initialism of stock-keeping unit.
AGR	30	Abbreviation of annual growth rate.
XCV	38	being five more than ninety
THEBAN	35	of or relating to the Greek city of Thebes or its people or culture
PUKES	30	plural of puke
NMI	40	Initialism of non-maskable interrupt.
LVII	38	being seven more than fifty
YLEM	35	In the Big Bang theory, the hot and dense plasma that made up the matter in the cosmos following the initial baryogenesis at an early stage of its expansion and cooling, from which the first atoms formed and photons decoupled. The emission of photons in this phase is regarded as the source of the cosmic microwave background.
REMEET	35	To meet again
ARETE	40	a sharp narrow ridge found in rugged mountains
AFACE	40	In face; in front.
OEM	28	A company that produces parts to be sold under another company's brand.
STREETARAB	1	(sometimes offensive) a homeless boy who has been abandoned and roams the streets
RWR	30	Initialism of radar warning receiver
KUE	25	The name of the Latin script letter Q/q. Alternative form of cue.
XLI	38	being one more than forty
SAR	25	Acronym of search and rescue.
ORSE	40	otherwise.
ECH	32	Initialism of epichlorohydrin.
TITS	40	plural of tit
WHORE	5	compromise oneself for money or other gains
RAB	40	An island off the Croatian coast in the Adriatic Sea.
USG	30	Initialism of ultrasonography.
OBIS	40	plural of obi
CLI	38	a user interface in which you type commands instead of choosing them from a menu or selecting an icon
DEMY	20	A printing paper size, 17½ inches by 22½ inches.
EBW	30	Initialism of exploding-bridgewire detonator.
DACHAS	34	plural of dacha
XLII	38	being two more than forty
SHERDS	25	plural of sherd
INNES	40	plural of inne
SLUMMER	39	An inhabitant of a slum.
BLENCH	42	turn pale, as if in fear
BUTTCHUG	40	Alternative form of butt chug.
ENNS	40	A river in Austria, a southern tributary of the Danube.
ULF	25	Initialism of Ultra Low Frequency, the band of radio waves between 300 hertz and 3000 hertz.
DUDDY	30	A surname.
EDOM	40	The name given to Esau in the Hebrew Bible.
WIFEDOM	39	The condition of marriage for a woman.
ELKINS	35	A surname.
CPT	30	Initialism of charge, parity, time-reversal (in the phrase CPT symmetry).
IUP	15	Initialism of Indiana University of Pennsylvania.
DCL	38	Initialism of Doctor of Civil Law.
ROPILY	38	In a ropy manner.
GASMAN	30	a man employed by a gas company
LADYS	20	plural of lady
REET	35	right
IXIA	5	Any of the genus Ixia of cormous plants native to South Africa.
DEIS	35	Obsolete form of dais.
OME	35	The totality of a certain type of biological entity in an organism etc., e.g. the genome or proteome.
CLINTS	29	plural of clint
EYRA	35	long-bodied long-tailed tropical American wildcat
KERB	40	an edge between a sidewalk and a roadway consisting of a line of curbstones (usually forming part of a gutter)
DICT	40	A dictionary network protocol.
RESP	38	Acronym of registered education savings plan, an investment vehicle allowing caregivers to save for their children's post-secondary education, offering subsidies and potential tax advantages.
MGA	25	Abbreviation of megestrol acetate.
ALEAK	20	leaking
KIS	35	plural of ki
UNMEET	25	Not meet or proper.
MANBOOBS	10	plural of manboob
AGIO	40	a fee charged for exchanging currencies
IDC	40	Initialism of I don't care.
ANR	20	Initialism of audio news release.
LMNO	5	Initialism of laughing my nuts off; used to indicate great amusement.
ESR	5	microwave spectroscopy in which there is resonant absorption of radiation by a paramagnet
SHOTA	25	A male given name of Georgian origin.
EMEU	20	Obsolete spelling of emu.
HOMOGENISE	20	cause to become equal or homogeneous as by mixing
EASTINDIAN	10	of or relating to or located in the East Indies
ICC	30	Initialism of International Criminal Court.
CLV	38	being five more than one hundred fifty
RANGA	20	An orange-haired or red-haired person.
ATTRIT	40	To wear down through attrition, especially mechanical attrition.
REINDUCE	39	To induce again or anew.
RHONA	39	A female given name of Scottish origin.
LSC	15	Initialism of Local Supercluster.
MDI	38	Initialism of medium-dependent interface.
CDI	38	Initialism of capacitor discharge ignition.
ESD	35	Initialism of electrostatic discharge; static electricity.
EHF	30	30 to 300 gigahertz
GCA	30	Initialism of greatest common ancestor.
NAGA	35	Kamarupan languages spoken in northeastern India and western Burma
HUSHEDLY	39	In a hushed way; quietly, softly.
GAMA	40	Synonym of gama grass.
KOY	10	A surname.
FORTEAN	40	A follower or admirer of Charles Fort.
LCM	40	the smallest multiple that is exactly divisible by every member of a set of numbers
TUH	30	A derisive interjection, onomatopoetic of spitting
DOATS	15	third-person singular simple present indicative of doat
AYRE	40	A sheading in the north of the Isle of Man.
SED	30	A noninteractive text editor (originally developed in Unix), intended for making systematic edits in an automatic or batch-oriented way.
UKELELE	5	Alternative spelling of ukulele.
DLV	38	Abbreviation of delavirdine.
WOMENS	35	Alternative form of women (“plural of woman”).
ANOPIA	37	sightlessness (especially because of a structural defect in or the absence of an eye)
HITLER	1	German Nazi dictator during World War II (1889-1945)
DURNED	30	Darned.
FEMINAZIS	40	plural of feminazi
SSD	35	Initialism of solid-state drive.
HSS	30	Initialism of high speed steel.
TANA	30	Nickname for Antananarivo: the capital and largest city of Madagascar.
SATB	5	Initialism of soprano, alto, tenor, bass.
ABD	35	Initialism of all but dissertation.
SEXTANS	39	A dim spring constellation of the northern sky, said to resemble a sextant. It lies south of the constellation of Leo.
APPTD	40	Abbreviation of appointed.
ALTHEAS	38	plural of althea
ZEL	10	Alternative form of zill.
ZIZ	40	Alternative form of zizz.
ACIDIFIED	40	simple past and past participle of acidify
ACIDIFIES	40	third-person singular simple present indicative of acidify
ACIDIFY	40	turn acidic
ACIDIFYING	40	present participle and gerund of acidify
AFREET	40	Alternative spelling of ifrit.
AFREETS	40	plural of afreet
AGGLUTININ	40	an antibody that causes agglutination of a specific antigen
ALATED	25	(of seeds or insects) having winglike extensions
ALLIUM	30	Any of many bulbous plants of the genus Allium, including onions and garlic.
ALMAATA	40	the largest city in Kazakhstan and the capital until 1998
ALTERN	20	Acting by turns; alternate.
AMOEBAN	40	pertaining to or resembling amoebae
AMPUL	30	a small bottle that contains a drug (especially a sealed sterile container for injection by needle)
AMPULLA	35	a flask that has two handles; used by Romans for wines or oils
AMPULS	30	plural of ampul
ANGLOINDIAN	40	relating to British India or the English in India
ANUSES	40	plural of anus
APNEIC	30	of or relating to apnea
ASSAGAI	35	the slender spear of the Bantu-speaking people of Africa
ASSASSINATOR	40	An assassin.
BARDED	30	Accoutered with defensive armor
BENZINE	30	a colorless liquid hydrocarbon; highly flammable; carcinogenic; the simplest of the aromatic compounds
BERTHAS	40	plural of bertha
BINNACLE	35	a nonmagnetic housing for a ship's compass (usually in front of the helm)
BINNACLES	35	plural of binnacle
BOLIDE	30	an especially luminous meteor (sometimes exploding)
BOLIDES	30	plural of bolide
BORSCH	40	a Russian or Polish soup usually containing beet juice as a foundation
BRAINCHILDREN	40	plural of brainchild
BUCKLEYS	30	plural of Buckley
BUGGER	1	practice anal sex upon
BUGGERED	1	Broken; not properly functioning.
BUGGERING	1	present participle and gerund of bugger
BUGGERS	1	plural of bugger
BUNYIP	30	A mythical Australian monster, said to inhabit swamps and lagoons.
BYRE	25	a barn for cows
CANCEROUS	20	like a cancer; an evil that grows and spreads
CANCERS	30	plural of cancer
CANNIBALISE	30	use parts of something to repair something else
CANNIBALISED	30	simple past and past participle of cannibalise
CANNIBALISES	30	third-person singular simple present indicative of cannibalise
CANNIBALISING	30	present participle and gerund of cannibalise
CARRYTHECAN	40	accept the unpleasant consequences of one's actions
CENOBITICAL	40	of or relating to or befitting cenobites or their practices of communal living
CERVICES	20	plural of cervix
CHEMISORPTION	32	adsorption (especially when irreversible) by means of chemical instead of physical forces
CHINESEPUZZLE	30	intricate or ingenious puzzle consisting of boxes within boxes
CHINKAPIN	20	small nut of either of two small chestnut trees of the southern United States; resembles a hazelnut
CHINKED	0	having narrow opening filled
CHINKING	0	The material used to fill the spaces between logs in a log house; caulking.
CHIRKS	42	third-person singular simple present indicative of chirk
CHUNDER	30	Vomit.
CHUNDERED	30	simple past and past participle of chunder
CHUNDERING	30	present participle and gerund of chunder
CHUNDERS	30	third-person singular simple present indicative of chunder
CLASTIC	35	capable of being taken apart
CLITORISES	30	plural of clitoris
COCKSCOMBS	40	plural of cockscomb
COSTERMONGER	41	a hawker of fruit and vegetables from a barrow
COSTERMONGERS	40	plural of costermonger
DICKHEADS	20	plural of dickhead
DIPHTHERIA	40	A serious infectious disease leading to inflammation of mucous membranes of the upper respiratory tract, caused by Corynebacterium diphtheriae.
DISINCLINES	40	third-person singular simple present indicative of disincline
DOONA	20	A padded blanket used as a cover in bed; a duvet.
EAVESTROUGH	40	A trough under the eaves of a building for draining water from the roof; gutter.
EAVESTROUGHS	40	plural of eavestrough
ECHINUS	40	ovolo molding between the shaft and the abacus of a Doric column
ECTOPICPREGNANCY	42	pregnancy resulting from gestation elsewhere than in the uterus
ELYTRON	25	A sheath or outer covering, especially around the spinal cord or over the hindwings of certain insects.
EXTIRPATE	37	surgically remove (an organ)
EXTIRPATES	37	third-person singular simple present indicative of extirpate
EXTIRPATING	37	present participle and gerund of extirpate
EYAS	2	an unfledged or nestling hawk
FAGEND	5	the frayed end of a length of cloth or rope
FINGERLING	40	a young or small fish
FLEXURE	40	an angular or rounded shape made by folding
FLEXURES	40	plural of flexure
GCSE	30	the basic level of a subject taken in school
GCSES	30	plural of GCSE
GENITALS	20	external sex organ
GRECIZED	40	simple past and past participle of Grecize
GRECIZES	40	third-person singular simple present indicative of grecize
GYBE	40	shift from one side of the ship to the other
HESITATOR	40	one who hesitates (usually out of fear)
HITLERIAN	10	of or relating to or suggestive of Adolf Hitler or his Nazi regime in Germany
HUSSIES	30	plural of hussy
INCUDES	40	plural of incus
INTERURBAN	40	Of, pertaining to, involving or joining two or more urban centres.
ISCHIUM	30	one of the three sections of the hipbone; situated below the ilium
ISOSTASY	21	(geology) a general equilibrium of the forces tending to elevate or depress the earth's crust
JAPANNED	30	simple past and past participle of japan
JAPONICA	40	deciduous thorny shrub native to Japan having red blossoms
JEWFISH	38	large dark grouper with a thick head and rough scales
JEWFISHES	38	plural of jewfish
KIANG	40	wild ass of Tibet and Mongolia
KILEY	40	an Australian boomerang; one side flat and the other convex
KRILLS	40	plural of krill
KWACHA	44	the basic unit of money in Malawi
LABIUM	35	a liplike structure that bounds a bodily orifice (especially any of the four labiate folds of a woman's vulva)
LICTORS	44	plural of lictor
MARGINALIZATIONS	40	plural of marginalization
MILLIONAIRESS	35	a woman millionaire
MUJAHEDDIN	30	Alternative form of mujahideen.
NATIVEAMERICAN	40	of or pertaining to Native Americans or their culture or languages
NEGOTIATRIX	20	a woman negotiator
NICTITATING	35	winking, blinking
NIGGARDLINESS	5	extreme stinginess
NIGGARDS	5	plural of niggard
NITRILE	30	any of a class of organic compounds containing the cyano radical -CN
NOBBLING	39	present participle and gerund of nobble
NOUMENA	40	plural of noumenon
NOUMENON	41	the intellectual conception of a thing as it is in itself, not as it is known through perception
ODONATA	30	dragonflies and damselflies
ORPINE	25	perennial northern temperate plant with toothed leaves and heads of small purplish-white flowers
ORPINES	25	plural of orpine
OUTGASSED	30	simple past and past participle of outgas
OUTGASSES	30	third-person singular simple present indicative of outgas
OUTGASSING	30	The slow release of gas from a solid or liquid; especially, the release of gases into the atmosphere of a planet, or the release of gases from plastic parts.
PAPRIKAS	42	plural of paprika
PAUPERIZATION	42	the act of making someone poor
PAUPERIZE	42	reduce to beggary
PAUPERIZED	42	simple past and past participle of pauperize
PAUPERIZES	42	third-person singular simple present indicative of pauperize
PAUPERIZING	42	present participle and gerund of pauperize
PEDOPHILIA	1	a sexual attraction to children
PENISES	40	plural of penis
PERSONALTY	40	movable property (as distinguished from real estate)
PISSHEADS	29	plural of pisshead
PISSOIR	20	A public urinal typically found in European, especially French, streets.
PISSOIRS	20	plural of pissoir
PISSPOT	30	A portable container used for urination, especially in hospitals or in the absence of indoor plumbing; a chamber pot.
PISSPOTS	30	plural of pisspot
PISSTAKE	40	Alternative form of piss-take.
PISSTAKES	40	plural of pisstake
PLICAE	19	plural of plica
PRECANCEROUS	30	of or relating to a growth that is not malignant but is likely to become so if not treated
PROSPECTUSES	40	plural of prospectus
PROSTITUTE	1	sell one's body; exchange sex for money
PROSTITUTED	1	simple past and past participle of prostitute
PROSTITUTES	1	plural of prostitute
PROSTITUTING	1	present participle and gerund of prostitute
PROSTITUTION	1	offering sexual intercourse for pay
PUKE	30	eject the contents of the stomach through the mouth
PUKED	30	simple past and past participle of puke
PUKING	35	the reflex act of ejecting the contents of the stomach through the mouth
RAPED	0	having been robbed and destroyed by force and violence
RAPES	0	plural of rape
RAPESEED	40	seed of rape plants; source of an edible oil
RAPING	0	present participle and gerund of rape
RAPIST	0	someone who forces another to have sexual intercourse
RAPISTS	0	plural of rapist
REWAREWA	15	slender elegant tree of New Zealand having racemes of red flowers and yielding valuable mottled red timber
RORT	40	A scam or fraud, especially involving the misappropriation of public money or resources.
RORTS	40	plural of rort
ROUNDEL	35	(heraldry) a charge in the shape of a filled circle
ROUNDELS	35	plural of roundel
SADDHU	20	(Hinduism) an ascetic holy man
SASHIMIS	40	plural of sashimi
SCENARISTS	40	plural of scenarist
SCHEMATISING	40	present participle and gerund of schematise
SELVEDGES	42	plural of selvedge
SEPULTURE	20	a chamber that is used as a grave
SHEBEEN	37	unlicensed drinking establishment
SHEBEENS	37	plural of shebeen
SHONKY	40	Of poor or dubious quality, shoddy, unreliable; deviously dishonest, fraudulent.
SLUTS	30	plural of slut
SOCAGE	30	land tenure by agricultural service or payment of rent; not burdened with military service
TAKA	25	the basic unit of money in Bangladesh; equal to 100 paisa
TELECON	41	Clipping of teleconference.
THERMIONICVALVE	30	electronic device consisting of a system of electrodes arranged in an evacuated glass or metal envelope
THERMIONICS	40	the branch of electronics dealing with thermionic phenomena (especially thermionic vacuum tubes)
TRANNIES	0	plural of tranny
TRANSUDE	20	release (a liquid) in drops or small quantities
TUPI	35	the language spoken by the Tupi of Brazil and Paraguay
VAGINALLY	30	Via the vagina, as (usually, more specifically) by the vaginal route of administration.
VOMITING	30	the reflex act of ejecting the contents of the stomach through the mouth
VOMITS	30	plural of vomit
WHINGE	40	To whine; to complain, especially in an annoying or persistent manner.
WHINGED	40	simple past and past participle of whing
WHINGER	40	One who whinges.
WHINGERS	40	plural of whinger
WHINGES	40	plural of whinge
WHINGING	40	present participle and gerund of whing
WHORES	5	plural of whore
WILDCATTER	40	an oilman who drills exploratory wells in territory not known to be an oil field
WINIER	40	comparative form of winy: more winy
WOOMERA	30	A traditional spearthrower, consisting of a stick with a hooked end, used by First Nations Australians.
ZIZZ	30	a nap
ABEND	20	The abnormal termination of a program.
ABUBBLE	37	In a state of excitement, agitated activity, or motion.
ACOG	20	Acronym of American College of Obstetricians and Gynecologists.
AEAEA	25	The mythical island said to be the home of the sorceress Circe.
AFARS	5	plural of Afar
AGENA	2	Synonym of Hadar (“the star Beta Centauri”).
AGIOS	10	plural of agio
AIRDATES	40	plural of airdate
AIRTIMES	40	plural of airtime
AITS	30	plural of ait
AKENE	20	Alternative spelling of achene.
ALBEES	25	plural of Albee
ALONELY	20	Exclusive; sole; only.
AMICE	36	A hood, or cape with a hood, made of or lined with grey fur, formerly worn by the clergy.
AMICES	35	plural of amice
ANDYS	10	plural of Andy
ANSONIA	40	A community in the municipality of Huron Shores, Algoma District, Ontario, Canada.
APRILS	40	plural of April
ARAD	10	A nomadic herder.
ARRAN	35	Ellipsis of Isle of Arran, Scotland.
ARTELS	40	plural of artel
ARTIS	35	plural of arti
ASES	35	plural of as
ASOAK	25	soaking
ATHENE	40	a genus of Strigidae containing the spotted owlet, little owl, forest owlet, and burrowing owl (Athene)
ATUS	30	plural of ATU
AWAG	40	Wagging.
BCCI	20	Initialism of Board of Control for Cricket in India.
BEIT	40	A surname.
BIGS	39	plural of BIG
BOOBOISIE	35	class consisting of all those who are considered boobs
BOURG	20	Obsolete form of burgh.
BRENTS	29	plural of brent
BRETTS	28	plural of brett
BURLAPS	20	plural of burlap
CAHOOT	25	collusion
CATV	35	Initialism of cable television.
CEDI	30	the basic unit of money in Ghana
CERVINE	40	relating to or resembling deer
CHEMIC	30	relating to or used in chemistry
CHIPPEWA	0	the Algonquian language spoken by the Ojibwa
CHOATE	40	Complete, fully formed.
CITS	40	plural of cit
CLXV	38	being five more than one hundred sixty
CLXXV	38	being five more than one hundred seventy
COCKBRAINED	40	Foolish; lacking in common sense and good judgement.
COCKSCOMB	40	the fleshy red crest on the head of the domestic fowl and other gallinaceous birds
COPAL	35	a brittle aromatic resin used in varnishes
CRAPEHANGER	40	A pessimist or doomsayer.
CROUSE	39	United States playwright (1893-1966)
DADOS	35	plural of dado
DAWSONS	40	plural of Dawson
DEMONESS	40	A female demon.
DIST	30	Abbreviation of distribution.
DRAGOMAN	42	An interpreter, especially for the Arabic and Turkish languages.
DRIN	15	The longest river in Albania, flowing about 190 km across the north of the country from the confluence of the rivers Black Drin and White Drin near Kukës, west through the Fierza Reservoir then south through Lake Koman to the town of Vau i Dejës; it then splits into the Large Drin which flows into the river Buna at the Rozafa Castle near Shkodër and the Small Drin which flows into the Gulf of Drin southwest of Lezhë.
DUMDUMBULLET	44	a soft-nosed small-arms bullet that expands when it hits a target and causes a gaping wound
EDDO	25	edible starchy tuberous root of taro plants
EDIN	15	University of Edinburgh, used especially following post-nominal letters indicating status as a graduate.
EENT	35	Initialism of eyes, ears, nose and throat.
EHLERS	35	plural of Ehler
ELEMS	30	plural of Elem
ENKE	30	A surname.
ESTHONIA	10	a republic in northeastern Europe on the Baltic Sea, with capital Tallinn
ETAH	35	A city and district of Aligarh division, Uttar Pradesh, India.
ETAMINE	36	a soft cotton or worsted fabric with an open mesh; used for curtains or clothing etc.
ETHNOS	30	people of the same race or nationality who share a distinctive culture
EVOE	15	Alternative form of euoi (“Bacchic cry”).
EXPELLEE	40	One who is expelled.
EYRAS	35	plural of eyra
FANNIEFARMER	40	an expert on cooking whose cookbook has undergone many editions (1857-1915)
FIBRO	40	Fibro-cement; a building material consisting of asbestos fibres and cement pressed into sheets.
FONTANA	40	A surname from the Romance languages.
FRISCH	42	Austrian zoologist noted for his studies of honeybees (1886-1982)
GAINER	40	a person who gains (gains an advantage or gains profits)
GAINERS	40	plural of gainer
GARDA	40	Alternative letter-case form of Garda.
GARYS	10	plural of Gary
GORHAM	40	A surname.
GOVS	40	plural of gov
GOVTS	20	plural of govt
GRECIZE	40	To render Grecian, or cause (a word or phrase in another language) to take a Greek form; to Grecianize; to Hellenize.
GSTAAD	20	A town and ski resort in Bern canton, Switzerland.
HAGGE	40	A surname.
HANSE	40	A merchant guild, particularly the Fellowship of London Merchants (the "Old Hanse") given a monopoly on London's foreign trade by the Normans or its successor, the Company of Merchant Adventurers (the "New Hanse"), incorporated in 1497 and chartered under Henry VII and Elizabeth I.
HBAR	10	Alternative form of h bar.
HELLS	40	plural of hell
HEMPS	5	plural of hemp
HENRYS	10	plural of henry
HEYERDAHL	40	Norwegian anthropologist noted for his studies of cultural diffusion (1914-2002)
HISN	20	His.
IDOLA	25	plural of idolon
INCOG	30	Incognito.
INDIANAGENT	5	a representative of the federal government to American Indian tribes (especially on Indian reservations)
IOOF	35	Initialism of Independent Order of Odd Fellows.
ISLAMITE	40	A Muslim.
JAPANESEROSE	30	vigorously growing rose having clusters of numerous small flowers; used for hedges and as grafting stock
JAPANS	30	third-person singular simple present indicative of japan
JAPANWAX	30	a yellow wax obtained from sumac berries; used in polishes
JOLO	15	An island of the Philippines.
KCAL	40	Abbreviation of kilocalorie.
KERF	35	The act of cutting or carving something; a stroke or slice.
KINDERGARTENERS	40	plural of kindergartener
KRAAL	5	a pen for livestock in southern Africa
KRAITS	44	plural of krait
LARDNER	35	United States humorist and writer of satirical short stories (1885-1933)
LINAC	40	ions are accelerated along a linear path by voltage differences on electrodes along the path
LITTLER	41	small or little relative to something else
LITTLES	41	plural of little
LXIII	38	being three more than sixty
LXIV	38	being four more than sixty
LXVI	38	being six more than sixty
LXVII	38	being seven more than sixty
LYELL	24	A surname.
MALM	20	A soft, crumbly, chalky, grayish limestone.
MASSIFS	40	plural of massif
MEETER	40	a person who is present and participates in a meeting
MEETERS	40	plural of meeter
MENISCI	40	plural of meniscus
MENT	39	simple past and past participle of meng
MICR	25	Initialism of magnetic ink character recognition.
MULT	20	Abbreviation of multiply.
NAGURSKI	35	A surname.
NAPTIMES	43	plural of naptime
NARA	35	Alternative form of naras.
NESSES	40	plural of ness
NFLD	25	Abbreviation of Newfoundland and Labrador: a province of Canada.
NIGGARD	5	a selfish person who is unwilling to give or spend
NINCOM	25	A fool; a nincompoop.
NYAYA	25	One of the six orthodox or astika schools of Hindu philosophy — specifically the school of logic.
ODELET	40	A little or short ode.
OMBER	30	Alternative spelling of ombre.
ORAD	10	toward the mouth or oral region
OREGANOS	40	plural of oregano
ORLE	35	A bordure that runs around the outline of a shield without touching the edge.
OSEE	5	Synonym of Hosea (“Biblical prophet”).
OUTGAS	35	To release (gaseous substances) into the air, especially of a polymer material as it is aged or heated.
OXALIC	40	of or derived from oxalic acid
PALEFACE	10	(slang) a derogatory term for a white person (supposedly used by North American Indians)
PALI	30	A Middle Indo-Aryan language of north India, closely related to Sanskrit; the sacred language of Theravāda Buddhism.
PARSIISM	40	the faith of a Zoroastrian sect in India
PELFS	25	plural of pelf
PEWTERS	25	plural of pewter
PIERSALL	44	A surname.
PLATS	25	plural of plat
PONIARD	35	stab with a poniard
PONIARDS	35	plural of poniard
PRECOOLS	42	third-person singular simple present indicative of precool
PROA	20	A sailing vessel found in the waters of Micronesia and Indonesia; it has a single, large outrigger and a triangular sail.
RAPE	0	the crime of forcing a person to submit to sexual intercourse against his or her will
REIT	35	sedge; seaweed
RHETOR	35	A rhetorician.
RINGLARDNER	22	United States humorist and writer of satirical short stories (1885-1933)
SARK	35	One of the Channel Islands; notable inter alia for its local government containing one of the last vestiges of feudalism in Europe.
SCAPA	30	Ellipsis of Scapa Flow.
SCARNE	40	A surname.
SCENARIST	40	a writer of screenplays
SCENDS	42	plural of scend
SEATROUT	35	silvery marine variety of brown trout that migrates to fresh water to spawn
SEGALS	40	plural of Segal
SERAGLIO	40	living quarters reserved for wives and concubines and female relatives in a Muslim household
SERAGLIOS	40	plural of seraglio
SETT	30	rectangular paving stone with curved top; once used to make roads
SHANG	42	the imperial dynasty ruling China from about the 18th to the 12th centuries BC
SHERD	25	a broken piece of a brittle artifact
SHERMANS	40	plural of Sherman
SLOVEN	10	a coarse obnoxious person
SLOVENS	10	plural of sloven
SMTP	30	Initialism of Simple Mail Transfer Protocol, a de-facto standard for email transmission.
STAEL	29	French romantic writer (1766-1817)
STIRPS	37	A branch of a family.
STROPHES	40	plural of strophe
STRYKER	42	Alternative spelling of Stryker (emergency stretcher).
SUCHOW	31	Alternative form of Suzhou, Jiangsu.
TALA	30	the basic unit of money in Western Samoa
TCHR	10	Abbreviation of teacher.
TESTATRIX	10	a female testator
TESTINGS	44	plural of testing
THATCHERS	40	plural of thatcher
THERMS	34	plural of therm
TRANNIE	0	Alternative spelling of tranny (“mechanical transmission”).
TRANNY	0	A transgender person, especially a trans woman, or (especially historically) anyone who cross-dresses, especially MTF: a transvestite, drag queen, transgender person, etc.
TRANSKEI	40	A bantustan and nominal parliamentary democracy (capital Umtata) in southeastern South Africa.
TSADE	40	The eighteenth letter of many Semitic alphabets/abjads (Phoenician, Aramaic, Hebrew, Syriac, Arabic and others).
TSADI	25	Alternative form of tsade.
TUFA	10	hard volcanic rock composed of compacted volcanic ash
TUKTUK	35	Alternative spelling of tuk-tuk.
TULA	15	A city in Hidalgo, Mexico, near the remains of the Toltec city Tollan.
UELE	20	A river in the Democratic Republic of the Congo.
UNIAT	36	a member of the Uniat Church
UNIATS	36	plural of Uniat
UNWET	30	Not wet.
UREDO	25	urediniospore
VIDIOT	40	A passive, undiscriminating consumer of video media.
WINELOVER	35	a connoisseur of fine wines; a grape nut
WINIEST	40	superlative form of winy: most winy
WINY	40	having the taste of wine
WYSIWYG	40	Acronym of what you see is what you get.
XLIII	38	being three more than forty
XLVI	38	being six more than forty
XVII	38	being one more than sixteen
XXXI	38	being one more than thirty
YOGH	40	A letter of the Middle English alphabet (capital Ȝ, small ȝ), in form derived from the Old English shape of the letter g, and used to represent various palatal and velar sounds.
ZOOKS	40	Synonym of gadzooks.
GOATSE	30	A notorious shock image of a man displaying his unnaturally dilated anus.
LADYBOY	1	A trans woman or transfeminine person in or from Asia, especially Thailand.
LADYBOYS	1	plural of ladyboy
HATEFUCKING	40	present participle and gerund of hatefuck
FEMINAZI	40	Relating to a radical or militant feminist who is intolerant of opposing views, or a female chauvinist.
COCKBLOCK	40	To make or attempt to make another's intended goal of romantic relationship or sexual intercourse impossible.
COCKBLOCKS	40	plural of cockblock
COCKBLOCKED	40	simple past and past participle of cockblock
COCKTEASE	1	Alternative form of cock tease.
COCKTEASERS	1	plural of cockteaser
COCKTEASER	1	Synonym of cock tease (“one who teases with a promise of sexual intercourse”).
COCKTEASING	1	present participle and gerund of cocktease
BUGGERALL	1	little or nothing at all
PEDOBEAR	10	A cartoon bear portrayed as pedophilic, typically featured in darkly humorous image macros.
BUGGEROFF	10	leave immediately; used usually in the imperative form
TGIRL	30	Alternative form of t-girl.
TGIRLS	30	plural of tgirl
HATEFUCK	40	Alternative form of hate fuck.
SIDEBOOB	10	A breast exposed from the side
UNDERBOOB	10	The lower part of a woman's breast, especially when uncovered or revealed by clothing.
MANBOOB	10	Alternative spelling of man boob.
GSUSA	35	Initialism of Girl Scouts of the United States of America.
CANKLE	30	An obese or otherwise swollen ankle that blends into the calf without clear demarcation.
CLUESTICK	30	Alternative form of clue stick.
ROSOLIO	30	Any of several sweet liqueurs containing fruit extract.
FUCKFACE	10	An ugly or otherwise undesirable or annoying person.
NIGGARDLY	5	petty or reluctant in giving or spending
JAPANNING	30	A European technique of creating lacquerware in imitation of the traditional Japanese style.
HASLET	40	The internal organs of an animal, especially the heart and liver of a pig.
GENITAL	40	of or relating to the external sex organs
QUEBECOISES	40	plural of Quebecoise
SHRAPNELS	40	plural of shrapnel
COCKRING	20	Alternative form of cock ring.
COCKRINGS	20	plural of cockring
GALVANIC	40	affected by emotion as if by electricity; thrilling
CERVIXES	30	plural of cervix
GENITALIA	20	external sex organ
ANARCHICALLY	40	in a lawless rebellious manner
MICROPENIS	20	an abnormally small penis
MICROPENISES	20	plural of micropenis
KLANSMAN	1	a member of the Ku Klux Klan
KLANSMEN	1	plural of klansman
KLANSWOMAN	1	A female member of the Ku Klux Klan.
KLANSWOMEN	1	plural of Klanswoman
CLANSWOMAN	30	a female member of a clan
CLANSWOMEN	30	plural of clanswoman
KENAF	20	valuable fiber plant of East Indies now widespread in cultivation
MAYONNAISES	40	plural of mayonnaise
BROSTEP	40	A harsher-sounding form of dubstep music, influenced by house music and heavy metal.
MOLLYS	30	plural of molly (“a mollemoke”)
RECTUMS	35	plural of rectum
PEDOPHILE	1	an adult who is sexually attracted to children
PEDOPHILES	1	plural of pedophile
POOFTER	30	A male homosexual, especially an effeminate one.
POOFTERS	30	plural of poofter
BLAG	40	An armed robbery or robbery involving violence; also, theft.
ASPHYXY	40	asphyxiation, typically resulting in death; asphyxia
PRECOOLED	42	cooled in advance
COLOREDS	40	plural of colored
BEGAY	10	To make cheerful or merry.
BELOVE	30	simple past of belive
BISE	10	a dry cold north wind in southeastern France
BLAE	10	of bluish-black or grey-blue
BOMA	30	An enclosure usually made of thorn bushes, and latterly of steel fencing, for protection from marauders.
BOTA	10	a wine bottle made of leather
BSSR	36	Initialism of Byelorussian Soviet Socialist Republic.
CEUTA	30	An autonomous city of Spain and exclave at the edge of Morocco.
CLAST	35	(geology) a constituent fragment of a clastic rock
CLAUD	40	A male given name from Latin.
CLOS	39	Acronym of common Lisp object system.
CRAS	30	plural of CRA
CXLV	38	being five more than one hundred forty
CYNDY	40	A diminutive of the female given name Cynthia.
DAST	35	third-person singular simple present indicative of dare; dares.
DBAS	35	plural of dba
DEBA	5	Alternative form of debaa.
DEROSE	25	A surname.
DEST	30	Clipping of destination.
DOAT	15	Obsolete spelling of dote.
EASLEY	40	A surname.
EEEW	33	Alternative spelling of ew.
ELFE	24	Obsolete spelling of elf.
ENDA	2	Contraction of end + of.
ENTIA	20	plural of ens
ERTL	10	A surname.
ESOPUS	40	A tribe of Lenape (Delaware) Native Americans who were native to the Catskill Mountains of what is now the Hudson Valley.
ETTLE	40	To propose, intend.
EUAN	15	A male given name from Scottish Gaelic.
EUER	15	Early Modern spelling of ever.
EUGE	15	applause
EURY	15	A surname.
EVALS	25	plural of eval
EXPELLEES	40	plural of expellee
EXPT	35	Abbreviation of export.
EYOT	20	A little island, especially in a river or lake.
FARS	40	plural of far
FENT	15	A slit or crack.
GOATSMILK	40	the milk of a goat
GOBO	40	A screen (often in disc form) placed between a light and an illuminated actor or object in order to diffuse the glare.
HADAN	20	A surname.
HALLOWEENS	40	plural of Halloween
HANSES	40	plural of Hanse
HENDON	10	A suburban area in the borough of Barnet, Greater London, England (OS grid ref TQ2288).
HESSES	25	plural of Hess
HOMEROOMS	25	plural of homeroom
ICLE	25	Initialism of Institute for Continuing Legal Education.
IDITOL	35	The sugar alcohol (2R,3S,4S,5R)-hexane-1,2,3,4,5,6-hexol
IHRA	20	Initialism of International Hot Rod Association.
INAR	5	Alternative form of Inara (“Hittite goddess”).
INARI	10	The god of harvests, fertility, rice, agriculture, foxes, industry, and worldly success.
INIA	20	plural of inion
INULIN	43	used to manufacture fructose and in assessing kidney function
IRTYSH	20	A major river in Siberia, Russia and Kazakhstan.
ISCHIAL	30	Pertaining to the ischium.
ISSACHAR	40	(Old Testament) a son of Jacob and a forebear of one of the tribes of Israel
ISSAS	5	plural of Issa
JAIPUR	40	The state capital of Rajasthan, India.
JIMMYS	10	plural of Jimmy
JOTUNHEIM	43	A realm in Nordic mythology inhabited by the jötnar.
KLUX	1	Ellipsis of Ku Klux Klan.
LIPOID	40	Of pertaining to fat.
LVIII	38	being eight more than fifty
LXXI	38	being one more than seventy
MIRZA	40	a title of respect placed before the surname of an official, scholar, or other distinguished man.
MITY	40	Alternative spelling of mitey (“infested with mites”).
MMCD	38	Initialism of multimedia compact disc, a proposed storage medium eventually superseded by DVD.
MOFF	2	A thin silk material made in the Caucasus.
NAND	35	Alternative letter-case form of NAND.
NEAGLE	20	A surname.
OCHRO	25	Obsolete spelling of okra.
OHIM	20	Acronym of Office for Harmonization in the Internal Market.
OHIRA	15	A surname from Japanese.
OHIS	20	plural of Ohi
ONIA	15	plural of onium
ONORE	10	Former name of Honnavar (“Indian town”).
PARISITE	20	A rare mineral consisting of cerium, lanthanum and calcium fluorocarbonate.
PARSONISH	40	Like, or befitting, a parson, especially pious or conservative.
PEAY	40	A surname.
PEDA	25	A sweet made from khoa, sugar, and various flavourings.
PEIN	35	Alternative form of peen.
PRETA	40	A hungry ghost (a supernatural being in Buddhist folklore, the spirit of a greedy person whose divine retribution is never to be sated)
PSIA	30	Initialism of pounds per square inch absolute (an imperial unit of absolute, not relative, pressure; meaning total resultant pressure, including atmospheric or other ambient pressure).
RADIOSONDES	43	plural of radiosonde
REMEETS	35	third-person singular simple present indicative of remeet
RENNE	20	A surname.
ROKA	35	Initialism of Republic of Korea Army.
SABAH	40	A state in eastern Malaysia located at the Northern part of the Borneo island with the main city Kota Kinabalu as its capital.
SAIC	20	Initialism of Science Applications International Corporation, a defense contractor, one of the largest employee-owned companies in the USA.
SAPH	20	The Ford Sierra Sapphire automobile, a four-door saloon version of the Ford Sierra and the Ford Sierra RS Cosworth.
SARC	5	Clipping of sarcasm.
SAVA	25	A river in southern Europe, a right side tributary of the Danube at Belgrade.
SDSL	35	symmetric digital subscriber line
SECOR	34	An interval of 116.7 cents.
SEKOS	10	A sacred enclosure, sanctuary or cella in an ancient Greek temple.
SEOR	15	a Spanish title or form of address for a man; similar to the English ‘Mr’ or ‘sir’
SEYM	20	A river which flows for 748 kilometres (465 mi) through the Belgorod and Kursk Oblasts of Russia and Sumy and Chernihiv Oblasts of Ukraine.
SIRRA	35	Alternative spelling of sirrah.
SKAW	30	a cape on the northernmost tip of Jutland between the Skagerrak and the Kattegatt
SOAM	40	A chain by which a leading horse draws a plough.
SOHC	10	Acronym of Single Over Head Camshaft, the system of opening and closing both inlet and exhaust valves on four stroke internal combustion engines.
SOKOL	2	A surname.
SPICAE	29	plural of spica
SSMS	10	plural of SSM
STAM	25	To confound.
STOAI	15	plural of stoa
STOT	39	An inferior horse.
TANAGRA	25	A city in southeastern Viotia prefecture in Greece.
THORHEYERDAHL	40	Norwegian anthropologist noted for his studies of cultural diffusion (1914-2002)
TRAT	40	Alternative form of tratt (“a trattoria”).
TSAOS	25	plural of Tsao
TWIMC	25	Initialism of to whom it may concern.
UHFS	20	plural of UHF
UNIDO	40	Initialism of United Nations Industrial Development Organization.
URAEI	10	plural of uraeus
USAN	25	Initialism of United States Adopted Name: a unique nonproprietary name assigned to a medication (pharmaceutical drug) marketed in the United States.
WANA	15	Initialism of West Asia and North Africa.
WARWHOOP	40	a yell intended to rally a group of soldiers in battle
WASABIS	30	plural of wasabi
WEINSTEIN	40	An occupational or ornamental surname from German.
WIRRA	20	Exclamation of dismay.
XCII	38	being two more than ninety
XCIV	38	being four more than ninety
XVIII	38	being one more than seventeen
XXIII	38	being three more than twenty
XXVI	38	being six more than twenty
XYLO	25	Xylophone.
ZEBULUN	40	Tenth son of Jacob, by his wife Leah.
AKC	30	Initialism of American Kennel Club.
AMF	30	Acronym of attacking midfielder.
AOR	30	Initialism of address of record.
APL	20	Initialism of acute promyelocytic leukemia.
ARD	20	a simple light plough without a mouldboard.
ASN	20	Initialism of autonomous system number.
AUD	30	Alternative form of auld.
AYA	25	Alternative form of ayah.
BLE	30	Initialism of Bluetooth Low Energy.
CCV	38	Initialism of clathrin-coated vesicle.
CLX	38	being ten more than one hundred fifty
CMV	38	Initialism of cytomegalovirus.
CWT	30	a British unit of weight equivalent to 112 pounds
CXC	38	Initialism of Caribbean Examinations Council.
CXV	38	being five more than one hundred ten
CXX	38	being ten more than one hundred ten
DCV	38	Initialism of directional control valve.
ECA	20	Initialism of emission control area.
GOI	40	Alternative spelling of goy.
IES	30	plural of i, the name of the letter I.
IMY	35	Initialism of I miss you.
JIS	35	Initialism of Japanese Industrial Standards.
LXV	38	being five more than sixty
MCG	30	one millionth (1/1,000,000) gram
MCV	38	Acronym of mean corpuscular volume.
MDV	38	Initialism of Mars descent vehicle.
MDX	38	Initialism of MultiDimensional eXpressions.
MMX	38	Initialism of Matrix Math eXtensions, an extension to the x86 CPU instruction set architecture.
OGO	10	ogonori
QIS	25	plural of qi
SAK	40	Initialism of secure attention key (such as ctrl+alt+delete for Windows operating systems) (not in general use but used in topic-relevant online discussions).
TUV	35	Initialism of Traditional Unionist Voice.
XIV	38	being one more than thirteen
XLV	38	being five more than forty
XVI	38	being one more than fifteen
XXV	38	being five more than twenty
GTL	25	Initialism of Gunning transceiver logic.
HDD	40	Initialism of hard disk drive.
SFW	35	Initialism of safe for work; i.e., content containing neither graphic nor adult imagery, and thus suitable for public, formal or controlled environments, such as at work.
IWAN	35	A large, vaulted chamber with a monumental arched opening on one side.
BOOBAGE	10	Bosom; women's breasts.
HOMOLOGUE	30	Alternative spelling of homolog.
LBW	40	Initialism of low birth weight.
OAP	25	Initialism of orthogonal array processor.
QUEANS	40	plural of quean
BOATPERSON	35	A boatman or boatwoman.
HEROINADDICTION	40	an addiction to heroin
BOOBJOBS	10	plural of boobjob
II	38	Initialism of illegal immigrant.
VI	38	Initialism of verb intransitive or intransitive verb, often in dictionaries.
IX	38	Initialism of Internet exchange.
XI	38	The 14th letter of Classical and Modern Greek. The 15th in Ancient and Old Greek.
XXIV	38	being four more than twenty
XXVII	38	being seven more than twenty
XXVIII	38	being eight more than twenty
XXIX	38	being nine more than twenty
XXXII	38	being two more than thirty
XXXIII	38	being three more than thirty
XXXIV	38	being four more than thirty
XXXV	38	being five more than thirty
XXXVI	38	being six more than thirty
XXXVII	38	being seven more than thirty
XXXVIII	38	being eight more than thirty
XLVII	38	being seven more than forty
XLVIII	38	being eight more than forty
LV	38	A placename:
LX	38	Abbreviation of luxury.
LXVIII	38	being eight more than sixty
LXXIII	38	being three more than seventy
LXXIV	38	being four more than seventy
LXXV	38	being five more than seventy
LXXVII	38	being seven more than seventy
LXXVIII	38	being eight more than seventy
LXXXI	38	being one more than eighty
LXXXII	38	being two more than eighty
LXXXIII	38	being three more than eighty
LXXXIV	38	being four more than eighty
LXXXV	38	being five more than eighty
LXXXVI	38	being six more than eighty
LXXXVII	38	being seven more than eighty
LXXXVIII	38	being eight more than eighty
XC	38	Abbreviation of cross-country.
XCIII	38	being three more than ninety
XCVI	38	being six more than ninety
XCVII	38	being seven more than ninety
XCVIII	38	being eight more than ninety
CI	38	One of the Classical Chinese poetry forms
CV	38	Initialism of curriculum vitae.
CX	38	Abbreviation of (short haul) copper.
CXXV	38	being five more than one hundred twenty
CXXX	38	being ten more than one hundred twenty
CXXXV	38	being five more than one hundred thirty
CL	38	Initialism of light cruiser, a type of warship.
CLXX	38	being ten more than one hundred sixty
CLXXX	38	being ten more than one hundred seventy
DI	38	A meaningless syllable used when singing a tune or indicating a rhythm.
DV	38	Initialism of digital video.
DX	38	Abbreviation of diagnosis.
DL	38	Download; Alternative form of DL.
MV	38	Initialism of motor vessel.
MX	38	Initialism of Missile, Experimental (original project name of the LGM-118 Peacekeeper ICBM).
MC	38	Initialism of master of ceremonies.
MCX	38	Initialism of Muntinlupa-Cavite Expressway.
IKAT	40	Traditional Indonesian decorative technique in which warp or weft threads, or both, are tie-dyed before weaving.
ADOLFHITLER	1	German Nazi dictator during World War II (1889-1945)
NIGAM	40	A surname from Hindi.
KUAN	40	A surname from Chinese.
KYI	35	A surname.
UDIT	20	A male given name from Sanskrit used in India.
CNIDARIANS	42	plural of cnidarian
BEZ	40	The second tine of an antler's beam.
BEZES	38	plural of bez
CATHETERIZATIONS	33	plural of catheterization
CATHETERIZATION	35	the operation of introducing a catheter into the body
IZARDS	33	plural of izard
RHOTACIZE	35	To pronounce with an exaggerated 'R' sound (a rhotacism).
RHOTACIZED	33	simple past and past participle of rhotacize
RHOTACIZES	33	third-person singular simple present indicative of rhotacize
RHOTACIZING	33	present participle and gerund of rhotacize
SAZ	35	The baglama.
TEZ	30	Initialism of Total Exclusion Zone.
ZAD	35	Obsolete form of zed (“letter Z”).
ZENS	35	A surname from German.
ZEPPOLI	38	plural of zeppola
ZHO	35	Alternative spelling of dzo.
ZOSTERA	40	(or in some classifications family Zosteraceae) small genus of widely distributed marine plants
ZUZ	40	An ancient Hebrew silver coin, one quarter of a shekel.
SEBASTOPOL	40	a city in southern Ukraine on the Black Sea
SCHIZOIDAL	35	Synonym of schizoid.
SCLEROSING	25	present participle and gerund of sclerose
SCRIMSHANKS	43	third-person singular simple present indicative of scrimshank
SCRIMSHANKED	43	simple past and past participle of scrimshank
SCRIMSHANKING	43	present participle and gerund of scrimshank
EDITRIX	40	A female editor.
WOX	35	simple past of wax (“to become”)
PVCS	30	plural of PVC
VAMPIER	38	comparative form of vampy: more vampy
VAMPIEST	38	superlative form of vampy: most vampy
WAIVODES	30	plural of waivode
DESSIATINE	40	a former Russian unit of area equal to 2.7 acres
DESSIATINES	40	plural of dessiatine
FRANCOPHIL	40	an admirer of France and everything French
OBDUCTION	40	The act of drawing or laying over, as a covering.
POLLAN	40	A freshwater fish, Coregonus pollan, resembling a herring
SITESWAP	40	A numerical notation used to describe juggling patterns, where each number represents the height and direction of a throw.
SALICYLATE	35	a salt of salicylic acid (included in several commonly used drugs)
XLR	40	A kind of electrical connector, circular and having between three and seven pins, primarily used with professional audiovisual and stage lighting equipment.
YEX	35	To hiccup.
YEZ	35	you (plural)
YGO	35	Obsolete spelling of ago.
YOR	40	Eye dialect spelling of your.
YOT	35	The letter Ϳϳ, an uncommon variant of Jj used in Greek linguistics.
YOX	35	Alternative form of yex (“hiccup”).
YOY	40	Initialism of year-over-year or year-on-year.
YUS	38	a Common Slavonic nasal vowel in the early Cyrillic and Glagolitic alphabets.
ACANTHITE	40	A mineral form of silver sulfide, Ag₂S, that is a major ore of silver, that forms slender prisms.
ACARIDIANS	33	plural of acaridian
ACARIDIAN	35	Synonym of acarine.
ACHROMIA	35	an absence of normal pigmentation especially in the skin (as in albinism) or in red blood cells
ACHROMOUS	35	having no color
ADACTYLOUS	40	without fingers and/or toes
ADACTYLY	30	congenital absence of fingers and/or toes
ADRENALLY	38	In adrenal terms.
ALN	35	A river in Northumberland, England, which flows into the North Sea.
ALNICOS	43	plural of alnico
ANOMALISMS	43	plural of anomalism
ANTHRAXES	30	plural of anthrax
ARCANELY	38	In an arcane way.
ASCENDINGCOLON	40	the part of the large intestine that ascends from the cecum to the transverse colon
AUDIBLED	43	simple past and past participle of audible
CROOKEDEST	43	superlative form of crooked: most crooked
CROOKEDER	43	comparative form of crooked: more crooked
CUCKOOPINTS	43	plural of cuckoopint
CUSTOMIZER	40	A person or business that provides customization services
CYMBIDIUMS	43	plural of cymbidium
OVERTILTS	43	third-person singular simple present indicative of overtilt
OVERTILTED	43	simple past and past participle of overtilt
OVERTILTING	43	present participle and gerund of overtilt
DICKISHLY	38	In a dickish manner.
FEESPLITTING	40	payment (usually by doctors or lawyers) of part of the fee in return for the referral
ROACHCLIP	30	metal tweezers used by marijuana smokers to hold a roach
VOWELRHYME	40	the repetition of similar vowels in the stressed syllables of successive words
AJAG	10	Alternative form of adjag.
AAN	30	A small river in Southland, South Island, New Zealand, flowing into the Foveaux Strait.
AARONITES	43	plural of Aaronite
ABACAS	35	plural of abaca
ABASEDLY	38	In an abased manner; abjectly.
ABATJOUR	40	Alternative spelling of abat-jour.
ABATORS	38	plural of abator
ABB	40	an urban hit squad and guerrilla group of the Communist Party in the Philippines; formed in the 1980s
ABBYS	38	plural of Abby
ABDUCENS	40	a small motor nerve supplying the lateral rectus muscle of the eye
ABIGAILS	38	plural of abigail
ABITIBI	10	A geographic region in Quebec within Abitibi-Témiscamingue.
ABJUDICATED	43	simple past and past participle of abjudicate
ABJUDICATES	43	third-person singular simple present indicative of abjudicate
ABJUDICATING	43	present participle and gerund of abjudicate
ABJUNCTION	35	The creation of spores by cutting off portions of the sporophore by the growth of septa; abstriction.
ABJUNCTIVE	35	Exceptional, isolated, disconnected, separate,
ABORTER	40	One who or that which aborts.
ABOUGHT	35	simple past and past participle of aby
ABRISTLE	35	Bristling.
ABSCESSION	40	A separating; a removal; a going away.
ABSCINDS	33	third-person singular simple present indicative of abscind
ABSENTER	35	One who stays away; one who absents herself or himself.
ABSENTERS	33	plural of absenter
ABSINTHINE	35	Like absinthe.
ABSOLUTORY	35	Serving to absolve; absolving; giving absolution.
ABSTINENCY	40	Synonym of abstinence.
ABSTRICT	43	To cut off, as in abstriction; abjoint
ABSTRICTED	43	Separated by abstriction.
ABSTRICTING	43	present participle and gerund of abstrict
ABSTRICTS	43	third-person singular simple present indicative of abstrict
ABTERMINAL	35	Away from the end and towards the centre
ABUKIR	40	a bay on the Mediterranean Sea in northern Egypt
ABUSAGES	28	plural of abusage
ABY	35	make amends for
ACAJOUS	43	plural of acajou
ACCEDERS	38	plural of acceder
ACCEPTEE	35	A person who accepts, or is accepted for, a position
ACCEPTER	40	A person who accepts; a taker.
ACCIDENTLY	38	Accidentally; by chance, unintentionally.
ACCORDER	40	One who accords.
ACCORDERS	38	plural of accorder
ACCUSANTS	43	plural of accusant
ACELDAMA	40	Alternative form of Aceldama.
ACEQUIAS	30	plural of acequia
ACETYLS	38	plural of acetyl
ACHAEA	20	a region of ancient Greece on the north coast of the Peloponnese
ACHAEANS	33	plural of Achaean
ACI	20	Initialism of Anti-Coercion Instrument.
ACQUISITOR	35	One who acquires.
ACQUISITORS	33	plural of acquisitor
ACQUITMENT	40	Obsolete form of acquittal.
ACRYLATES	38	plural of acrylate
ACTG	10	Abbreviation of acting.
ACTINOIDS	43	plural of actinoid
ACTIONABLY	43	In an actionable manner.
ACTUALNESS	40	The state or quality of being actual.
ACUITIES	38	plural of acuity
ADAPTITUDE	40	Adaptedness; special aptitude.
ADEEMED	38	simple past and past participle of adeem
ADEEMING	38	present participle and gerund of adeem
ADHIBITION	35	The act of adhibiting.
ADJUSTABLY	43	In a way that is adjustable.
ADMITTEE	35	One who is admitted.
ADMITTEES	33	plural of admittee
ADOPTIONAL	35	Of or relating to adoption.
ADORNINGLY	38	decoratively; using adornments.
ADRENERGIC	40	relating to epinephrine (its release or action)
ADULTERIZE	35	To commit adultery.
ADULTERIZED	33	simple past and past participle of adulterize
ADULTERIZES	33	third-person singular simple present indicative of adulterize
ADULTERIZING	33	present participle and gerund of adulterize
ADVENTITIA	35	an enveloping or covering membrane or layer of body tissue
ADVISORILY	38	By way of advice.
ADVOCATION	35	Advocacy; the act of advocating or pleading.
ADWOMAN	35	A woman working in advertising; a female adman.
ADWOMEN	35	plural of adwoman
AEOLIC	40	the dialect of Ancient Greek spoken in Thessaly and Boeotia and Aeolis
AEOLIS	40	An area of Ancient Greece that comprised the west and northwestern region of Asia Minor, mostly along the coast, and also several offshore islands (particularly Lesbos), where the Aeolian Greek city-states were located.
AFEAR	30	To imbue with fear; to affright, to terrify.
AFFECTER	40	A person who affects to know something or to be something.
AFFECTERS	38	plural of affecter
AFFIXION	35	The act of affixing; affixation, affixment, attachment.
AFFIXIONS	38	plural of affixion
AFFRAYER	35	One involved in an affray.
AFFRAYERS	33	plural of affrayer
AFORETIMES	40	Formerly, formerly.
AFRAIDNESS	35	The state or quality of being afraid.
AFRASIAN	40	a large family of related languages spoken both in Asia and Africa
AGENTING	40	Working as an agent (one who acts for another).
AGLAIA	35	(Greek mythology) one of the three Graces; the one who harvests
AGOROT	38	plural of agora
AGUISHLY	38	In an aguish manner; as though suffering from ague.
AHORSEBACK	40	on the back of a horse
AIMFULLY	38	In an aimful manner; with fixed purpose.
AINTREE	35	A village in the Metropolitan Borough of Sefton, Merseyside, England; the home of the Grand National. (OS grid ref SJ3798).
AIRCOACH	40	An airliner offering relatively cheap but cramped passenger flights.
AIRBOUND	40	Of a pump etc.: containing too much air, such that the flow is impeded.
AJACCIO	40	The capital and largest city of Corsica, France.
AJANTA	35	A village in Maharashtra, India, known for the nearby ancient Buddhist cave monuments.
AKENES	15	plural of akene
AKH	35	In Egyptian mythology, (roughly) a spirit of the dead that has successfully completed its transition to the afterlife.
ALABARCH	40	The title of the governor or chief magistrate of the Jews in Alexandria under the Ptolemies and Roman emperors.
ALAIS	33	plural of Alai
ALANINE	35	a crystalline amino acid that occurs in many proteins
ALARCON	35	A surname from Spanish, an anglicization of Alarcón.
ALARUMED	33	simple past and past participle of alarum
ALBI	35	A town and commune, the prefecture of Tarn department, Occitania, in southern France.
ALBORG	35	a city and port in northern Jutland
ALCOHOLIST	35	One suffering from alcoholism; an alcoholic.
ALCOHOLISTS	33	plural of alcoholist
ALCUIN	40	Alcuin, a Northumbrian clergyman and scholar
ALDAN	35	The second-longest right tributary of the Lena in the Sakha Republic in eastern Siberia.
ALDEHYDES	38	plural of aldehyde
ALDERFLY	40	dark-colored insect having predaceous aquatic larvae
ALDERNEY	35	The third-largest island of the Channel Islands.
ALDOL	30	Any aldehyde or ketone having a hydroxy group in the beta-position
ALDOSE	40	a monosaccharide sugar that contains the aldehyde group or is hemiacetal
ALEMANNI	35	A group of Germanic peoples living between the Rhine, Main, and Danube Rivers from the third to the sixth century.
ALFORJAS	38	plural of alforja
ALGINATES	33	plural of alginate
ALIGNERS	43	plural of aligner
ALIMENTIVE	35	Alternative form of alimentative.
ALKANES	43	plural of alkane
ALKENES	43	plural of alkene
ALKYNES	43	plural of alkyne
ALLEGIANCY	40	Alternative form of allegiance.
ALLOTTER	40	One who allots
ALLSTON	40	A surname.
ALMERIA	35	Alternative spelling of Almería:
ALPINELY	38	In an alpine way, loftily.
ALTAMIRA	40	A surname from Spanish
ALTERITY	35	Otherness; the entity in contrast to which an identity is constructed.
ALULAE	40	plural of alula
ALULAR	38	pertaining to alulae
ALUMINIC	40	Of, relating to or containing aluminium.
ALVARADO	40	A place in the United States:
ALVEOLATED	40	Alternative form of alveolate.
AMALEKITE	40	A descendant of the Biblical Amalek.
AMALEKITES	38	plural of Amalekite
AMALGAMIZED	43	simple past and past participle of amalgamize
AMALGAMIZES	43	third-person singular simple present indicative of amalgamize
AMALGAMIZING	43	present participle and gerund of amalgamize
AMANITAS	35	plural of amanita
AMARANTHUS	40	large widely distributed genus of chiefly coarse annual herbs
AMBOINA	21	Alternative form of amboyna.
AMBON	30	Alternative form of ambo.
AMBRIES	38	plural of ambry
AMBRY	40	A bookcase; a library or archive.
AMHARA	35	a member of the Semitic speaking people of northern Ethiopia
AMIDIC	35	Characteristic of an amide.
AMMONIAS	38	plural of ammonia
AMMONIFIED	38	simple past and past participle of ammonify
AMMONIFIES	38	third-person singular simple present indicative of ammonify
AMMONIFYING	38	present participle and gerund of ammonify
AMMONOIDS	33	plural of ammonoid
AMPHORAL	35	Of, pertaining to, or in the shape of an amphora
AMRITSAR	35	A large city in Punjab, India, formerly known as Ramdaspur and sometimes called Ambarsar.
AMYLS	38	plural of amyl
AMYTAL	35	the sodium salt of amobarbital that is used as a barbiturate; used as a sedative and a hypnotic
ANALGIA	29	A state of painlessness, absence of pain.
ANATTO	30	Alternative form of annatto (“dye”).
ANCONA	40	A province of Marche, Italy.
ANDREWSITE	40	A now-discredited mineral, reported in Cornwall and later shown to be a mixture of hentschelite and rockbridgeite, with minor chalcosiderite.
ANGARY	40	The right of one belligerent (government) in a conflict to seize, use or destroy the property of another belligerent or neutral state, or the private citizens thereof, provided compensation is paid.
ANGELIZED	43	simple past and past participle of angelize
ANGELIZES	43	third-person singular simple present indicative of angelize
ANGELIZING	43	present participle and gerund of angelize
ANGIOPATHY	30	any disease of the blood vessels or lymph ducts
ANHALT	35	A surname.
ANHINGAS	35	plural of anhinga
ANIMALLY	38	Resembling or characteristic of an animal.
ANIMATER	40	Alternative form of animator.
ANNATTOS	38	plural of annatto
ANNELIDA	30	segmented worms: earthworms, lugworms, leeches
ANNULETS	38	plural of annulet
ANODYNIC	35	In the way of an anodyne, relating to relief from pain.
ANOLES	43	plural of anole
ANOMIES	43	plural of anomie
ANSI	40	Acronym of American National Standards Institute.
ANTBIRDS	38	plural of antbird
ANTICLY	40	In an odd or grotesque manner.
ANTIOXYGEN	40	antioxidant
ANTIPAPACY	40	antipapism; the office or reign of an antipope
ANTIPRIEST	40	One taking a role opposite to that of priest.
ANTIROLL	40	antisway
ANTLERLESS	40	Without antlers.
ANTONIUS	40	a Roman nomen gentilicium
ANTRES	38	plural of antre
ANZUS	40	A security treaty between Australia, New Zealand, and America for the Pacific region; particularly in naval affairs.
APERIENTS	33	plural of aperient
APHASIAC	35	Alternative form of aphasic.
APHASIACS	33	plural of aphasiac
APICALLY	38	In an apical manner or direction; towards an apex.
APOLOGAL	35	Relating to an apologue.
APPEARER	35	Someone who or something which appears.
APPEARERS	33	plural of appearer
APPELLEE	30	A respondent.
APPLAUSIVE	35	Conveying applause.
APPRECIANT	35	appreciative
APPRISER	35	One who carries out an apprising.
APPRISERS	33	plural of appriser
APPRIZER	40	An appraiser.
APPRIZERS	38	plural of apprizer
APPROBATOR	40	A person who gives formal approval.
APPROBATORS	38	plural of approbator
APPROVEDLY	38	So as to secure approbation; in an approved manner.
APULEIUS	40	An author in the Roman Empire, Lucius Apuleius Madaurensis.
ARAWAKS	40	plural of Arawak
ARBOREALLY	43	In an arboreal manner
ARBORVITAE	40	any of several Asian and North American conifers of the genera Thuja and Thujopsis
ARBOURED	29	Alternative spelling of arbored
ARCKED	35	simple past and past participle of arc
ARGIVES	35	plural of Argive
ARGOLIS	40	A regional unit in eastern Peloponnese, Greece, which has its modern capital at Nafplio. Its original capital was at Argos.
ARIUS	30	type genus of the Ariidae: sea catfishes
ARJUNA	40	A male given name from Sanskrit, popular in South Asia.
ARMONICA	29	A musical instrument made of blown-glass bowls mounted on a spindle turned originally by a foot pedal, and played with wetted fingers, producing an ethereal sound. Technically, it is a crystallophone.
ARMORICA	35	The north-western part of ancient Gaul, corresponding to modern Brittany.
ARMSTRONGS	43	plural of Armstrong
ARMURE	35	A fabric woven with a raised pattern similar to chain mail.
ARMURES	35	plural of armure
ARRAYALS	43	plural of arrayal
ARRESTORS	43	plural of arrestor
ARRISES	38	plural of arris
ARROBA	35	a liquid measure (with different values) used in some Spanish speaking countries
ARROBAS	35	plural of arroba
ARROWING	40	present participle and gerund of arrow
ARSENATES	38	plural of arsenate
ARSENIDES	38	plural of arsenide
ARSENOUS	40	of, related to, or derived from arsenic, especially in an oxidation state of three; arsenious
ARSONOUS	40	Of or relating to arson.
ARTERIALLY	43	In terms of or by means of the arteries.
ASAT	35	of or relating to a system to destroy satellites in orbit
ASBESTIC	35	Relating to, or resembling, asbestos.
ASCHAM	35	A cupboard or case for storing bows and other archery equipment.
ASPARTIC	35	Of or pertaining to aspartic acid or its derivatives
ASSENTORS	43	plural of assentor
ASSERTOR	40	One who asserts or avers.
ASSERTORS	38	plural of assertor
ASSESSABLY	38	In an assessable manner.
ASSISTORS	35	plural of assistor
ASSUMERS	43	plural of assumer
ASTROSCOPY	40	observation of the stars
ASYSTOLE	35	An absence of a systole; a failure of the heart to contract.
ATAMANS	38	plural of ataman
ATTACHERS	38	plural of attacher
ATTAINERS	38	plural of attainer
ATTICISM	35	Attachment to, collaboration with, favouring of, or siding with Athens or Athenians, especially in the context of the Peloponnesian War (431–404 B.C.E.).
ATTICIST	35	A person professing Atticism
ATTRITED	38	worn by rubbing or friction
ATTRITES	38	third-person singular simple present indicative of attrite
ATTRITING	38	present participle and gerund of attrite
ATTRITS	38	third-person singular simple present indicative of attrit
ATTRITTED	38	simple past and past participle of attrit
ATTRITTING	38	present participle and gerund of attrit
AUGSBURG	40	An independent city, the administrative seat of the Swabia region, Bavaria, in southern Germany.
AUGURAL	35	prophetic
AUNTHOOD	40	The quality or state of being an aunt.
AUREI	38	plural of aureus
AURELIAN	35	A male given name from Latin, of mostly historical use in English.
AUREOLED	43	Surrounded by a corona or halo.
AUREOLING	43	present participle and gerund of aureole
AUREUS	40	A gold coin, minted in the Roman Empire from approximately 100 B.C.E. to 309 C.E., equal to 25 denarii.
AUROPHOBIA	40	The fear of gold; by extension, the fear of wealth.
AUSPEX	35	(ancient Rome) a religious official who interpreted omens to guide public policy
AUTOLYSE	29	Alternative spelling of autolyze.
AUTOPSIC	35	Of, pertaining to, or characteristic of an autopsy
AUTUMNALLY	43	In an autumnal manner.
AUTUN	35	A cathedral city, subprefecture, and commune in Saône-et-Loire department, Bourgogne-Franche-Comté, France.
AVAILINGLY	43	In an availing manner.
AVDP	40	Abbreviation of avoirdupois.
AVENGEMENT	35	The inflicting of retributive punishment; satisfaction taken.
AVERNUS	40	The entrance to Hell or the underworld, or the underworld itself.
AVERSENESS	40	The quality of being averse; opposition of mind.
AVIATORIAL	35	Relating to aviation.
AVOIDERS	43	plural of avoider
AVOUCHABLE	40	Capable of being avouched.
AVOWABLE	40	Capable of being avowed or openly acknowledged with confidence.
AVOWABLY	38	In an avowable manner.
AVULSING	43	present participle and gerund of avulse
AVUNCULATES	43	plural of avunculate
AWAKENERS	43	plural of awakener
AWAKENMENT	40	An awakening.
AWAKENMENTS	38	plural of awakenment
AWKWARDISH	40	Somewhat awkward.
AWNLESS	35	lacking or having only very short awns
AZIDES	38	plural of azide
AZINES	38	plural of azine
BABULS	38	plural of babul
BACALAO	35	Alternative spelling of bacalhau.
BACITRACIN	35	A nonprescription polypeptide antibiotic isolated from a bacillus (Bacillus subtilis or Bacillus licheniformis), usually provided in topical ointment form especially against gram-positive bacteria.
BAGLIKE	40	Resembling or characteristic of a bag.
BAGUIO	35	An independent city within Benguet in Cordillera Administrative Region, Philippines.
BAGWIG	20	an 18th-century wig with hair pushed back into a bag.
BAGWIGS	20	plural of bagwig
BAGWOMAN	40	a female racketeer assigned to collect or distribute payoff money
BAGWOMEN	40	plural of bagwoman
BALISAUR	40	A badger-like animal of India, Arctonyx collaris, the sand bear.
BALISAURS	38	plural of balisaur
BALLYHOOERS	38	plural of ballyhooer
BALLYRAGGED	33	simple past and past participle of ballyrag
BALLYRAGGING	33	present participle and gerund of ballyrag
BALLYRAGS	33	third-person singular simple present indicative of ballyrag
BALSAMED	38	simple past and past participle of balsam
BALSAMING	38	present participle and gerund of balsam
BANDERS	43	plural of bander
BARANOF	35	An island in the northern Alexander Archipelago in the Alaskan Panhandle.
BARKIER	35	comparative form of barky: more barky
BARKIEST	35	superlative form of barky: most barky
BARO	35	A surname.
BARONGS	43	plural of barong
BARRABLE	40	Capable of being barred (prevented).
BARYTONES	38	plural of barytone
BASEBALLER	40	A baseball player; a person who plays baseball.
BASEBALLERS	40	plural of baseballer
BASIFIED	43	simple past and past participle of basify
BASIFIERS	43	plural of basifier
BASIFIES	43	third-person singular simple present indicative of basify
BASSETING	38	The upward direction of a vein in a mine.
BASTOGNE	40	A city in Luxembourg, Wallonia, Belgium.
BATHLESS	35	Without a bath (tub for bathing).
BATHYSCAPES	43	plural of bathyscape
BATTENER	35	One who battens or feasts.
BATTENERS	33	plural of battener
BATUMI	35	A seaside city on the Black Sea coast and capital of Adjara, an autonomous republic in southwest Georgia.
BATWOMEN	35	plural of batwoman
BAYADERE	40	A female dancer.
BAYREUTH	35	An independent town in Bavaria, Germany.
BDFT	20	Abbreviation of board foot.
BEACHIER	35	comparative form of beachy: more beachy
BEACHIEST	35	superlative form of beachy: most beachy
BEADILY	43	in an avaricious or penetrating manner.
BEAKIEST	43	superlative form of beaky: most beaky
BEAMIEST	43	superlative form of beamy: most beamy
BEAMLESS	40	Not having a beam.
BEARABLY	43	In a bearable manner.
BEAUTIED	40	beautiful; embellished
BECKED	38	simple past and past participle of beck
BECKING	38	present participle and gerund of beck
BEDASHED	33	simple past and past participle of bedash
BEDASHES	33	third-person singular simple present indicative of bedash
BEDASHING	35	present participle and gerund of bedash
BEDDABLE	35	Sexually attractive.
BEDLIKE	40	Resembling or characteristic of a bed.
BEDWARF	35	To make a dwarf of; to stunt or hinder the growth of; to dwarf.
BEDWARFED	33	simple past and past participle of bedwarf
BEDWARFING	33	present participle and gerund of bedwarf
BEDWARFS	33	third-person singular simple present indicative of bedwarf
BEEFILY	43	In a beefy manner.
BEEFLESS	35	Without beef.
BEERMONGER	40	A seller of beer.
BEERMONGERS	38	plural of beermonger
BEEZER	37	nose
BEGEMMED	43	simple past and past participle of begem
BEGEMMING	43	present participle and gerund of begem
BEGEMS	43	third-person singular simple present indicative of begem
BEGIRDING	43	present participle and gerund of begird
BEGIRDS	43	third-person singular simple present indicative of begird
BELFORT	40	A surname.
BELIERS	43	plural of belier
BELLWOOD	35	A surname.
BELLWORT	40	any of various plants of the genus Uvularia having yellowish drooping bell-shaped flowers
BELORUSSIA	35	a landlocked republic in eastern Europe; formerly a European soviet
BELSEN	35	a Nazi concentration camp for Jews created in northwestern Germany during World War II
BELZ	35	A city, the administrative centre of Belz urban hromada, Sheptyskyi Raion, Lviv Oblast, in western Ukraine, founded in 1566.
BENZO	35	Of a ring compound, especially a heterocycle, which also has a fused benzene ring.
BENZOATES	33	plural of benzoate
BERBERA	40	A coastal city in Somaliland, in northern Somalia, known for its beaches.
BEREAVER	35	Someone who bereaves.
BERGAMO	35	A placename:
BERWICK	35	Any of various places, including:
BESCORCHED	43	simple past and past participle of bescorch
BESETTER	35	Someone or something that besets.
BESTOWERS	43	plural of bestower
BETISE	35	a stupid mistake
BEVELLER	37	One who bevels.
BEWRAYER	35	A betrayer or divulger.
BEXLEY	40	A suburban town in the borough of Bexley, south-east Greater London, England (OS grid ref TQ4973).
BIAFRANS	43	plural of Biafran
BIBCOCK	40	An appliance (typically a valve with a threaded outlet) allowing the provision of hose connections outside of buildings.
BIBCOCKS	38	plural of bibcock
BIBL	35	Abbreviation of bibliography.
BICOLORS	33	plural of bicolor
BIDDABLY	38	In a biddable manner, compliantly.
BIGAMIZE	40	To commit bigamy.
BILEDUCT	15	a duct formed by the hepatic and cystic ducts; opens into the duodenum
BILLETER	40	One who billets (lodges a soldier).
BILLETERS	38	plural of billeter
BILLIKEN	39	Alternative form of Billiken.
BINI	25	Edo (language of Nigeria)
BIOTICAL	35	biotic
BIRACIAL	40	consisting of or combining two races
BIRLING	43	rotating a log rapidly in the water (as a competitive sport)
BISHOPED	35	simple past and past participle of bishop
BITABLE	40	Alternative form of biteable.
BITCHILY	33	In a bitchy manner.
BITSIER	35	comparative form of bitsy: more bitsy
BIVALVED	40	used of mollusks having two shells (as clams etc.)
BLA	35	Initialism of Baloch(istan) Liberation Army.
BLACKWELLS	40	plural of Blackwell
BLAMABLY	43	In a blamable manner; in a manner deserving blame
BLANCHER	40	One who, or that which, blanches or whitens; especially, one who anneals and cleanses money, or a chemical preparation for this purpose.
BLASTOCYTE	40	an undifferentiated embryonic cell
BLASTOCYTES	38	plural of blastocyte
BLASTULAE	38	plural of blastula
BLASTY	35	Resembling or characteristic of a blast or explosion.
BLATTERS	43	third-person singular simple present indicative of blatter
BLAZONERS	43	plural of blazoner
BLEAKS	38	plural of bleak
BLENCHER	35	One who, or that which, scares another; specifically, a person stationed to prevent the escape of the deer during a hunt.
BLENCHERS	33	plural of blencher
BLINDAGE	40	A cover or protection for an advanced trench or approach, formed of fascines and earth supported by a framework.
BLINDAGES	38	plural of blindage
BLOODFIN	40	Aphyocharax anisitsi, a South American characin with blood-red tail and fins.
BLOODFINS	38	plural of bloodfin
BLOOMERIES	38	plural of bloomery
BLOOMERY	40	A forge in which wrought iron is made straight from ore.
BLOOMIER	38	comparative form of bloomy: more bloomy
BLOOMIEST	38	superlative form of bloomy: most bloomy
BLUETONGUE	35	a viral disease of sheep and cattle that is transmitted by biting midges
BLUNGE	40	To mix clay and water.
BLUNGED	38	simple past and past participle of blunge
BLUNGES	38	third-person singular simple present indicative of blunge
BLUNGING	38	present participle and gerund of blunge
BLURRILY	43	In a blurry fashion; lacking clarity
BLVDS	43	plural of blvd
BOARFISH	40	fish with a projecting snout
BOBSTAY	35	A strong rope or chain rigging running from the end of the bowsprit to the ship's stem or cutwater.
BOBSTAYS	33	plural of bobstay
BODINGLY	38	In a boding manner.
BOETHIUS	40	Anicius Manlius Severinus Boethius (480–524 CE), Roman historian and philosopher from the Early Middle Ages.
BOFFED	33	simple past and past participle of boff
BOFFING	33	A form of re-enacted fighting with foam weapons called boffers.
BOGGLERS	43	plural of boggler
BOHUNK	5	An immigrant from Central Europe, Eastern Europe, or the Balkans, especially one who is regarded as vain, aggressively masculine, and socially unsophisticated.
BOKHARA	35	Alternative form of Bukhara.
BOLTONIA	35	genus of tall leafy perennial herbs of eastern America and eastern Asia having flowers that resemble asters
BONDLESS	40	Without a bond.
BOOBYISH	40	Stupid; dull-witted.
BOODLED	43	simple past and past participle of boodle
BOODLING	43	present participle and gerund of boodle
BOOKERIES	40	plural of bookery
BOOKERY	40	a collection of books
BOOKMONGERS	43	plural of bookmonger
BOORSTIN	40	A surname.
BOOTHIA	35	A peninsula in Nunavut, Canada.
BOQ	40	Initialism of bachelors' officers' quarters.
BORANE	40	Any binary compound of boron and hydrogen.
BORANES	33	plural of borane
BORDURE	40	A contrasting border around a shield.
BORDURES	38	plural of bordure
BORESOME	40	Marked by boredom; boring; uninteresting
BORODINO	40	Several villages and localities in Russia.
BOSKET	35	A small grove or copse of trees, a thicket.
BOSKETS	33	plural of bosket
BOSKIER	43	comparative form of bosky: more bosky
BOSKIEST	43	superlative form of bosky: most bosky
BOTCHERY	40	An act of botching, or being sloppy.
BOTCHILY	29	In a botchy manner.
BOTFLIES	38	plural of botfly
BOTHY	35	A small cottage or hut; specifically (Scotland), one often left unlocked for communal use in a remote, often mountainous, area by hikers, labourers, etc.
BOTTOMER	40	A person who makes the seat part of a chair.
BOTTOMERS	38	plural of bottomer
BOTTROP	35	A city in North Rhine-Westphalia, Germany.
BOULLES	43	plural of boulle
BOURGEOISE	35	A female member of the bourgeoisie; a wealthy woman
BOURGEON	35	produce buds, branches, or germinate
BOURGET	40	A surname from French.
BOURKE	35	A topographical surname from Anglo-Norman for someone who lived in a fortified place.
BOUSING	35	present participle and gerund of bouse
BOVINELY	38	In a bovine manner.
BOWBELLS	38	A small city, the county seat of Burke County, North Dakota, United States.
BOWELLED	40	simple past and past participle of bowel
BOWINGLY	38	in a bowing manner
BOWLESS	35	Without a bow.
BRACHIATES	35	third-person singular simple present indicative of brachiate
BRACHIATING	35	That moves by the use of limbs; especially by swinging through the trees using the arms
BRADYKININ	35	A compound released in the blood in some circumstances which causes contraction of smooth muscle and dilation of blood vessels. It is a peptide with nine amino-acid residues.
BRAGGERS	43	plural of bragger
BRAHMANI	40	Archaic form of Brahmini.
BRAILLED	43	simple past and past participle of braille
BRAILLES	43	third-person singular simple present indicative of braille
BRAINILY	38	In a brainy way.
BRAMPTON	40	A city in Ontario, Canada.
BRANCO	40	A surname from Portuguese.
BRASHIER	38	comparative form of brashy: more brashy
BRASHIEST	38	superlative form of brashy: most brashy
BRASOV	35	a city in central Romania in the foothills of the Transylvanian Alps
BRASSED	35	simple past and past participle of brass
BRASSISH	40	Synonym of brassy: resembling or characteristic of brass.
BRAWLIER	38	comparative form of brawly: more brawly
BRAWLIEST	38	superlative form of brawly: most brawly
BRAWNILY	38	In a brawny manner.
BRAZER	35	An instrument used in brazing.
BRAZERS	33	plural of brazer
BREACHER	35	One who breaches.
BREACHERS	35	plural of breacher
BRICKIER	38	comparative form of bricky: more bricky
BRICKIEST	38	superlative form of bricky: most bricky
BRICKY	40	Covered with brick.
BRIDALLY	38	As a bride; at the point of marriage.
BRIDLERS	38	plural of bridler
BRIENZ	35	A village and municipality on the northern shore of Lake Brienz, at the foot of the Brienzer Rothorn mountain, and in the Bernese Oberland region of Bern canton, Switzerland.
BRIMMERS	38	plural of brimmer
BRINDISI	35	a port city in southeastern Apulia in Italy; a center for the Crusades in the Middle Ages
BRINDLES	38	plural of brindle
BRINERS	38	plural of briner
BRINGETH	29	third-person singular simple present indicative of bring
BROGUERY	29	The presence of a brogue in speech.
BROOMIER	38	comparative form of broomy: more broomy
BROOMIEST	38	superlative form of broomy: most broomy
BROWLESS	40	Without a brow or eyebrows.
BROWNLOW	40	A hamlet in Newbold Astbury parish, Cheshire East district, Cheshire, England (OS grid ref SJ828436).
BROWNSHIRTS	5	plural of Brownshirt
BRUMES	43	plural of brume
BRUNHILD	35	A shieldmaiden and valkyrie in Germanic mythology, a main character in the Nibelungenlied, Vǫlsunga saga, and some poems of the Poetic Edda.
BRYOPHYTES	43	plural of bryophyte
BUCKETER	35	A person employed to use a bucket in some capacity.
BUCKETERS	33	plural of bucketer
BUDDERS	38	plural of budder
BUDGEREE	30	Good, fine.
BUFFABLE	40	Capable of being buffed.
BUFFCOAT	40	Alternative form of buff coat.
BUFFETER	35	A boxer or fighter.
BUFFETERS	33	plural of buffeter
BUGGIEST	43	superlative form of buggy: most buggy
BUKAVU	35	A city in the eastern Democratic Republic of the Congo.
BULBLETS	38	plural of bulblet
BULKILY	43	in a bulky manner
BULLAE	43	plural of bulla
BULLWEED	40	Knapweed.
BUNCHILY	38	In a bunchy manner.
BUNDYS	10	plural of Bundy
BUPPIE	40	A black urban professional; an African-American professional or executive in their late twenties or early thirties.
BUQSHAS	33	plural of buqsha
BURBLER	40	One who burbles.
BURBLERS	38	plural of burbler
BURBOTS	43	plural of burbot
BURDENER	40	One who burdens; an oppressor.
BURDENERS	38	plural of burdener
BURDINES	35	plural of Burdine
BURGAS	33	A city in eastern Bulgaria.
BURMANS	38	plural of Burman
BURNETS	33	plural of burnet
BURRIER	38	A surname from Old French.
BURRIEST	38	superlative form of burry: most burry
BURWEED	40	Any of various plants with burrs or thistles as fruit.
BURWEEDS	38	plural of burweed
BUSHBEAN	40	a bean plant whose bushy growth needs no supports
BUSHERS	38	plural of busher
BUSHILY	38	In a bushy manner.
BUTE	25	Phenylbutazone.
BUTTONERS	38	plural of buttoner
BUTUNG	30	Alternative form of Buton (“Indonesian island”).
BUTYRATES	33	plural of butyrate
COFS	35	plural of COF
CABALLO	35	A horse.
CABELLO	35	A surname from Spanish.
CABEZA	35	Beef cheek or similar meat, especially in Mexican cooking
CABEZAS	33	A surname from Spanish.
CACHOUS	43	plural of cachou
CACTOID	40	A member of the cactus subfamily Cactoideae.
CADMIC	40	Pertaining to, derived from, or containing cadmium.
CAFTANED	35	Alternative form of kaftaned.
CAG	5	Initialism of commander of the air group.
CAGUAS	35	A city and municipality of Puerto Rico, United States.
CALABAR	35	The largest city and state capital of Cross River State, Nigeria.
CALCARIA	40	plural of calcar
CALCES	43	plural of calx
CALCSPAR	40	calcite
CALENDAL	35	calendrical; relating to a calendar
CALIBRED	29	Alternative form of calibered.
CALICOED	35	Infected by Tobacco mosaic virus.
CALIPHAL	40	Of or relating to a caliph or a caliphate.
CALTRAP	35	Archaic form of caltrop.
CALTRAPS	33	plural of caltrap
CAMBRICS	38	plural of cambric
CAMPAGNA	30	A flat stretch of countryside; open rural plain.
CANDLERS	43	plural of candler
CANINITY	35	The state of being canine.
CANNABIC	35	Pertaining to hemp or cannabis.
CANNINGS	43	plural of canning
CAPERER	40	One who capers, leaps, and skips about, or dances.
CAPERERS	38	plural of caperer
CAPITANOS	43	plural of capitano
CAPITATES	43	plural of capitate
CAPPINGS	43	plural of capping
CAPSIDS	38	plural of capsid
CAPTAN	35	A particular phthalimide fungicide.
CAPTRESS	29	a female captor.
CARACOL	35	Alternative spelling of caracole.
CARACOLS	33	plural of caracol
CARBOYED	35	simple past and past participle of carboy
CAREERER	35	One who careers.
CAREERERS	33	plural of careerer
CARESSERS	43	plural of caresser
CARIAN	35	A native or inhabitant of ancient Caria.
CARIANS	35	plural of Carian
CARNETS	38	plural of carnet
CARTABLE	35	Able to be carted or carried.
CASCABELS	43	plural of cascabel
CATBRIER	40	Synonym of greenbrier.
CATCHFLY	40	mostly perennial herbs with sticky stems that catch insects; widespread in north temperate zone
CATILINE	40	Lucius Sergius Catilina (108 BCE–62 BCE), a Roman politician who attempted to overthrow the Roman Republic.
CATULLUS	40	Roman lyric poet remembered for his love poems to an aristocratic Roman woman (84-54 BC)
CAULKER	40	A person who caulks various structures (as ships) and certain types of piping.
CAUSEY	40	An embankment holding in water; a dam.
CAUTIONERS	43	plural of cautioner
CAVEATOR	40	Someone who enters a caveat.
CAVETTOS	43	plural of cavetto
CAXTON	40	English printer who in 1474 printed the first book in English (1422-1491)
CEBUANO	40	A language spoken in the Philippines in and near the province of Cebu.
CEBUANS	40	plural of Cebuan
CEILER	35	One who ceils, who lines or finishes a surface in construction.
CELLAE	35	plural of cella
CELLARERS	43	plural of cellarer
CENACLES	38	plural of cenacle
CENOTES	43	plural of cenote
CENTNER	35	a United States unit of weight equivalent to 100 pounds
CENTNERS	35	plural of centner
CERMETS	38	plural of cermet
CERVIDAE	40	deer: reindeer, moose or elks, muntjacs, roe deer
CERVIDS	43	plural of cervid
CESSED	33	simple past and past participle of cess
CESSING	33	present participle and gerund of cess
CGS	33	system of measurement based on centimeters and grams and seconds
CHACMAS	43	plural of chacma
CHAFFIER	38	comparative form of chaffy: more chaffy
CHAFFIEST	38	superlative form of chaffy: most chaffy
CHALDAEA	35	Alternative form of Chaldea: (historical) An ancient geographic region of West Asia, in the southern portion of Babylonia in modern eastern Iraq and southwestern Iran, lying chiefly on the right bank of the Euphrates, but commonly used to refer to the whole of the Mesopotamian plain
CHAMISO	35	An evergreen shrub, Atriplex canescens, found in the southwestern United States.
CHAMISOS	33	plural of chamiso
CHAMMY	35	a soft suede leather formerly from the skin of the chamois antelope but now from sheepskin
CHAMPY	35	A surname
CHANCERS	43	plural of chancer
CHANTAGE	29	Synonym of blackmail.
CHARNELS	38	plural of charnel
CHARRIER	33	comparative form of charry: more charry
CHARTROOMS	43	plural of chartroom
CHASMED	35	Having large gaps or a chasm.
CHAUMONT	40	A place in France:
CHAWER	40	One who chaws; a chewer.
CHAWERS	38	plural of chawer
CHELATOR	35	A chelating agent
CHELATORS	33	plural of chelator
CHEMNITZ	40	a city in east central Germany; formerly called Karl-Marx-Stadt until 1990; noted for textile manufacturing
CHEPSTOW	40	A town and community with a town council in Monmouthshire, Wales, on the border with England but separated by the River Wye (OS grid ref ST5393).
CHERTIER	33	comparative form of cherty: more cherty
CHERTIEST	33	superlative form of cherty: most cherty
CHESTFULS	38	plural of chestful
CHICAS	43	plural of chica
CHICLAYO	35	A city in northwestern Peru in Lambayeque.
CHICLY	43	In a chic or fashionable way.
CHILIASM	40	belief in the Christian doctrine of the millennium mentioned in the Book of Revelations
CHILLILY	38	in a chilly manner.
CHINESEELM	40	small fast-growing tree native to Asia; widely grown as shelterbelts and hedges
CHIRKING	43	present participle and gerund of chirk
CHIRO	35	A chiropractor.
CHIRPINGLY	43	With a chirping sound.
CHIRRUPY	40	making chirruping noises
CHLOROUS	40	Of a compound, containing chlorine with a lower oxidation number than equivalent chloric compounds; especially having an oxidation number of 3.
CHOICELY	43	Taking care in choosing; with attention to preference.
CHOKIEST	33	superlative form of choky: most choky
CHONJU	35	Alternative form of Jeonju.
CHRONAXIE	35	The minimum time over which an electric current must be applied in order to stimulate a muscle fiber or nerve cell.
CHRONAXY	35	Alternative form of chronaxie.
CHUBBILY	38	In a chubby manner.
CHUCKERS	43	plural of chucker
CHUCKIES	33	plural of chucky
CHUFFLE	35	To produce prusten.
CHUFFY	40	Fat or puffed out in the cheeks.
CHUMSHIP	35	The condition of being chums; friendship.
CHUMSHIPS	33	plural of chumship
CHUNKILY	43	In a chunky way.
CICADAE	38	plural of cicada
CIENAGA	35	Alternative form of cienega.
CILICIA	35	An ancient region in southeastern Asia Minor in modern Turkey, famed for cilice, i.e. haircloth made from the hair of Cilician goats.
CILICIAN	38	Pertaining to or originating from Cilicia.
CINCHONAS	33	plural of cinchona
CISKEI	35	A former bantustan in the southeast of South Africa, formed in 1961, declared independent in 1981, and reintegrated in 1993.
CISTRON	40	a segment of DNA that codes for a single polypeptide as defined by the cis-trans complementation test
CISTRONS	38	plural of cistron
CLABBERED	33	simple past and past participle of clabber
CLABBERING	33	present participle and gerund of clabber
CLAMORERS	43	plural of clamorer
CLAMWORM	35	Alternative form of clam worm.
CLAMWORMS	33	plural of clamworm
CLAPHAM	40	A number of places in England:
CLAPT	35	simple past and past participle of clap
CLARKIA	35	Any of several annual flowering plants, of the genus Clarkia, native to the Americas.
CLARKIAS	33	plural of clarkia
CLASPT	35	simple past and past participle of clasp
CLASSERS	33	plural of classer
CLAYIEST	33	superlative form of clayey: most clayey
CLEPED	33	simple past and past participle of clepe
CLEPES	33	third-person singular simple present indicative of clepe
CLEWING	43	present participle and gerund of clew
CLIFFIER	33	comparative form of cliffy: more cliffy
CLIFFIEST	33	superlative form of cliffy: most cliffy
CLIFFY	40	Abounding in cliffs.
CLIMATAL	35	climatic.
CLINGINGLY	43	In a clinging manner; tenaciously or possessively.
CLOACAE	38	plural of cloaca
CLODPATE	40	A blockhead; an idiot or fool.
CLODPATES	38	plural of clodpate
CLODPOLLS	33	plural of clodpoll
CLONALLY	38	By means of asexual reproduction.
CLONUS	40	convulsion characterized by alternating contractions and relaxations
CLOTTY	35	Full of clots, or clods.
CLOWDERS	38	plural of clowder
CNIDA	40	A nematocyst.
CNIDUS	40	Alternative spelling of Knidos.
COALLESS	35	Without coal.
COAPTED	43	simple past and past participle of coapt
COAPTING	43	present participle and gerund of coapt
COBHAM	40	A surname.
COCCID	30	Any of very many scale insects (including mealybugs) of the superfamily Coccoidea; especially an insect of the family Coccidae.
COCKSHY	40	A game in which trinkets are set upon sticks, to be thrown at by the players.
CODELESS	40	Having no code (in any sense)
COENZYMES	33	plural of coenzyme
COERCERS	38	plural of coercer
COGNISER	37	Alternative form of cognizer.
COGNIZERS	43	plural of cognizer
COHUNE	40	tropical American feather palm whose large nuts yield valuable oil and a kind of vegetable ivory
COININGS	43	plural of coining
COIRS	38	plural of coir
COLLAB	35	A collaboration, especially a work produced by several musicians who do not usually work together.
COLLAT	35	Clipping of collateral.
COLLOQ	40	Clipping of colloquium.
COLOBI	38	plural of colobus
COLOBUSES	38	plural of colobus
COLONUS	35	A sharecropping tenant farmer of the late Roman Empire and Early Middle Ages.
COLORERS	38	plural of colorer
COLOURER	29	Alternative form of colorer.
COMDT	40	Abbreviation of commandment.
COMECON	40	Abbreviation of Council for Mutual Economic Assistance, a multinational economic organization that existed in the Eastern Bloc from 1949 to 1991.
COMEDISTS	33	plural of comedist
COMPERING	43	present participle and gerund of compere
COMPLOTTED	43	simple past and past participle of complot
COMPLOTTING	43	present participle and gerund of complot
COMPRIZE	29	Rare spelling of comprise.
CONCHOS	40	plural of concho
CONDUCER	35	That which conduces; a conducive factor.
CONDUCERS	33	plural of conducer
CONFUTERS	33	plural of confuter
CONGEEING	33	present participle and gerund of congee
CONICITY	40	The quality of being conic.
CONSIDERER	40	One who considers.
CONSIDERERS	38	plural of considerer
CONSONANCY	40	Congruity; consistency.
CONTEMNING	43	present participle and gerund of contemn
CONTINUATE	35	To make continuous, to give continuity to.
CONTR	35	Abbreviation of contraction.
CONTRIB	35	Clipping of contribution
CONURES	43	plural of conure
CONVOKER	40	One who convokes or calls together.
CONVOKERS	38	plural of convoker
COOCCURS	30	third-person singular simple present indicative of cooccur
COOINGLY	43	In a cooing way.
COONDOGS	43	plural of coondog
COONCAN	29	A card game originally from Mexico, similar to rummy where the object is to form sequences.
COPULAE	38	plural of copula
CORBAN	40	An offering to God, especially in fulfilment of a vow.
CORBIE	35	A raven or crow (typically Corvus corax).
CORBIES	38	plural of corbie
CORIUM	35	the deep vascular inner layer of the skin
CORNUA	38	plural of cornu
CORRODER	35	One who or that which corrodes.
CORRODERS	33	plural of corroder
CORTISOL	40	A glucocorticoid steroid hormone produced by the adrenal cortex that mediates various metabolic processes (such as gluconeogenesis), has anti-inflammatory and immunosuppressive properties, and whose levels in the blood may become elevated in response to physical or psychological stress.
CORVET	35	Obsolete spelling of corvette.
CORYBANT	40	Alternative spelling of Korybant.
COSHERED	29	simple past and past participle of cosher
COTENURE	40	joint tenure
COTILLONS	43	plural of cotillon
COULDEST	29	second-person singular simple past indicative of can
COUMARIN	40	The bicyclic aromatic compound 1,2-benzopyrone or any of its derivatives.
COUPONLESS	35	Without a coupon or coupons.
COURLAND	40	A region in western Latvia.
COUSINRY	35	Collectively, someone's cousins
COUTER	40	A piece of armor which covers the elbow.
COUTERS	38	plural of couter
COUTHINESS	30	The quality of being couthie.
COVETERS	43	plural of coveter
COWBANES	33	plural of cowbane
COWHIDING	43	present participle and gerund of cowhide
COZENERS	43	plural of cozener
COZING	35	present participle and gerund of coze
CRACKY	40	Having lots of cracks.
CRADLERS	43	plural of cradler
CRAGGILY	38	In a craggy way.
CRANIOTOMIES	38	plural of craniotomy
CRANIOTOMY	40	a surgical opening through the skull
CREAMILY	43	In a creamy manner.
CRIBBERS	43	plural of cribber
CRIBWORK	40	cribbing (structural members)
CRINITES	33	plural of crinite
CRIOLLOS	43	plural of criollo
CRIPPLERS	33	plural of crippler
CRISPILY	38	In a crispy manner.
CRITTURS	29	plural of crittur
CROKER	35	Croke Park, the largest stadium of Ireland, home of the Gaelic games.
CROTCHED	35	Having a crotch or fork; forked.
CROUPILY	33	In a croupy manner.
CROWDIES	38	plural of crowdie
CROWERS	43	plural of crower
CROWFEET	40	plural of crowfoot
CROWNER	40	One who, or that which, crowns.
CROWNERS	38	plural of crowner
CRUMBUM	35	An objectionable or foolish person.
CRUMBUMS	33	plural of crumbum
CRUMMIES	33	plural of crummy
CRUNKLE	35	To crumple.
CRUSADOS	40	plural of crusado
CRUZADO	40	The monetary unit of Brazil from 1986 to 1990.
CRUZADOS	40	plural of cruzado
CRYINGLY	38	While crying; with tears.
CUFT	35	the volume equal to a cube one foot on each side
CUBAGES	43	plural of cubage
CUBICS	43	plural of cubic
CULEBRA	40	a small island off the coast of Puerto Rico with miles of beautiful beaches
CULINARILY	43	In a culinary context.
CULLISES	43	plural of cullis
CUMBERER	35	Someone or something that cumbers
CUMMING	10	present participle and gerund of cum
CUNA	35	A member of an indigenous group of Panama and Colombia.
CUPELS	43	plural of cupel
CURABLY	38	In a curable manner.
CURATRIX	29	A female curator, guardian, or custodian
CURBABLE	35	Capable of being curbed.
CURBLESS	40	Without a curb (raised margin).
CURDIER	38	comparative form of curdy: more curdy
CURDIEST	38	superlative form of curdy: most curdy
CURELESS	40	Lacking a cure; incurable.
CURIAL	40	Pertaining to a court; courtly.
CURLIKE	35	Resembling or characteristic of a cur.
CURRED	38	simple past and past participle of curr
CURRING	38	present participle and gerund of curr
CURVEDLY	43	In a curved manner.
CUSKS	35	plural of cusk
CUTWATER	40	The forward curve of the stem of a ship.
CUXHAVEN	35	A town, port, and rural district (Landkreis) in Lower Saxony, Germany.
CYANIDED	35	simple past and past participle of cyanide
CZARDOMS	38	plural of czardom
DADDLING	29	present participle and gerund of daddle
DAEMONIC	29	Archaic spelling of demonic.
DAIMONIC	35	In the way of a daimon; befitting a demon; fiendish.
DALASIS	43	plural of dalasi
DAMMAR	35	Alternative form of damar.
DAMMARS	33	plural of dammar
DANEGELD	29	A tax raised originally to pay tribute or protection money to the Viking raiders in the 10th and 11th centuries to save a land from being ravaged, and later continued as a land tax.
DANEWEED	29	Synonym of danewort (“the plant Sambucus ebulus”).
DARBYITE	40	A member of the Exclusive Brethren.
DARKENERS	38	plural of darkener
DARTLING	43	present participle and gerund of dartle
DATCHA	35	Alternative spelling of dacha.
DATIVELY	38	As a gift.
DATONG	35	A prefecture-level city of Shanxi, China.
DAUBES	43	plural of daube
DAUNTERS	33	plural of daunter
DAYBOYS	43	plural of dayboy
DAYAK	30	A member of the indigenous ethnic groups of Borneo.
DELAND	35	A city, the county seat of Volusia County, Florida, United States. Named after Henry Addison DeLand.
DEACONED	38	simple past and past participle of deacon
DEACONRY	40	deaconship
DEAERATE	40	remove air or gas from
DEBATINGLY	43	In the manner of a debate, so as to debate.
DEBRIDE	35	To remove necrotic tissue or foreign matter from (a wound or the like).
DEBRIDED	33	simple past and past participle of debride
DEBRIDES	33	third-person singular simple present indicative of debride
DEBRIDING	33	present participle and gerund of debride
DECIARES	29	plural of deciare
DECILLIONTHS	43	plural of decillionth
DECRIALS	33	plural of decrial
DECUPLES	43	plural of decuple
DECUPLING	43	present participle and gerund of decuple
DEEPENER	35	One who, or that which, deepens.
DEEPENERS	33	plural of deepener
DEERWEED	35	The vetch Acmispon glaber
DEFERRERS	38	plural of deferrer
DEFIABLE	40	That can be defied.
DEFORCED	43	simple past and past participle of deforce
DEFORCES	43	third-person singular simple present indicative of deforce
DEFUZE	35	Uncommon spelling of defuse.
DEFUZED	35	simple past and past participle of defuze
DEFUZES	35	third-person singular simple present indicative of defuze
DEFUZING	33	present participle and gerund of defuze
DEGASSES	38	third-person singular simple present indicative of degas
DEGERMED	38	simple past and past participle of degerm
DEGERMING	38	present participle and gerund of degerm
DEGERMS	38	third-person singular simple present indicative of degerm
DEGUSTED	43	simple past and past participle of degust
DEGUSTING	43	present participle and gerund of degust
DEGUSTS	43	third-person singular simple present indicative of degust
DEHORNER	35	A device for cutting the horns off an animal's head.
DEHORNERS	33	plural of dehorner
DEICIDAL	35	Of or pertaining to deicide.
DEIFIER	35	One who deifies.
DEIFIERS	35	plural of deifier
DELATE	40	To carry; to convey.
DELATED	40	simple past and past participle of delate
DELATES	38	third-person singular simple present indicative of delate
DELATING	38	present participle and gerund of delate
DELFTS	43	plural of delft
DELIMED	38	simple past and past participle of delime
DELIMING	38	present participle and gerund of delime
DEMONESSES	40	plural of demoness
DEMOTIST	40	One versed in the ancient Egyptian demotic writing.
DEMOTISTS	38	plural of demotist
DENDRON	35	A slender projection of a nerve cell which conducts nerve impulses from a synapse to the body of the cell; a dendrite.
DENDRONS	33	plural of dendron
DENTILS	38	plural of dentil
DENTINAL	40	Of or relating to dentin or dentine.
DENUDATED	33	simple past and past participle of denudate
DENUDATES	33	third-person singular simple present indicative of denudate
DENUDATING	33	present participle and gerund of denudate
DEORBITS	43	third-person singular simple present indicative of deorbit
DEPENDER	40	An agent that depends on another agent, the dependee; the subject of a dependency, a dependent (used in agent-oriented programming)
DEPENDERS	38	plural of depender
DEPEOPLE	40	To depopulate.
DEPICTERS	38	plural of depicter
DEPICTOR	35	Alternative form of depicter.
DEPICTORS	33	plural of depictor
DEPRAVER	35	One who depraves or corrupts.
DEPRAVERS	33	plural of depraver
DERAILER	35	One who, or that which, derails.
DERAILERS	33	plural of derailer
DESALTERS	33	plural of desalter
DESCRIERS	33	plural of descrier
DESERTIC	35	Of or pertaining to a desert or deserts.
DESMAN	40	Either of two species, Desmana moschata or Galemys pyrenaicus, of aquatic or semiaquatic insectivore of the mole family, Talpidae, found in Europe.
DESTAINS	43	third-person singular simple present indicative of destain
DESTRIER	35	A large warhorse, especially of a medieval knight.
DESTRIERS	33	plural of destrier
DETECTERS	33	plural of detecter
DETICK	40	free (a pet) of ticks
DETICKED	38	simple past and past participle of detick
DETICKING	38	present participle and gerund of detick
DETICKS	38	third-person singular simple present indicative of detick
DEVEST	35	To divest; to undress.
DEVESTED	33	simple past and past participle of devest
DEVESTING	33	present participle and gerund of devest
DEVOUTER	38	comparative form of devout: more devout
DEWILY	38	In a dewy manner.
DEWLESS	35	Without dew.
DEWORM	35	To cause (an animal) to excrete any worms in the digestive tract by the administration of drugs.
DEWORMED	33	simple past and past participle of deworm
DEXTRO	40	Dextrorotatory.
DEXY	35	A tablet of dexedrine.
DHURRIES	43	plural of dhurrie
DIABLERY	29	sorcery
DIADEMED	35	simple past and past participle of diadem
DIALIST	35	A maker of, user of, or expert in sundials
DIALISTS	33	plural of dialist
DIALLAGE	35	A figure of speech in which multiple arguments are brought to bear on a single point.
DIBBLER	35	A small mouse-like marsupial, (Parantechinus apicalis), of southwest Western Australia.
DIBBLERS	33	plural of dibbler
DICAST	35	A kind of juror.
DICASTS	33	plural of dicast
DICHOTIC	35	That stimulates each ear with a different pitch or loudness
DIDACTYL	40	Having only two toes, fingers or claws.
DIELDRIN	35	A cyclodiene insecticide, related to aldrin, that is a persistent organic pollutant.
DIETHYL	35	Two ethyl groups attached to the same molecule.
DIGHTING	33	present participle and gerund of dight
DIGLOT	35	A bilingual inscription, book, or person.
DIGRAMS	43	plural of digram
DILATANT	35	Tending to dilate, or causing dilation.
DIMETERS	38	plural of dimeter
DIMETHYL	35	Two methyl groups in a molecule.
DINKED	33	simple past and past participle of dink
DINKING	33	present participle and gerund of dink
DIORAMIC	40	Pertaining to a diorama.
DIORITIC	35	Containing diorite.
DIPLOPOD	40	Any animal of the class Diplopoda: a millipede.
DIPLOPODS	38	plural of diplopod
DIRECTERS	33	plural of directer
DIRECTORAL	35	Alternative form of directorial.
DIRKED	38	simple past and past participle of dirk
DIRKING	38	present participle and gerund of dirk
DISANNULS	43	third-person singular simple present indicative of disannul
DISBOSOM	29	Synonym of unbosom.
DISBOWEL	29	To disembowel.
DISCASING	33	present participle and gerund of discase
DISCED	38	simple past and past participle of disc
DISCING	38	present participle and gerund of disc
DISCURSION	40	The action of hurriedly moving hither and thither.
DISLIKER	35	One who dislikes.
DISLIKERS	33	plural of disliker
DISMES	38	plural of disme
DISROBER	35	One who disrobes.
DISROBERS	33	plural of disrober
DISTENSIVE	35	Distending, or capable of being distended; expanding or spreading out.
DISTRAINED	43	simple past and past participle of distrain
DISTRAINING	43	present participle and gerund of distrain
DISTRAINS	43	third-person singular simple present indicative of distrain
DIU	40	Initialism of Dhaka International University (a university in Dhaka, Bangladesh).
DIURNALS	38	plural of diurnal
DIVERTERS	43	plural of diverter
DIVIDIVI	35	small thornless tree or shrub of tropical America whose seed pods are a source of tannin
DIVINISE	37	Alternative spelling of divinize.
DIVINYL	35	Two vinyl functional groups in a molecule
DIVORCER	35	The person or cause that produces or effects a divorce.
DIVORCERS	33	plural of divorcer
DIVORCIBLE	35	Alternative form of divorceable.
DIVULGERS	38	plural of divulger
DIZEN	35	dress up garishly and tastelessly
DJERBA	35	An island of Tunisia.
DOBBIES	43	plural of dobby
DOBIES	35	plural of Dobie
DOBRA	40	the basic unit of money on Sao Tome e Principe
DOBRAS	38	plural of dobra
DOBSONS	38	plural of dobson
DOGEDOM	35	The role or status of doge (chief magistrate).
DOGEDOMS	33	plural of dogedom
DOGESHIP	35	The role or status of doge (chief magistrate).
DOGGIER	43	comparative form of doggy: more doggy
DOGGIEST	43	superlative form of doggy: most doggy
DOGONS	43	plural of Dogon
DOLERITE	35	A type of fine-grained basaltic rock.
DOLESOME	40	Characterised or marked by sorrow and grief; doleful; dismal; gloomy.
DOLMANS	43	plural of dolman
DOMELIKE	40	Resembling a dome.
DONATIST	35	of or relating to Donatism
DOSSDOWN	35	sleep in a convenient place
DOTARDLY	33	Like a dotard; foolish and weak.
DOTLIKE	35	Resembling or characteristic of a dot.
DOUAI	35	A commune in Nord department, Hauts-de-France, northern France.
DOVEKIES	43	plural of dovekie
DOWNRUSHES	43	plural of downrush
DOZENTHS	29	plural of dozenth
DRABBING	39	present participle and gerund of drab
DRACONID	35	Any of several meteor showers that appear to radiate from the constellation Draco.
DRAFTILY	39	In a drafty manner.
DRAGGERS	38	plural of dragger
DRAGGIER	43	comparative form of draggy: more draggy
DRAKEFLY	40	mayfly
DRAPABLE	39	Alternative form of drapeable.
DREGGISH	39	Foul with lees; dirty.
DRESSILY	39	In a dressy manner.
DROPHEAD	29	A drophead coupé.
DROPSIED	39	Suffering from dropsy (edema).
DROSSIER	39	comparative form of drossy: more drossy
DROWNERS	39	plural of drowner
DROWNINGLY	43	While, or as if, drowning.
DRUGLESS	40	without the use of drugs
DRUIDESS	35	A female druid.
DRUMFISH	40	Any fish of the family Sciaenidae; they make a loud noise by means of an air bladder.
DRYADES	29	plural of dryade
DUALISED	37	simple past and past participle of dualise
DUALISES	37	third-person singular simple present indicative of dualise
DUALIZED	39	simple past and past participle of dualize
DUALIZES	39	third-person singular simple present indicative of dualize
DUBINSKY	35	A surname from Russian.
DUDISHLY	43	In a dudish manner.
DUMPILY	39	In a dumpy manner.
DUMPISH	39	Stupid, dull.
DUNCIAD	39	Any satirical poem like The Dunciad by Alexander Pope.
DURKHEIM	40	French sociologist and first professor of sociology at the Sorbonne (1858-1917)
DUSKISH	39	Somewhat dusky.
DUSTILY	39	In a dusty way.
DUUMVIRS	38	plural of duumvir
DUX	35	The top (male or female) academic student in a school, or in a year of school; the top student in a specified academic discipline.
DYEWOODS	38	plural of dyewood
DYNATRON	40	A tetrode in which the voltage on the screen grid is higher than that on the control grid, causing the plate current to decrease as plate voltage increases; was used in oscillators.
DYSPEPSY	39	dyspepsia
EARLOCK	39	A lock of curly hair worn by the ear, often by Jewish men for religious reasons, and formerly by Elizabethan dandies.
EARREACH	40	the range within which a voice can be heard
ECHOGRAM	40	sonogram
ECOTYPIC	39	Of or pertaining to an ecotype
EDGEHILL	40	A hamlet on the Edge Hill escarpment in Ratley and Upton parish, Stratford-on-Avon district, Warwickshire, England (OS grid ref SP3747).
EELPOUTS	43	plural of eelpout
EFFULGES	39	third-person singular simple present indicative of effulge
EIGHTHLY	39	In the eighth place; eighth in a row.
ELATIVES	39	plural of elative
ELFISHLY	39	In an elfish manner; mischievously.
ELFLOCK	39	A lock of hair that is tangled.
ELIDIBLE	39	Capable of being elided.
ELSEWHERES	30	plural of elsewhere
ELVISHLY	39	In an elvish manner.
EMBARRAS	40	Embarrassment; confusion, uncertainty.
EMBAYED	43	simple past and past participle of embay
EMBEDDER	39	One who, or that which, embeds.
EMBRYOID	39	Of, pertaining to, or resembling an embryo
EMMARBLE	40	Alternative form of enmarble.
EMPERIES	43	plural of empery
EMPIRICS	39	plural of empiric
EMPTIERS	39	plural of emptier
EMSWORTH	35	A small coastal town and ward in Havant borough, Hampshire, England (OS grid ref SU7405).
EMULSOID	39	A colloid solution consisting of a suspension of liquid particles in a liquid.
ENCHASED	43	simple past and past participle of enchase
ENCUMBERERS	43	plural of encumberer
ENDEAVORERS	43	plural of endeavorer
ENFACED	43	simple past and past participle of enface
ENFACES	43	third-person singular simple present indicative of enface
ENFACING	43	present participle and gerund of enface
ENFEOFFS	43	third-person singular simple present indicative of enfeoff
ENFIELDS	38	plural of Enfield
ENFOLDER	39	One who, or that which, enfolds.
ENGAGER	39	One who, or that which, engages.
ENISLING	39	present participle and gerund of enisle
ENJOYINGLY	43	With enjoyment.
ENSERFED	39	simple past and past participle of enserf
ENSPIRIT	39	Alternative form of inspirit.
ENSURERS	39	plural of ensurer
ENTOIL	39	To capture with, or as if with, toils or nets; to ensnare or catch out.
ENTROPIA	39	plural of entropion
ENURETIC	39	Pertaining to, or afflicted by, enuresis; tending to wet the bed.
ENWOMB	35	To place or cause to be contained in the womb; to make pregnant; to conceive.
ENWOMBED	33	Pregnant.
EPIDEMICAL	40	Alternative form of epidemic.
EPISTLER	39	A writer of an epistle.
EPISTYLE	40	A massive piece of stone or wood laid immediately on the abacus of the capital of a column or pillar; an architrave.
EPITOMIC	39	embodying, summarizing, encapsulating
EPSOMITE	40	An evaporite, consisting of magnesium sulphate, also found in fumaroles, with the chemical formula MgSO₄·7H₂O.
EQUINELY	39	In an equine manner.
EQUINITY	39	The quality of being equine.
EQUITANT	39	Mounted on, or sitting upon, a horse; riding on horseback.
EQUIV	39	Abbreviation of equivalent.
ERASIONS	39	plural of erasion
ERECTIVE	39	Making erect or upright; raising.
EREWHILE	39	Some time ago; beforehand; formerly.
EROSELY	39	In an erose manner.
EROSIBLE	39	Synonym of erodible.
EROTISED	37	simple past and past participle of erotise
ESCALOPS	39	plural of escalop
ESCUAGES	39	plural of escuage
ESKIMOAN	39	Of or pertaining to the Eskimos.
ESTATING	39	present participle and gerund of estate
ETHICISE	37	Alternative form of ethicize.
EUCALYPTIC	40	Of, resembling, or characterized by eucalyptus trees.
EVERTORS	39	plural of evertor
EVULSING	33	present participle and gerund of evulse
EVZONE	39	A member of the Greek presidential guard.
EXACTERS	39	plural of exacter
EXARCHS	40	plural of exarch
EXCITORS	29	plural of excitor
EXCRETAL	15	Relating to excretion or to excrement.
EXCRETER	39	One who excretes.
EXEQUY	39	Funeral rites.
EXHUMERS	39	plural of exhumer
EXPOSALS	39	plural of exposal
EXTENDEDLY	43	In an extended manner.
EYELETED	38	simple past and past participle of eyelet
EYELIKE	39	suggesting an eye or eyes
FACEABLE	39	Capable of being faced (in various senses).
FACILELY	39	In a facile manner.
FADEDLY	39	In a faded manner.
FAIRBORN	40	A city in Bath Township, Greene County, Ohio, United States.
FALLINGS	39	plural of falling
FALTBOAT	29	A kind of collapsible canoe.
FAMELESS	39	Without fame.
FAMILISM	39	The beliefs or practice of the Family of Love religious sect, active in sixteenth century England.
FANFARON	40	A boaster; a braggart.
FANGLESS	39	Without fangs.
FARCEURS	39	plural of farceur
FARRIERY	39	The work done by a farrier.
FASCISTA	5	an Italian fascist under Mussolini
FATTILY	39	In a fatty way.
FAUNALLY	39	With regard to the fauna of a region.
FAUNLIKE	35	Resembling or characteristic of a faun.
FAVORERS	39	plural of favorer
FAVOURER	29	Alternative form of favorer.
FEATLY	39	Properly; suitably.
FEEDABLE	39	Capable of being fed (given food).
FEETLESS	39	Without feet.
FELICIAS	38	plural of felicia
FELINELY	39	In a feline manner.
FELINITY	39	The state of being feline.
FELLABLE	39	Able, or fit, to be felled.
FELLATES	10	third-person singular simple present indicative of fellate
FELLNESS	39	The state or quality of being fell; awfulness, horror, cruelty.
FELLOWLY	39	Fellowlike; companionable, sociable or sympathetic.
FELTINGS	39	plural of felting
FEMINACY	39	effeminacy
FENCIBLE	39	Capable of being defended
FERNHILL	39	A suburb of Bury, Greater Manchester, England (OS grid ref SD8011).
FETIDLY	39	In a fetid manner.
FETTERER	39	One who fetters.
FEVERING	39	present participle and gerund of fever
FIBERISE	37	Non-Oxford British English spelling of fiberize.
FIDELISM	35	Synonym of Castrism.
FIDELIST	35	Synonym of Castrist.
FIELDPEA	40	coarse small-seeded pea often used as food when young and tender
FIGURATE	39	Forming a figure.
FIL	40	A Nordic dairy product, similar to yogurt, but using different bacteria which give a different taste and texture.
FILEFISH	35	narrow flattened warm-water fishes with leathery skin and a long file-like dorsal spine
FILIALLY	39	In a filial manner.
FILMCARD	40	A card containing microfilm data, used in a microfiche system.
FILMILY	39	In a filmy manner.
FINGERFISH	40	Alternative form of finger fish.
FINGERFISHES	38	plural of fingerfish
FINIALED	39	Alternative spelling of finialled.
FINIF	39	A five-dollar bill (note).
FININGS	39	Substances added to wine, beer and certain other beverages to remove organic compounds in order to improve clarity or to adjust the flavour or aroma.
FINNIER	39	comparative form of finny: more finny
FINNIEST	39	superlative form of finny: most finny
FINOCHIO	39	Alternative spelling of finocchio.
FIREWORM	39	The larva of any of several tortricid moths (family Tortricidae).
FISA	35	Acronym of Foreign Intelligence Surveillance Act.
FISHKILL	40	An environmental event in which fish are killed.
FITTABLE	39	Capable of being fitted.
FIXUPS	39	plural of fixup
FLAGGIER	39	comparative form of flaggy: more flaggy
FLAGGY	39	Hanging down; drooping, pendulous.
FLAKELET	30	A small flake.
FLAKER	39	A tool or appliance used to break flakes off a piece of material or something into it.
FLAKILY	39	In a flaky way.
FLAMIER	39	comparative form of flamy: more flamy
FLATFILE	40	a file with two flat surfaces
FLATWAYS	39	Alternative form of flatwise.
FLATWISE	39	With a flat side down or otherwise in contact with a flat surface.
FLECKY	39	Having flecks.
FLEECILY	39	In a fleecy way.
FLENCHED	29	simple past and past participle of flench
FLENCHES	29	third-person singular simple present indicative of flench
FLEXURAL	39	of, or relating to, flexure
FLINTILY	39	In a flinty manner.
FLOATIER	43	comparative form of floaty: more floaty
FLOORMAN	39	One who works on the shop floor of a retail establishment.
FLOPPILY	39	In a floppy manner.
FLORALLY	39	In a floral way; with flowers or something that suggests them.
FLORICAN	39	Either of two species in the bustard family Otididae, Houbaropsis bengalensis or Sypheotides indicus.
FLOUTERS	38	plural of flouter
FLUESTOP	40	an organ stop with the tone of a flue pipe
FLUFFILY	39	In a fluffy way.
FLYLOFTS	43	plural of flyloft
FLYBELTS	38	plural of flybelt
FLYBLOWS	39	plural of flyblow
FOAMILY	39	In a foamy manner.
FOAMLESS	39	Without foam.
FOCUSER	40	A device which allows one to adjust the focus of an instrument such as a telescope.
FOLIOING	39	present participle and gerund of folio
FOLKWAYS	39	plural of folkway
FONDS	39	plural of fond
FOOTBOYS	43	plural of footboy
FOOZLERS	39	plural of foozler
FORCEDLY	39	In a manner that is, or seems, forced.
FORDLESS	39	Without a ford.
FOREADVISED	43	simple past and past participle of foreadvise
FOREADVISES	43	third-person singular simple present indicative of foreadvise
FOREADVISING	43	present participle and gerund of foreadvise
FOREBODY	40	The forepart of a vehicle; foreside.
FORGOER	39	A person who forgoes
FORKEDLY	39	In a forked shape or pattern.
FORKER	39	An agricultural laborer who uses a fork.
FORKIER	39	comparative form of forky: more forky
FORKLESS	39	Without a fork or forks.
FORMFUL	39	creative; imaginative;
FORSAKER	39	One who forsakes.
FORSPENT	39	exhausted
FOSSEWAY	40	A Roman military road built with a fosse or ditch on either side for drainage and defense purposes.
FOXGRAPE	40	native grape of northeastern United States; origin of many cultivated varieties e.g. Concord grapes
FPO	40	Initialism of frame pointer omission.
FRASCATI	30	An Italian white wine from the region around the town of Frascati.
FRAYINGS	39	plural of fraying
FREAKILY	39	In a freaky manner.
FREEZINGLY	43	In a way that is freezing; with intense cold.
FREIBURG	30	A canton of Switzerland. (the German name)
FRIARLY	39	Befitting a friar.
FRIVOLER	39	One who frivols, or acts frivolously.
FRIZZLER	39	One who, or that which, frizzles.
FROGEYE	39	The Austin-Healey Sprite, a small open sports car produced in the United Kingdom from 1958 to 1971.
FRONTLET	40	an adornment worn on the forehead
FROWZILY	39	In a frowzy manner
FSAS	43	plural of FSA
FUBBING	29	present participle and gerund of fub
FUBSIER	29	comparative form of fubsy: more fubsy
FUMELESS	39	Without fumes.
FURLABLE	39	Capable of being furled, or rolled up.
FURLER	39	A person or device that furls a flag, a sail, etc.
FURNACED	39	having a particular type or number of furnaces
FURRILY	39	In a furry manner.
FURROWY	39	Having furrows.
FUSELOIL	35	a mixture of amyl alcohols and propanol and butanol formed from distillation of fermented liquors
FUSIBLY	39	In a fusible manner.
FUSILEER	29	Alternative form of fusilier.
FUSIONAL	39	Tending to overlay many morphemes in a manner that can be difficult to segment.
FUT	35	Alternative form of 'sfoot.
FUZHOU	39	A prefecture-level city, the provincial capital of Fujian, China.
GALENIC	39	of, or containing galena
GALILEES	39	plural of galilee
GALLIA	39	A surname from Italian.
GANGPLOW	40	a plough having two or more shares, coulters, and mouldboards designed to work simultaneously.
GANGLIAL	39	Of or pertaining to a ganglion
GANGLIAR	39	Relating to the ganglia.
GANGUE	39	The earthy waste substances occurring in metallic ore.
GAOLBREAKS	43	plural of gaolbreak
GARGOYLISM	40	the dysmorphic facial features found in Hurler's syndrome and Hunter syndrome, characterized by thickened gingiva (gums) and upturned nose
GAROTE	39	Alternative spelling of garrote.
GAROTTER	39	Alternative spelling of garrotter.
GASIFORM	39	Having the form of a gas; gaseous.
GAUCHELY	39	In a gauche manner.
GAULISH	39	Of or pertaining to Gaul.
GAUZILY	39	In a gauzy manner.
GCD	40	Initialism of greatest common divisor.
GELIDLY	39	In a gelid manner; coldly, icily.
GEMMIEST	39	superlative form of gemmy: most gemmy
GERGEN	39	A surname.
GEZIRA	39	An island in the Nile, in central Cairo, Egypt.
GHASTFUL	39	Causing fear; terrifying.
GHAZIS	39	plural of ghazi
GHQ	30	military headquarters from which a military commander controls and organizes the forces
GIAOUR	39	A non-Muslim, especially a Christian, an infidel; especially as used by Turkish people with particular reference to Christians such as Greeks, Armenians, Bulgarians, Serbs and Assyrians.
GIFTEDLY	39	In a gifted manner; with talent.
GINGIVA	39	the tissue (covered by mucous membrane) of the jaws that surrounds the bases of the teeth
GINNER	39	A person who operates a cotton gin.
GINNERS	39	plural of ginner
GIPPED	30	simple past and past participle of gip
GIPPING	30	present participle and gerund of gip
GIPSYING	39	present participle and gerund of gipsy
GIRDLER	39	A person who made girdles.
GIRDLERS	39	plural of girdler
GIRTED	39	simple past and past participle of girt
GLADDING	39	present participle and gerund of glad
GLARIER	39	comparative form of glary: more glary
GLEEMAN	39	A professional singer, bard, or other entertainer.
GLEEMEN	39	plural of gleeman
GLIMPSER	39	One who glimpses something.
GLIMS	30	plural of glim
GLOBATE	39	Having the form of a globe; spherical.
GLUCOSIC	39	Relating to glucose.
GLUTAMIC	39	Of, pertaining to, or derived from glutamic acid
GOBIAN	39	Of or relating to the Gobi desert.
GOBOES	39	plural of gobo
GODDEN	39	A surname.
GODLING	39	A minor divinity, a local or inferior god
GODLINGS	39	plural of godling
GODSHIPS	39	plural of godship
GOLDENLY	39	In a golden manner.
GOLDEYES	39	plural of goldeye
GONADIAL	39	Relating to the gonads.
GONENESS	39	The state or quality of being gone, i.e. no longer present.
GORMANDS	39	plural of gormand
GOSSIPRY	39	Spiritual relationship or affinity; gossiprede; special intimacy.
GOSSOON	29	A young boy, a servant boy; a lackey.
GOUTILY	39	In a gouty manner; as if affected with gout.
GRAFTAGE	39	The science of grafting, including the various methods of practice and details of operation.
GRAMARYE	39	Grammar; learning.
GRASPERS	39	plural of grasper
GRASSERS	39	plural of grasser
GRAVIDLY	39	In a gravid manner.
GRIDLEY	40	A surname.
GRIMILY	39	In a grimy manner.
GRINDERY	39	The materials used by leatherworkers.
GRITTILY	39	In a gritty way.
GRIZZLER	39	One who grizzles.
GRODIER	39	comparative form of grody: more grody
GROUTIER	39	comparative form of grouty: more grouty
GROUTY	39	Full of grout(s), that is, sediment.
GROWLIER	39	comparative form of growly: more growly
GRUDGER	39	Someone who holds a grudge.
GUELPH	39	In the politics of medieval Italian city states, any member of a faction that supported the Pope in a long struggle against the Ghibellines and the Holy Roman Emperor.
GULLIBLY	39	In a gullible way or manner.
GULLIED	39	simple past and past participle of gully
GUNLESS	39	Without guns.
GUNNINGS	39	plural of gunning
GUNSELS	39	plural of gunsel
GUSSIE	39	A diminutive of the male given name Augustus.
GUSTILY	39	In a gusty manner; in gusts.
GWEDUC	39	Alternative form of geoduck.
GYPPER	39	One who gyps; a cheat or swindler.
GYPSYDOM	39	The realm or sphere of gypsies.
HACKLERS	39	plural of hackler
HADJES	39	plural of hadj
HADRONIC	39	of, related to, or composed of hadrons
HAGBORN	39	Born of a hag or witch.
HAIKOU	39	The provincial capital and most populous prefecture-level city of Hainan province, China; located on the north side of Hainan island.
HAIRWORM	39	A nematomorph.
HALLABALOO	40	Alternative spelling of hullabaloo (“noise or uproar”).
HALLOED	29	simple past and past participle of hallo
HALLOES	29	plural of hallo
HALLOWEDLY	43	In a hallowed, sacred, or solemn manner; sacredly; solemnly.
HALSTEAD	29	A town and civil parish with a town council in Braintree district, Essex, England (OS grid ref TL8130).
HANCOCKITE	35	A mineral of the epidote group, with lead and strontium replacing some of the calcium.
HANDJOBS	10	plural of handjob
HANDFAST	30	A hold, grasp; custody, power of confining or keeping.
HARPINGS	39	The front part of the wales of a vessel, around the bow and fastened to the stem; used to provide protection from the seas.
HAVOCKER	39	A person who causes havoc.
HBARS	33	plural of hbar
HEADLY	39	Chief; principal; capital; (of sins) deadly.
HEDGIER	39	comparative form of hedgy: more hedgy
HEDGIEST	39	superlative form of hedgy: most hedgy
HEEBIE	39	Alternative form of Hebe (“a Jew”).
HEELINGS	39	plural of heeling
HEIRDOM	29	An inheritance or succession.
HEISTERS	39	plural of heister
HELLBOX	39	A receptacle where cast metal sorts were thrown after printing.
HELLED	39	simple past and past participle of hell
HELLING	39	present participle and gerund of hell
HELMLESS	39	Without a helm (steering apparatus of a ship).
HELVED	39	Having a helve
HEMICIRCLE	40	Synonym of semicircle (“half of a circle”).
HEMICIRCLES	38	plural of hemicircle
HEMIOLA	39	The articulation of two bars in triple time as if they were three bars in duple time.
HEMOGRAM	39	A detailed record of various blood tests.
HEMOLYSE	29	Alternative form of hemolyze.
HEMOLYZE	39	To subject to hemolysis.
HEMPSEED	39	seed of cannabis plant; can be eaten raw, ground into a meal, sprouted, or made into dried sprout powder.
HEPATISE	37	Alternative form of hepatize.
HEPATIZE	29	To impregnate with sulphureted hydrogen gas (formerly called hepatic gas).
HERALDSHIPS	43	plural of heraldship
HERBLESS	39	Destitute of herbs or vegetation.
HEREWITHAL	30	herewith
HERMITICAL	40	characterized by ascetic solitude
HERMITRY	39	The state of living as a hermit.
HEROISED	37	simple past and past participle of heroise
HEROISES	37	third-person singular simple present indicative of heroise
HETAERIC	29	Of or relating to a hetaera.
HETEROTYPE	35	The heterotypic stage in meiosis.
HEXENE	39	Any of several isomers of the alkene having six carbon atoms and one double bond
HIDDENLY	39	In a hidden manner.
HIDELESS	39	Without a hide; skinless.
HIGHERMOST	35	Uppermost; in the highest position.
HIJAZ	39	Alternative form of Hejaz:
HILLOCKY	39	Resembling a hillock.
HIPPIER	39	comparative form of hippy: more hippy
HOARILY	39	In a hoary manner.
HOCUSING	39	present participle and gerund of hocus
HOGLIKE	39	Resembling or characteristic of a hog.
HOLELESS	39	Without a hole or holes.
HOLYTIDE	39	A holy day, or religious festival.
HOMAGER	39	One who pays feudal homage, hence a vassal.
HOMAGERS	39	plural of homager
HOMELESSLY	43	In a homeless manner; without a home.
HONEYFUL	39	Full of honey.
HOODLESS	39	Not having, or wearing, a hood.
HOOFLESS	39	Without hooves.
HOOPLESS	29	Without a hoop or hoops.
HOORAHED	39	simple past and past participle of hoorah
HORMONIC	39	Relating to hormones.
HORNTAIL	39	The wood wasp.
HOROSCOPERS	43	plural of horoscoper
HORSEPOX	29	A disease of horses caused by an orthopoxvirus.
HORSILY	39	In a horsy manner.
HULLOED	39	simple past and past participle of hullo
HULLOING	29	present participle and gerund of hullo
HUMANEST	39	superlative form of humane: most humane
HUMORFUL	39	humorous; comical
HUMPIER	39	comparative form of humpy: more humpy
HUNLIKE	39	rare spelling of Hun-like
HUNTABLE	39	Capable of being hunted.
HUNTEDLY	39	In a hunted manner; as though being hunted.
HUNZA	39	A valley in northern Gilgit-Baltistan, Pakistan.
HURRAYED	39	simple past and past participle of hurray
HURTLESS	39	Not causing hurt; harmless.
HYKSOS	39	A mixed group of Asiatic people from Western Asia who took over the eastern Nile Delta, ending the Thirteenth Dynasty of Egypt and initiating the Second Intermediate Period.
HYMENEALLY	43	In terms of, or by means of, marriage.
HYPNOTIZERS	43	plural of hypnotizer
HYPODERM	39	Alternative form of hypodermis.
IAMBICALLY	38	According to iambic meter.
ICHTHYIC	39	Of, pertaining to, or like fish; piscine.
IDOLOCLASTS	43	plural of idoloclast
IMAMATES	39	plural of imamate
IMBARKED	39	simple past and past participle of imbark
IMBECILELY	43	In an imbecile manner.
IMITATEE	39	One that is imitated
IMMORTABLE	40	Able to become immortal.
IMPEARLS	43	third-person singular simple present indicative of impearl
IMPINGER	39	Any of several instruments in which fine particles (dust) in a gas are analysed by blowing them through a jet onto a wetted plate, prior to being counted. Typically used for particle analysis
IMPORTUNERS	43	plural of importuner
IMPUTERS	39	plural of imputer
INCITANT	39	Inciting; stimulating.
INCIVIL	39	Displaying a lack of courtesy; rude, impolite.
INCLOSER	39	Archaic spelling of encloser.
INDENTOR	39	A person who is a representative for a foreign company, product or a person, and who gets commission or royalty on any transaction which takes place in his home country irrespective of whether the transaction has taken place out of his effort or consent.
INDESCRIPT	35	undescribed
INDICTER	39	Someone who indicts.
INDICTOR	39	Someone who indicts.
INDIGNANCE	40	indignation
INDIGNANCY	40	indignation
INDIVISION	40	The absence of division; an undivided state.
INDOCTRINE	40	Archaic form of indoctrinate.
INDOCTRINED	38	simple past and past participle of indoctrine
INDOCTRINES	38	third-person singular simple present indicative of indoctrine
INDOCTRINING	38	present participle and gerund of indoctrine
INERRINGLY	38	Archaic form of unerringly.
INFECTER	39	Someone or something that infects.
INFESTER	39	something that infests.
INFESTMENT	35	Synonym of infestation.
INFESTMENTS	33	plural of infestment
INFLAMER	39	Something that inflames.
INFOLDER	39	Archaic form of enfolder.
INSOCIABLY	43	In an insociable manner.
INSOLVABLY	43	In an insolvable manner.
INSPHERE	40	Archaic form of ensphere.
INSPIREDLY	43	In an inspired manner
INSURANT	39	Synonym of insured.
INUNDANT	39	overflowing
INURBANELY	38	In an inurbane manner.
INVARIANCY	35	Alternative form of invariance.
INVECTED	39	Having a border consisting of semicircles with the convex part outwards (and the points inwards).
INVENTABLE	40	Capable of being invented.
INVENTER	39	Alternative form of inventor.
INVOLVER	39	Someone or something that involves.
IREDELL	39	A surname.
IRRADICATE	40	to root deeply
IRRADICATED	38	simple past and past participle of irradicate
IRRADICATES	38	third-person singular simple present indicative of irradicate
IRRADICATING	38	present participle and gerund of irradicate
ISOGONALLY	38	In an isogonal manner.
ISOLATEDLY	43	In an isolated manner.
ISSUABLY	39	In an issuable manner; by way of issue.
ISTHMIC	39	Relating to an (anatomical) isthmus.
ITEMING	29	present participle and gerund of item
IZMIT	39	A city in Kocaeli Province, Turkey.
JADISHLY	39	In a jadish manner.
JAGLESS	39	Without a jag, or drinking spree; free from alcohol.
JANITRIX	35	A female janitor.
JANITRIXES	33	plural of janitrix
JAPANIZE	10	To Nipponize.
JATOS	39	plural of jato
JAV	35	Clipping of javelin.
JEFFRIES	39	A surname originating as a patronymic.
JEOPARD	39	To put in jeopardy; to expose to loss or injury
JERRYS	39	plural of Jerry
JIGLIKE	39	Resembling or characteristic of a jig (dance).
JIVIEST	39	superlative form of jivey: most jivey
JOCKOS	39	plural of jocko
JOHORE	39	Alternative form of Johor.
JOINABLE	39	That can be joined.
JORY	40	A male given name.
JOYANCE	29	Enjoyment, joy, delight.
JUGAL	39	Relating to a jugum.
JUGATE	39	Forming a pair.
JUMPABLE	39	Able to be jumped.
JURYLESS	39	Without a jury.
JUVENILIZE	40	To maintain in a juvenile state.
JUVENILIZED	38	simple past and past participle of juvenilize
JUVENILIZES	38	third-person singular simple present indicative of juvenilize
JUVENILIZING	38	present participle and gerund of juvenilize
KAPOOR	39	Alternative form of Kapur.
KEELLESS	39	having no keel.
KEEPABLE	39	That can be kept or is worth keeping.
KERATOID	39	Of a cusp, having its two branches curving in opposite directions.
KERBING	29	present participle and gerund of kerb
KERFLOP	39	The sound of something flopping heavily, or moving along in a flopping manner.
KEYMAN	39	A telegraph operator.
KHEDIVES	39	plural of khedive
KIANGS	40	plural of kiang
KIBBLING	39	present participle and gerund of kibble
KILTING	39	present participle and gerund of kilt
KINDLERS	39	plural of kindler
KINEMAS	29	plural of kinema
KINGLESS	39	Without a king.
KIRTLED	29	Clothed or covered with, or as if with, a kirtle.
KITHARAS	39	plural of kithara
KNACKERY	35	Something to do with knackers.
KNIGHTSHIP	40	The honor bestowed that makes someone a knight.
KNOLLY	39	Having knolls; replete with knolls.
KNOTTER	39	A person who makes knots.
KNOUTED	39	simple past and past participle of knout
KNOUTING	39	A flogging with a knout.
KNUCKLY	39	Knucklelike.
KNURLIER	39	comparative form of knurly: more knurly
KULAKS	39	plural of kulak
KUN	35	In the Japanese language, the pronunciation, or reading, of a kanji character as a native Japanese word that means what the character represents, contrasted with on.
KYE	30	plural of cow
LABELLER	39	Alternative spelling of labeler.
LACUNARY	39	Of, pertaining to, or having characteristics of a lacuna.
LAMINARY	39	Alternative form of laminar.
LANCIERS	39	plural of lancier
LAPUTAN	39	not practical or realizable; speculative
LARDON	39	Meat strips used for larding, especially salted pork.
LARYNGAL	39	Alternative form of laryngeal.
LATHWORK	39	A covering of laths (strips)
LAVABOES	39	plural of lavabo
LAWING	39	Going to law; litigation.
LEACHATE	39	The liquid produced when water percolates through a permeable material.
LEADSMEN	39	plural of leadsman
LECHERED	39	simple past and past participle of lecher
LEDGIER	39	comparative form of ledgy: more ledgy
LEGUMINS	39	plural of legumin
LEVEEING	39	present participle and gerund of levee
LIBERATIVE	40	Relating to, or causing, liberation; freeing.
LICHGATE	40	a roofed gate to a churchyard, formerly used as a temporary shelter for the bier during funerals
LIEBIG	39	A surname from German.
LIFEFUL	39	Bestowing life; enlivening.
LIGHTFUL	39	Full of light; bright.
LIMACONS	39	plural of limacon
LIMBERLY	39	In a limber manner.
LIMINESS	39	The state or quality of being limy.
LINABLE	39	Alternative form of lineable.
LINELESS	39	Free of lines
LINGUIFORM	40	Shaped like a tongue.
LINGULA	39	A Roman unit of liquid measure reckoned as the volume of 5/12 Roman ounce of wine, equivalent to about 11 mL.
LINTIEST	39	superlative form of linty: most linty
LIONISER	37	Non-Oxford British English standard spelling of lionizer.
LIPLIKE	39	having lips or parts that resemble lips
LIQUIDLY	39	In a liquid way.
LISSOMLY	29	Alternative form of lissomely.
LITTLISH	39	Somewhat little; smallish.
LIVENERS	39	plural of livener
LIVINGLY	39	In actual living experience; really, vitally.
LOAMING	39	present participle and gerund of loam
LOFTLESS	39	Without a loft.
LOGICISE	37	Alternative form of logicize.
LOGICISING	37	present participle and gerund of logicise
LOGIER	39	comparative form of logy: more logy
LONELILY	39	In a lonely manner.
LORDINGS	39	plural of lording
LORNNESS	39	The quality of being lorn.
LOSINGLY	39	In a manner that loses or will lose.
LOUNGINGLY	43	So as to lounge; in a lazy or relaxing way.
LOVELILY	39	In a lovely way.
LUMBERSOME	40	Marked or characterised by lumbering or awkwardness; cumbrous.
LUMPILY	39	In a lumpy manner, with lumps.
LUNKER	39	Anything, especially a sport fish, that is especially large for its type; a whopper.
LURINGLY	39	So as to lure or tempt; enticingly.
LUSTRED	29	Having a lustre.
LYINGLY	39	In a lying manner; deceptively, mendaciously.
LYRICISE	37	Alternative form of lyricize.
LYRICISING	37	present participle and gerund of lyricise
LYSING	38	present participle and gerund of lyse
MACROBLASTS	43	plural of macroblast
MADDED	39	simple past and past participle of mad
MAENADIC	29	Of, or pertaining to a maenad; frenzied.
MAGMATIC	39	Pertaining to magma or magmatism.
MAGNESIC	39	That contains magnesium
MAGNETICAL	35	magnetic
MAHONIAS	39	plural of mahonia
MANIPLES	39	plural of maniple
MANITOUS	29	plural of manitou
MARBLERS	39	plural of marbler
MARQUARD	39	A surname from German.
MARQUISDOM	40	A marquisate.
MARQUISDOMS	38	plural of marquisdom
MARROWY	29	Full of marrow; pithy.
MASSIEST	39	superlative form of massy: most massy
MASTLESS	39	Without a mast.
MATILDAS	39	plural of matilda
MATTEDLY	39	In a matted manner.
MAUNDIES	39	plural of maundy
MAZINESS	39	The state of being mazy.
MEADOWY	39	Of or pertaining to meadows.
MEATILY	39	In a meaty manner.
MEDIANLY	39	In a median direction
MEDULLAR	39	Alternative form of medullary.
MEETNESS	39	fitness; suitability; propriety
MEJICO	39	Alternative form of Mexico, Mexico City
MEMOGATE	39	The Killian documents controversy, a 2004 controversy involving apparently forged documents critical of George W. Bush's military service.
MENACERS	39	plural of menacer
MENISCAL	39	Pertaining to, or having the form of, a meniscus
MERCERY	39	The trade of mercers.
MESEEMED	39	simple past and past participle of meseems
METAMERS	39	plural of metamer
METRED	39	simple past and past participle of metre
METZLER	29	A surname.
MICROWEBERS	43	plural of microweber
MILDENED	39	simple past and past participle of milden
MILLIEME	39	Alternative form of millime.
MILLIFARADS	43	plural of millifarad
MINACITY	39	Synonym of menace: The action or process of threatening or the tendency to threaten.
MIRINESS	39	The state or quality of being swampy or boggy.
MISBEGET	39	To beget wrongly or badly.
MISBELIEVE	35	hold a false or unorthodox belief
MISBELIEVED	33	simple past and past participle of misbelieve
MISBELIEVES	33	third-person singular simple present indicative of misbelieve
MISBELIEVING	33	present participle and gerund of misbelieve
MISCREANCY	35	Alternative form of miscreance.
MISDOERS	39	plural of misdoer
MISDRAWN	39	past participle of misdraw
MISDRAWS	39	third-person singular simple present indicative of misdraw
MISLAYER	39	One who mislays.
MISSILRY	39	Alternative form of missilery.
MISSISH	39	Prim and prudish.
MISTAKER	39	One who mistakes.
MISTIC	39	A kind of small sailing vessel historically used in the Mediterranean, rigged partly like a xebec and partly like a felucca.
MODESTER	39	comparative form of modest: more modest
MOHOCK	39	Archaic form of Mohawk (“Native American”).
MOHOLE	39	A hole drilled through the Earth's crust into the Mohorovičić discontinuity, part of a scientific project of the 1960s.
MOILERS	29	plural of moiler
MOISTFUL	39	Full of moisture; moist; moisty.
MOLTENLY	39	While, or as if, molten; incandescently.
MOLYBDIC	39	Relating to molybdenum, especially describing compounds of molybdenum in which it has an oxidation state of +6.
MONADIC	39	of, relating to, or being a monad
MONOLOGY	39	The act of habit of soliloquizing, or of dominating conversation.
MOONEYE	39	recurrent eye inflammation in horses; sometimes resulting in blindness
MOONRAKING	35	The smuggling of alcohol.
MOONWARD	39	Toward the moon.
MOPINGLY	39	While moping; sulkily.
MOPISHLY	39	In a mopish manner.
MORAVA	39	A left tributary of the Danube in Central Europe, flowing through Moravia in the Czech Republic on the border with Slovakia and then along the border of Austria.
MORONISM	39	The condition of being a moron (person of borderline intelligence).
MORTARY	39	Resembling or characteristic of mortar.
MORTISER	39	A person or a machine that cuts mortises.
MOSHAV	39	a cooperative Israeli village or settlement comprised of small farms
MOUSINGS	39	plural of mousing
MOUTHERS	39	plural of mouther
MOUTHILY	39	In a mouthy manner.
MOVEABLY	39	Alternative form of movably.
MOVELESS	39	Motionless.
MUCKLUCK	39	Dated form of mukluk.
MUDDLERS	39	plural of muddler
MUFFY	39	A female given name.
MUGGILY	39	In a muggy way.
MULEYS	39	plural of muley
MUMMYING	39	present participle and gerund of mummy
MUMPED	39	simple past and past participle of mump
MUONIC	39	Pertaining to, or composed of muons
MUSEFUL	39	Meditative; thoughtfully silent; ponderous.
MUSHILY	39	In a mushy manner.
MUSKEGS	39	plural of muskeg
MUSKILY	39	In a musky manner.
MUSSILY	39	In a mussy manner.
MUZZILY	39	In a muzzy manner.
MYCELIAL	39	Of or pertaining to the mycelium
MYLA	40	A female given name.
MYNHEER	29	Sir, as a polite form of address to a Dutchman or Afrikaner.
MYNHEERS	39	plural of mynheer
MYSTICLY	29	Obsolete form of mystically.
MYTHOI	39	plural of mythos.
NABOBISM	39	The attitudes or policies of nabobs.
NAIM	40	A surname.
NAKAYAMA	39	A surname.
NAPPIEST	43	superlative form of nappy: most nappy
NATANTLY	39	In a floating manner; swimmingly.
NATHLESS	39	Alternative form of natheless.
NATRIUM	40	Synonym of sodium.
NATURALITY	35	The condition of being natural; nature, naturalness
NAVRATRI	39	A Hindu festival dedicated to the worship of Durga.
NBW	30	the compass point that is one point west of due north
NETHERMORE	35	farther down; lower
NETTABLE	39	Capable of being caught with a net.
NEURITIC	39	Of or relating to neuritis.
NICKLE	39	A surname originating as a patronymic.
NIGHNESS	39	The quality or state of being nigh, or near.
NIMBUSED	39	Furnished with a nimbus, or halo.
NINEBARK	39	Any flowering plant of the genus Physocarpus.
NIPPILY	39	In a nippy way; quickly.
NIPPUR	39	An ancient city in Sumer, modern Nuffar in Afak Al-Qādisiyyah Governorate, Iraq.
NIRVANIC	39	Pertaining to nirvana; heavenly.
NITTIER	39	comparative form of nitty: more nitty.
NOBBILY	39	In a nobby manner.
NOBBLER	39	A person who interferes with a racehorse or greyhound in order to prevent it from winning a race.
NOBBLERS	39	plural of nobbler
NODALLY	39	In a nodal fashion; in terms of nodes.
NONBURNING	40	Not burning.
NONPACIFIC	40	Not pacific.
NOSINGS	39	plural of nosing
NOTANDUM	39	Something to be noted or observed; a notable fact.
NOTCHERS	39	plural of notcher
NOTIONLESS	40	Without notions or ideas.
NOUNALLY	39	As a noun.
NOVELLY	39	In a novel manner.
NUBBED	39	nubby; containing nubs
NUBBIER	39	comparative form of nubby: more nubby
NUBBLIER	39	comparative form of nubbly: more nubbly
NUDELY	39	In a nude manner.
NUMMULAR	29	Of or relating to coins or money.
NUNNISH	39	Of, pertaining to, or resembling a nun.
OBITUARIZED	43	simple past and past participle of obituarize
OBITUARIZES	43	third-person singular simple present indicative of obituarize
OBITUARIZING	43	present participle and gerund of obituarize
OBLATELY	39	In an oblate manner.
OBLONGLY	39	In an oblong orientation.
OCCLUSAL	39	On the side of a tooth which mates with the opposing tooth.
OCCULTER	39	Any object, natural or man-made, that blocks the light of an object from an observer, typically used in reference to astronomical events.
OCCULTLY	39	In an occult manner.
OCHEROUS	39	Alternative form of ochrous.
ODORISED	37	simple past and past participle of odorise
ODORISES	37	third-person singular simple present indicative of odorise
OEDIPEAN	39	Relating to Oedipus or the Oedipus complex.
OFFENSIBLE	40	That may give offense; offensive.
OFFICELESS	40	Without an office (room or building where business is carried out).
OIDIUM	39	A fragile spore produced by some fungi.
OILILY	39	Flatteringly, obsequiously.
OILLIKE	39	Resembling or characteristic of oil.
OLIVETTE	39	Synonym of poulsard (“variety of grape”).
OLIVINIC	39	Of or relating to the mineral olivine.
OLOGIST	29	One who studies some branch of learning, especially one ending in -ology; a specialist.
OMNIFIC	39	Capable of making or doing anything; all-creating.
OPERATICAL	35	Alternative form of operatic.
OPTICIST	39	One who studies optics.
ORATORIC	39	Alternative form of oratorical.
ORATRESS	30	A female orator
ORGASTIC	39	Orgasmic (exciting or stimulating; relating to or prone to orgasm).
ORGEATS	40	plural of orgeat
ORIENTATOR	35	An instrument for orientating.
ORIENTATORS	33	plural of orientator
OSTRACIZERS	43	plural of ostracizer
OUTBOAST	39	To boast better than another, to make greater claims about oneself than another makes or is able to make.
OUTCASTED	43	simple past and past participle of outcaste
OUTCASTING	43	present participle and gerund of outcast
OUTDOER	39	One who, or that which, outdoes.
OUTFLY	39	To fly better, faster, or further than.
OUTJUT	35	To jut outward.
OUTJUTS	33	third-person singular simple present indicative of outjut
OUTLIVER	39	A survivor.
OUTMOVED	39	simple past and past participle of outmove
OUTRIGGING	40	present participle and gerund of outrig
OVERCOOL	39	Excessively cool; chilly.
OVERJOYOUS	40	Extremely happy or celebratory; overjoyed.
OVERMANS	39	third-person singular simple present indicative of overman
OVERPOLISHES	43	third-person singular simple present indicative of overpolish
OVERPOLISHING	43	present participle and gerund of overpolish
OVERSOWING	43	present participle and gerund of oversow
OVERSOWS	43	third-person singular simple present indicative of oversow
OVERWEEN	39	To think too highly or arrogantly of (oneself).
OVERWISE	39	Excessively wise; too clever for one's own good.
OXYMORA	39	plural of oxymoron
OZONATOR	39	A device that produces a supply of ozone by passing a silent electrical discharge through oxygen
OZONISER	37	Alternative form of ozonizer.
OZONIZER	39	A device that converts oxygen into ozone, normally by means of a silent electrical discharge; an ozone generator.
PADISHAH	39	A ruler of a Muslim country or state.
PAGANDOM	39	Collectively, pagans or their realm or lands.
PAGEFUL	39	As much (text etc.) as a page will hold.
PAINTIER	39	comparative form of painty: more painty
PAINTY	39	Covered or smeared with paint.
PALACED	39	simple past and past participle of palace
PALATIALLY	43	In a manner or style befitting a palace.
PALTRILY	39	in a paltry manner
PAMLICO	39	the Algonquian language of the Pamlico
PAPALISM	39	Synonym of papism.
PAPALIST	39	Supporting papal authority; supporting papalism or hierocracy.
PAPALLY	39	in papal fashion
PAPPUS	35	The markedly reduced sepals of an Asteraceae floret that take the form of trichomes or scale attached to the ovary or seed.
PARAFOIL	39	A parachute, kite or glider with an aerofoil-shaped fabric canopy or wing.
PARGETS	33	plural of parget
PARKLIKE	39	Resembling a park
PASTURER	39	Someone who pastures (takes cattle to graze).
PAUNCHING	38	present participle and gerund of paunch
PBX	40	Initialism of private branch exchange.
PEACHER	39	One who peaches or informs on another; an informer.
PECCAVIS	39	plural of peccavi
PEDDLERY	39	The trade or goods of a peddler.
PEGLESS	39	Without pegs.
PENNONED	39	Bearing one or more pennons (of a pole, spear, mast, etc.).
PEPPERER	39	A grocer.
PEPSINES	39	plural of pepsine
PEPTICS	39	plural of peptic
PERDUS	39	plural of perdu
PERIAPT	40	A charm worn on a necklace; an amulet.
PERILLA	39	small genus of Asiatic herbs
PERLITIC	39	Relating to or resembling perlite.
PERSPIRATE	35	Sweaty; moist with perspiration.
PERSPIRATED	33	simple past and past participle of perspirate
PERSPIRATES	33	third-person singular simple present indicative of perspirate
PERSPIRATING	33	present participle and gerund of perspirate
PERSPIRY	39	sweaty
PETITIO	39	the logical fallacy of assuming the conclusion in the premises; begging the question
PHAEDO	39	An ancient Greek philosopher.
PHALLISM	29	The worship of the phallus (penis) as a symbol of male generative power.
PHALLIST	29	Someone who practises phallism.
PHALLOID	29	Resembling a penis
PHONETICAL	35	of, or pertaining to phonetics.
PHONILY	39	In a phony way, or to a phony extent
PICOVOLT	40	a unit of potential equal to one trillionth of a volt
PICOVOLTS	38	plural of picovolt
PICOWATTS	38	plural of picowatt
PICQUET	39	Alternative form of piquet (“card game”).
PICTURABLY	38	In a picturable manner.
PICTURER	39	Someone who makes pictures; a painter.
PIDDLERS	39	plural of piddler
PIGMAN	39	a male herder or swine
PIKAKE	39	Arabian jasmine, Jasminum sambac
PILEATED	39	Having a pileus.
PIMPLINESS	30	The state or condition of being pimply.
PINDUS	39	A mountain range in northern Greece, often called the "spine of Greece"
PINKETT	39	A locality in the Glen Innes Severn council area, north eastern New South Wales, Australia.
PINKINGS	39	plural of pinking
PINKLY	39	In a pink manner; with pink colour.
PINXTER	39	Alternative form of Pinkster.
PIPINGLY	39	With a piping sound; with a high pitch.
PISTACHE	29	Archaic form of pistachio.
PISTOLED	43	simple past and past participle of pistol
PLACABLY	39	in a placable manner
PLAGUER	39	Someone or something that plagues or annoys.
PLATIER	39	comparative form of platy: more platy
PLATINIC	39	Containing tetravalent platinum.
PLEATERS	39	plural of pleater
PLEIAD	39	A group of 16th-century French poets who sought to enrich the French language.
PLIABLY	39	In a pliable manner
PLOUGHER	29	Alternative spelling of plower.
PLUMPERS	39	plural of plumper
PLURALIZER	40	A syntactic marker that indicates something is plural; a plural marker.
PLURALIZERS	43	plural of pluralizer
PLUSHILY	39	In a plushy manner.
PLUSHLY	39	In a plush manner.
PMG	35	Initialism of Postmaster General.
POACHIER	39	comparative form of poachy: more poachy
POCKIER	39	comparative form of pocky: more pocky
PODGILY	39	In a podgy way.
POLLENED	39	simple past and past participle of pollen
POLOISTS	39	plural of poloist
POMMEE	39	Having the ends terminating in rounded protuberances or single balls; having round shapes on the extremities.
POPEDOMS	39	plural of popedom
POPSY	39	Grandfather.
POPULARISTS	43	plural of popularist
POROUSLY	39	In a porous way; allowing liquid or gas to pass through.
PORPHYRA	39	a genus of protoctist, containing red algal laver (Porphyra)
PORTABLY	39	In a portable manner.
POSINGLY	39	in a posing (puzzling, challenging) manner
POSS	35	Alternative form of poss..
POSTBOYS	39	plural of postboy
PRAECOX	29	Dementia praecox.
PRAISINGLY	43	With praise.
PREADAPT	39	To adapt in advance.
PREALLOT	39	To allot in advance.
PREAXIAL	39	Located in front of an axis
PREBLESS	39	To bless in advance.
PREFACER	39	The writer of a preface.
PREFIXAL	39	That is modified by the addition of a prefix.
PRELATIC	39	Alternative form of prelatical.
PRELIMIT	39	To limit in advance.
PRELUDER	39	One who, or that which, preludes; one who plays a prelude.
PRESTER	39	A priest or presbyter.
PRIESTED	39	simple past and past participle of priest
PROFITER	39	One who profits.
PROHIBITERS	43	plural of prohibiter
PRONATED	39	Having one’s hand rotated so that the palm faces the same direction as the knob of the elbow.
PRONELY	39	In a prone manner or position.
PROSERS	39	plural of proser
PROTONIC	39	Of, pertaining to, or composed of protons.
PROVENLY	39	In a way that has been proven.
PSCHENT	39	The double crown of ancient Egypt, combining the white crown of Upper Egypt with the red crown of Lower Egypt, worn by pharaohs after the union of the two kingdoms in around 3000 BC.
PUDDLIER	39	comparative form of puddly: more puddly
PUDGILY	39	In a pudgy manner.
PUFFILY	39	in a puffy manner
PUGGED	39	simple past and past participle of pug
PULINGLY	39	With whining or complaint.
PULINGS	39	plural of puling
PULMOTOR	39	An apparatus for producing artificial respiration by pumping oxygen and/or air into and out of the lungs, as of a person who has been asphyxiated by drowning, breathing poisonous gases, etc.
PUNTY	39	A metal rod used in the glassblowing process. After a glass vessel has been blown to approximate size and the bottom of the piece has been finalized, the rod, which is tipped with a wad of hot glass, is attached to the bottom of the vessel to hold it while the top is finalized. It often leaves an irregular or ring-shaped scar on the base when removed, called the pontil mark.
PURPLY	39	Of or having somewhat of a purple color or hue.
PURSIER	39	comparative form of pursy: more pursy
PURSILY	39	In a pursy manner:
PURULOID	29	Resembling pus.
PUTRIDLY	39	In a putrid manner.
PUTTIERS	39	plural of puttier
PUYALLUP	39	A member of a Native American tribe from western Washington state.
PYJAMA	39	(usually plural) loose-fitting nightclothes worn for sleeping or lounging; have a jacket top and trousers
PYRITIC	39	of, relating to, or consisting of pyrite or pyrites
PYRUVIC	39	Of or pertaining to pyruvic acid or its derivatives.
PYXIES	39	plural of pyxie
QIVIUT	40	The underwool of the Arctic muskox, used as a fibre.
QMG	30	Initialism of quartermaster-general.
QUACKISM	39	Behaviour of a quack; quackery.
QUANAH	39	A city, the county seat of Hardeman County, Texas, United States.
QUEENDOM	39	The condition or character of a queen; queenly rule, power, or authority.
QUEERISH	20	Somewhat queer.
QUIETERS	39	plural of quieter
QUMRAN	39	A region on the northwestern shore of the Dead Sea in the West Bank, where the Dead Sea Scrolls were discovered.
QUOINED	39	Furnished with a quoin.
QUOITED	39	simple past and past participle of quoit
RAINBOWY	39	Resembling a rainbow.
RAINILY	39	In a rainy way.
RAIPUR	39	A city, the state capital of Chhattisgarh, India.
RANCIDLY	43	In a rancid manner.
RANCORED	39	simple past and past participle of rancor
RANCOURS	29	plural of rancour
RAPIERED	39	Wearing, or carrying, a rapier (the sword).
RAREFIER	39	One who or that which rarefies.
RATABLY	39	Alternative form of rateably
RATEABLY	39	In a rateable manner.
RCD	40	Initialism of residual-current device.
REALISER	37	Alternative form of realizer.
REANNOUNCE	40	To announce again
REANNOUNCED	38	simple past and past participle of reannounce
REANNOUNCES	38	third-person singular simple present indicative of reannounce
REANNOUNCING	38	present participle and gerund of reannounce
REAPPROACHED	43	simple past and past participle of reapproach
REAPPROACHES	43	third-person singular simple present indicative of reapproach
REAPPROACHING	43	present participle and gerund of reapproach
REARRANGERS	43	plural of rearranger
REARRESTED	43	simple past and past participle of rearrest
REBAGGED	38	simple past and past participle of rebag
REBOILED	39	simple past and past participle of reboil
REBREAKS	38	third-person singular simple present indicative of rebreak
RECHANGE	39	Another change; a subsequent change.
RECOINED	39	simple past and past participle of recoin
RECOLOUR	29	Alternative form of recolor.
RECONVERGE	40	To converge again.
RECONVERGED	38	simple past and past participle of reconverge
RECONVERGES	38	third-person singular simple present indicative of reconverge
RECONVERGING	38	present participle and gerund of reconverge
RECONVINCED	43	simple past and past participle of reconvince
RECONVINCES	43	third-person singular simple present indicative of reconvince
RECONVINCING	43	present participle and gerund of reconvince
RECORKS	39	third-person singular simple present indicative of recork
RECTALLY	10	Through the rectum.
REDEVISE	39	To devise again.
REDIGEST	39	To digest again.
REENJOY	39	To enjoy again or anew.
REFLAG	39	To change the flag on a vessel, etc.
REFLOWER	39	To flower again or anew.
REFRYING	39	present participle and gerund of refry
REFUSINGLY	43	So as to refuse; by way of refusal.
REGAINER	39	One who regains something, especially bodyweight.
REGGIO	39	Either of Reggio Emilia or Reggio Calabria in Italy.
REGROWS	39	third-person singular simple present indicative of regrow
REHEATER	39	One who, or that which, reheats.
REHEMMED	38	simple past and past participle of rehem
REINITIATED	43	simple past and past participle of reinitiate
REINITIATES	43	third-person singular simple present indicative of reinitiate
REINITIATING	43	present participle and gerund of reinitiate
REINJECT	39	To inject again.
REISSUER	39	One who reissues.
REJECTOR	39	Alternative form of rejecter.
RELIQUE	39	Obsolete form of relic.
RELOCKED	39	simple past and past participle of relock
REMITTOR	39	Alternative form of remitter.
REMOWED	38	simple past and past participle of remow
REMUDA	39	the herd of horses from which those to be used the next day are chosen
RENAILED	43	simple past and past participle of renail
REOPENER	39	Anything that reopens.
REPACIFY	39	To pacify again, to make peaceful a second time.
REPEGGED	39	simple past and past participle of repeg
REPLIERS	39	plural of replier
REPULSER	39	One who repulses or drives back.
RERINSED	39	simple past and past participle of rerinse
RERINSES	39	third-person singular simple present indicative of rerinse
RESERVER	39	A person who reserves something
RESODDED	39	simple past and past participle of resod
RESORBS	39	third-person singular simple present indicative of resorb
RESORTER	39	One who resorts, or has recourse (to something)
RESOWING	39	present participle and gerund of resow
RETAMING	39	present participle and gerund of retame
RETORTER	39	Someone who retorts.
RETOUR	39	A returning.
REVISORS	39	plural of revisor
REVSON	39	A surname.
REWETTED	39	simple past and past participle of rewet
RHOMBIFORM	40	In the shape of a rhombus.
RHYTHMLESS	40	Without rhythm.
RHYTON	39	A container from which fluids are intended to be drunk, having one handle and usually a base in the form of a head.
RIFTLESS	39	Without a rift.
RIGHTERS	39	plural of righter
RIPPABLE	39	Capable of being ripped (in various senses).
RIPPLERS	39	plural of rippler
RITZILY	39	In a ritzy fashion.
ROBOTISE	37	Non-Oxford British English standard spelling of robotize.
ROCKLESS	39	Without rocks.
RODDED	39	simple past and past participle of rod
ROILIER	39	comparative form of roily: more roily
RONTGEN	39	German physicist who discovered x-rays and developed roentgenography (1845-1923)
ROUGHERS	39	plural of rougher
ROVINGLY	39	In a roving manner.
ROWSE	39	A surname.
RUBBLIER	39	comparative form of rubbly: more rubbly
RUFFIN	39	disordered
RUFFLERS	39	plural of ruffler
RUFFLIKE	39	Resembling or characteristic of a ruff.
RUINABLE	39	Capable of being ruined.
RUMFORD	40	A surname.
RUMPLESS	39	lacking a pronounced rump or parson's nose
RUNAGATE	39	A deserter, renegade or apostate.
RUNCIE	39	A surname.
RUNGLESS	39	Without rungs.
RUSHIER	39	comparative form of rushy: more rushy
RUSTICLY	39	Archaic form of rustically.
RUTHERFORDS	43	plural of rutherford
SAB	40	Initialism of scientific/science advisory board.
SABBATICALLY	38	With regard to, or in accordance with, the Sabbath.
SABELLARIAN	35	Any of the worms of the genus Sabellaria.
SACHEMIC	39	Of or relating to a sachem.
SACQUE	39	a woman's full loose hiplength jacket
SAILORLIKE	35	Resembling or characteristic of a sailor.
SAILORLY	39	Befitting a sailor.
SALABLY	39	Alternative form of saleably.
SALINISE	37	Non-Oxford British English standard spelling of salinize.
SALTPANS	39	plural of saltpan
SALTARELLA	35	Alternative form of saltarello.
SALTARELLAS	33	plural of saltarella
SALTILY	39	In a salty manner.
SALTNESS	39	The state or quality of being salt; saltiness.
SALVABLY	39	In a salvable manner.
SALVAGEE	39	One who is salvaged.
SANATORY	39	producing health; healing or curative
SANDUNGA	39	A traditional Mexican waltz.
SAPIENCY	39	Synonym of sapience.
SAPPHIST	39	A lesbian.
SATYRID	39	Any butterfly of the nymphalid subfamily Satyrinae, formerly the family Satyridae.
SAVINGLY	39	So as to save; with frugality or parsimony.
SAVORIER	39	comparative form of savory: more savory
SAVORILY	39	Alternative form of savourily.
SAVOURER	29	One who savours or smacks of something; one who favours or takes pleasure in something.
SAVVILY	39	In a savvy manner.
SAWBELLY	39	A fish, the alewife.
SAXONIES	39	plural of Saxony
SBW	30	the compass point that is one point west of due south
SCABBILY	39	In a scabby manner; in a low, base or mean way.
SCALABLY	39	In a scalable manner
SCAPING	39	present participle and gerund of scape
SCARECROWY	35	Resembling or characteristic of a scarecrow.
SCARLESS	39	Without scars.
SCARRIER	39	comparative form of scarry: more scarry
SCEPTRAL	39	Of, relating to, or similar to a sceptre.
SCLEROID	39	Having a hard texture.
SCORPIONIC	40	Of or relating to Scorpio.
SCORPIONID	40	Any scorpion of the family Scorpionidae
SCOUTINGLY	43	scornfully; jeeringly
SCREAKED	39	simple past and past participle of screak
SCREAKS	39	third-person singular simple present indicative of screak
SCREWERS	39	plural of screwer
SCRIBAL	39	Relating to scribes and their work.
SCURRIER	39	One who scurries.
SEDUCIVE	39	Obsolete form of seductive.
SEEMINGS	39	plural of seeming
SEIDLITZ	39	Saline water of or from Seidlitz in northern Bohemia.
SELECTLY	39	In a select manner.
SELENOUS	39	Alternative form of selenious.
SELFNESS	39	The state, quality, or condition of self.
SELFWARD	39	Towards oneself.
SEMITIST	39	someone who studies the history, languages and cultures of the Semitic peoples
SENILELY	39	In a senile manner.
SENNIGHT	39	Synonym of week in its various senses, a period of seven consecutive days and nights.
SERUMAL	39	Relating to serum.
SEVERALS	39	plural of several
SHALIMAR	39	A town in Okaloosa County, Florida, United States.
SHAMBALA	40	Alternative spelling of Shambhala (“mythical realm”).
SHANS	39	plural of Shan
SHAVABLE	39	Alternative form of shaveable.
SHEATHER	39	One who makes sheaths.
SHEENFUL	39	Having a sheen; shining; glossy.
SHEHE	39	Alternative form of she-he.
SHELLIER	39	comparative form of shelly: more shelly
SHIPLAP	15	A type of wooden board that has rabbets to allow them to be overlapped, commonly used for the exterior siding of buildings.
SHOPFUL	39	The amount that a shop can hold.
SHOULDST	39	second-person singular present of should
SICKENER	39	One who, or that which, sickens.
SICKLILY	39	In a sickly manner.
SICKLING	39	present participle and gerund of sickle
SILVERER	39	One who silvers (covers with silver or a silvery metal).
SIMONIST	39	One who engages in simony, the purchase of church offices.
SINALOA	39	A state of Mexico.
SINICISE	37	Non-Oxford British English standard spelling of sinicize.
SIPHONAL	39	Resembling or relating to a siphon.
SIPHONIC	39	Of or pertaining to a siphon.
SIXMO	39	sexto (as a paper size in printing).
SKALDIC	39	Of or relating to the skalds (Norse poets).
SLAGGIER	39	comparative form of slaggy: more slaggy
SLAGGY	39	Resembling or containing slag.
SLEEPWAKERS	43	plural of sleepwaker
SLEEVELIKE	40	Resembling or characteristic of a sleeve.
SLEVIN	39	A surname from Irish.
SLOSHINESS	40	The state or condition of being sloshy.
SLUSHILY	39	In a slushy way.
SMUDGILY	39	In a smudgy manner.
SNICKETS	39	plural of snicket
SNIFFILY	39	In a sniffy manner.
SNIFFISH	39	sniffy; disdainful; haughty.
SNOTTILY	38	In a snotty manner.
SNOUTIER	39	comparative form of snouty: more snouty
SNOUTISH	39	Shaped like a snout.
SNOWILY	39	In a snowy way.
SNUBBERS	39	plural of snubber
SNUFFIER	39	comparative form of snuffy: more snuffy
SOAPBARK	39	The bark of the evergreen tree, Quillaja saponaria, which when pulverised forms a lather with water.
SOAPILY	39	In a soapy way.
SOAPLESS	39	Without soap.
SOBERISE	37	Alternative form of soberize.
SOBFUL	39	Full of sobs; tearful, weeping.
SODDENLY	39	In a sodden (soaking wet) manner.
SOILLESS	39	Lacking home soil; dispossessed
SOLARISM	39	Sun worship; heliotheism.
SOLENESS	39	The quality of being sole; unity, singleness.
SOLUBLY	39	In a soluble manner.
SOMEWISE	39	Somehow; in some manner, by some means.
SOOTHEST	39	superlative form of sooth: most sooth
SOPOROSE	29	Alternative form of soporous.
SOPRILLO	39	The smallest member of the saxophone family of woodwind instruments, one size smaller than the sopranino saxophone and with a range of A♭₄ to E♭₇ or similar.
SORTABLY	39	suitably
SOUTHED	39	simple past and past participle of south
SOUTHRON	39	Alternative form of southern: of or related to the south.
SOWABLE	39	Capable of being sowed.
SPALLED	39	simple past and past participle of spall
SPANLESS	39	Incapable of being spanned; vast.
SPARRY	39	abundant in spar (the mineral)
SPATULAR	39	Having the form of a spatula.
SPIFFILY	39	In a spiffy manner; done with style.
SPIKILY	39	In a spiky way.
SPIMMERS	39	plural of spimmer
SPIMMING	43	The sending of spim.
SPIROID	39	Resembling or having the form of a spiral or helix.
SPONGILY	39	In a spongy manner.
SPOONILY	39	In a spoony way.
SPOORING	39	present participle and gerund of spoor
SPORTER	39	Someone who sports something.
SPRATTLE	39	To scramble.
SPRIGHTS	39	plural of spright
SPUMOUS	39	frothy or foamy; spumy
SPUNKIES	39	plural of spunky
SPUNKILY	39	in a spunky manner
SQUAMOUS	39	Covered with, made of, or resembling scales; scaly.
SQUARISHLY	43	In a squarish way.
SQUATLY	39	In a squat manner; solidly.
SQUIRISH	39	Resembling or characteristic of a squire.
SRB	40	Initialism of solid rocket booster, NASA term for booster rockets that use solid rocket fuel and provide additional thrust to a main rocket.
SRBS	40	plural of SRB
SSDS	10	Initialism of sudden sniffing death syndrome.
STALKILY	39	In a stalky manner.
STALKINGLY	43	In a stalking way; with a haughty walk.
STANDETH	39	third-person singular simple present indicative of stand
STANNATE	39	Any salt of stannic acid.
STARLIGHTS	40	plural of starlight
STOCKISH	39	Like a stock; stupid; blockish.
STONABLE	39	Punishable by stoning.
STRABISMAL	30	Relating to strabismus.
STRAITLY	39	Strictly.
STRAWIER	39	comparative form of strawy: more strawy
STREAMLESS	40	Without streams of water.
STREAMLIKE	35	Resembling or characteristic of a stream.
STREWERS	39	plural of strewer
STRINGLIKE	40	Resembling string or a piece of string.
STUCCOER	39	An artist who works in stucco; stuccoist.
STUMPINESS	40	The quality of being stumpy.
STYLISER	37	Alternative form of stylizer.
STYRIA	39	A southeastern state of Austria, with its capital in Graz.
SUBDEPOT	29	A lesser depot that is part of a larger one.
SUBDUAL	39	An act of subduing; a successful defeat.
SUBDUALS	39	plural of subdual
SUBSIDER	39	A vessel in which clarification occurs; a clarifier.
SUBURBED	39	Having a suburb or suburbs.
SUCCEDANEA	43	plural of succedaneum
SUEDING	39	present participle and gerund of suede
SUFFICER	39	A person who aims to be self-sufficient rather than to accumulate further wealth.
SUFFIXAL	39	That is modified by the addition of a suffix.
SULPHITE	39	Alternative spelling of sulfite.
SUMMAND	39	Something which is added or summed.
SUMMERLY	39	Characteristic of summer; summer-like; warm and sunny.
SUMMITAL	39	Relating to a summit
SUNDERER	39	One who sunders.
SUNWARDS	39	Toward the sun.
SUNWISE	39	Clockwise.
SUPPLELY	39	In a supple manner:
SURFIER	39	comparative form of surfy: more surfy
SURFIEST	39	superlative form of surfy: most surfy
SURVIVER	39	Obsolete spelling of survivor.
SUSPECTFUL	40	Mistrustful, suspicious.
SWAINISH	39	Pertaining to, or resembling, a swain according to any definition; but commonly conveying the sense of "ignorant", or "rustic".
SWAMPERS	39	plural of swamper
SWANKILY	39	In a swanky manner.
SWARAJ	39	self-rule
SWIFTERS	39	plural of swifter
SWIMMILY	39	In a swimmy manner.
SWIMMY	39	Dizzy; swirling or moving as if seen in a daze.
SWINGLEBARS	43	plural of swinglebar
SYLPHIC	39	(of a woman or girl) slender and graceful like a sylph
SYLPHID	39	A young or little sylph.
SYLPHIDS	39	plural of sylphid
SYLPHISH	39	Resembling or characteristic of a sylph; sylphlike.
SYMBION	39	Archaic form of symbiont.
SYZYGIAL	39	Of or pertaining to a syzygy.
TABARDED	39	Wearing a tabard.
TABLEFUL	39	As much as fills a table.
TACKILY	39	In a tacky manner.
TACKLESS	39	Without tacks.
TACTUALITY	35	The quality of being tactual (relating to the sense of touch); that which concerns or is characterized by touch.
TAKABLE	39	Alternative spelling of takeable.
TAKEABLE	39	Capable of being taken.
TAKINGLY	39	attractively; fetchingly
TALKABLE	39	Capable of being talked (to or about) (construed with a preposition).
TAMBURAS	39	plural of tambura
TANNAGES	39	plural of tannage
TAWDRIES	39	plural of tawdry
TAWNILY	39	With a tawny colour.
TBN	40	Initialism of total base number.
TELEWRITER	35	A telautograph.
TELEWRITERS	33	plural of telewriter
TERATISM	39	Any severe congenital malformation
TERMITIC	39	Resembling or relating to termites.
TERRENES	39	plural of terrene
TERTIALS	39	plural of tertial
TETANAL	29	Of, or relating to, tetanus.
TETRADIC	39	Of or relating to a tetrad.
TEXASES	39	plural of texas
TEXTURALLY	43	In a textural manner, relating to texture.
THAWLESS	39	eternally frozen; not prone to thaw
THEWLESS	39	Lacking morals or virtue.
THICKETY	39	Covered in thickets.
THINGINESS	40	The quality of being a thing, or like a thing; tangible reality; thinghood.
THINGUMBOBS	43	plural of thingumbob
THINNISH	39	Somewhat thin.
THORACICAL	35	thoracic
THORIC	39	relating to, or containing thorium
THORNILY	39	In a thorny manner.
THORPS	39	plural of thorp
THREATED	29	simple past and past participle of threat
THRUMMER	39	One who thrums.
THWACKER	39	A person who strikes a resounding blow with an object.
THYMIER	39	comparative form of thymey: more thymey
TIBERIAN	39	Of or relating to Tiberias or the Sea of Tiberias.
TIFFING	39	present participle and gerund of tiff
TIMBERYARDS	43	plural of timberyard
TIPPABLE	39	Capable of being tipped or tilted.
TIPPIEST	39	superlative form of tippy: most tippy
TITANESQUE	35	Titanic, Herculean
TITANISM	39	Nonconformism; rebellion against prevailing social and artistic conventions, especially when it involves grandiosity or hubris.
TITHINGS	39	plural of tithing
TITULARS	39	plural of titular
TOASTINESS	40	The quality or state of being toasty.
TOILETED	39	Having a toilet.
TOILWORN	39	exhausted or worn out as a result of physical labour
TOLLAGES	39	plural of tollage
TOMBLIKE	39	Resembling or characteristic of a tomb.
TONETICS	39	The use or study of intonation.
TONISHLY	39	In a tonish manner.
TONNISH	39	Alternative form of tonish.
TONSILAR	39	Alternative spelling of tonsillar.
TOOLINGS	39	plural of tooling
TOOLLESS	39	Not having or requiring tools.
TOOTHILY	39	In a toothy manner.
TOOTHING	39	The act or process of indenting or furnishing with teeth.
TORCHIER	39	Alternative spelling of torchiere.
TORCHON	39	A coarse, loose-textured bobbin lace.
TORRIDLY	39	In a torrid manner.
TOURINGS	39	plural of touring
TOWARDLY	39	Promising, propitious.
TOWNISH	39	Characteristic of a (certain type of) town.
TOWNLESS	39	Without a town or towns.
TOWNWEAR	39	Everyday clothing suitable for wearing in a town, as opposed to activewear.
TRANKS	43	plural of trank
TRANSPOSERS	43	plural of transposer
TRASHILY	39	In a trashy way.
TREELETS	39	plural of treelet
TRENCHLIKE	35	Resembling or characteristic of a trench.
TRIADISM	39	Belief in a triad.
TRIBADIC	15	Relating to tribadism.
TRICKISH	39	Using tricks or trickery.
TRIGAMY	29	The state of having three (legal or illegal) spouses simultaneously.
TRIGGEST	39	superlative form of trig: most trig
TRIGGING	39	present participle and gerund of trig
TRIGLOCHIN	35	perennial or annual bog or marsh plants; includes arrow grass
TRIMORPH	39	A substance which crystallizes in three distinct forms, or which has three distinct physical states.
TRINODAL	39	Having three nodes.
TRIPODIC	39	Having three feet or legs.
TRIVIALISMS	43	plural of trivialism
TRUANTRY	39	truancy
TRUISTIC	39	Of or pertaining to a truism.
TRUNDLER	39	A person who trundles (something or someone).
TRUSSERS	39	plural of trusser
TRUSTILY	39	In a trusty manner.
TRYINGLY	39	In a trying manner.
TSAREVNA	39	The daughter of a tsar.
TUBBERS	39	plural of tubber
TUBEROID	15	A tuber-like structure found on some orchids.
TUBIFEX	39	Any member of the genus Tubifex of tubificid annelids, some of which are used to feed fish in freshwater aquaria.
TUBIFORM	39	Having the form of a tube.
TUBULATE	39	tubular
TUFTILY	39	In a tufty manner.
TUNABLY	39	In a tunable manner; tunefully.
TUNNED	39	simple past and past participle of tun
TUPPING	33	The act of a ram mating with a ewe.
TURBANLIKE	35	Resembling or characteristic of a turban.
TURBIDLY	39	In a turbid manner; with muddiness or confusion.
TURNIPLIKE	40	Resembling or characteristic of a turnip.
TURRETLIKE	35	Resembling or characteristic of a turret.
TUSKLESS	39	Lacking tusks.
TUTORIALLY	38	by tutorials; in a tutorial manner
TWANGLED	39	simple past and past participle of twangle
TWANGLES	39	third-person singular simple present indicative of twangle
TWIGLESS	39	Having no twigs.
TYBURN	39	A manor, first mentioned in the Domesday Book (1086).
TYRIAN	39	From or relating to Tyre, Lebanon.
UMBERED	39	simple past and past participle of umber
UMBILIFORM	35	Shaped like an umbilicus.
UNABATEDLY	43	Without abating; continuingly, without cessation.
UNACQUIRED	40	Not acquired.
UNAPTLY	39	In a way that is unapt.
UNAWAKE	39	Not awake.
UNBALLOTED	35	Not balloted.
UNBANKABLE	40	Not bankable.
UNBATTERED	40	Not battered or beaten.
UNBEGOTTEN	40	Not begotten.
UNBLAMABLE	40	Alternative spelling of unblameable.
UNBLAMABLY	38	Alternative spelling of unblameably.
UNCAUGHT	39	Not caught.
UNCINCH	39	To loosen (a saddle, a belt, etc.).
UNCLEANSED	40	Not cleansed
UNCOMMUTED	40	Not commuted.
UNCOMPARED	35	Not compared.
UNCOMPILED	35	simple past and past participle of uncompile
UNCOMPLETE	35	not complete or total; not completed
UNCRIMINAL	35	Not criminal.
UNCUTTABLE	35	Not cuttable; that cannot be cut.
UNDAMPED	39	Not having been damped.
UNDARKENED	40	Not darkened.
UNDECIDE	40	To reverse or go back on (a previous decision).
UNDECIDES	38	third-person singular simple present indicative of undecide
UNDECIDING	38	present participle and gerund of undecide
UNDECISIVE	35	Alternative form of indecisive.
UNDEPARTED	35	Not departed.
UNDERSTAGE	40	underneath the stage
UNDERVOICE	40	A low or quiet voice.
UNDERWEIGH	35	Alternative form of under way.
UNDEVIATED	35	Not deviated; not made to diverge from its path.
UNDEVOURED	40	Not having been devoured; uneaten.
UNDEVOUTLY	38	In an undevout manner.
UNDISTINCT	35	Not distinct
UNEDIBLE	39	Not edible.
UNELIGIBLE	35	Not eligible.
UNELOQUENT	35	Not eloquent
UNEQUALITY	40	inequality
UNEVENER	39	comparative form of uneven: more uneven
UNEXCUSING	40	Not excusing.
UNEXISTENT	40	Not existent
UNEXPERTLY	35	In an inexpert manner.
UNEXPIRING	35	Not expiring.
UNEXPORTED	40	Not exported.
UNEXPUNGED	40	Not expunged.
UNFAINTING	35	Not fainting.
UNFALLIBLE	35	Obsolete form of infallible.
UNFITLY	39	In an unfit manner; unsuitably, inappropriately, not fitly.
UNFLAGRANT	35	Not flagrant.
UNFOUGHT	39	Not fought.
UNFOUND	39	Not found.
UNGIVEABLE	35	Alternative form of ungivable.
UNHANGED	39	Not (yet) executed by hanging.
UNHATTED	39	Not wearing a hat; hatless.
UNHOLILY	39	In an unholy way.
UNHONESTLY	33	Synonym of dishonestly.
UNHONOURED	37	Alternative form of unhonored.
UNHOPED	29	so unexpected as to have not been imagined
UNHUMOROUS	40	lacking humor
UNIFIC	39	Producing unity; combining separate things into a single whole.
UNIMITABLE	35	That cannot be imitated.
UNIMPLICIT	35	Not implicit.
UNINFERRED	35	Not inferred.
UNINFINITE	35	Not infinite; finite.
UNINVOICED	35	Not billed for on an invoice.
UNISONAL	39	being in unison
UNITAL	39	(of an algebra) containing a multiplicative identity element (or unit), i.e. an element 1 with the property 1x=x1=x for all elements x of the algebra.
UNITEDNESS	40	The quality of being united.
UNJOKINGLY	38	Without joking; not in jest; seriously.
UNKENNEL	39	To scare out from a lair or a den.
UNKEYED	39	characterized by avoidance of traditional western tonality
UNKINGLY	39	Not kingly.
UNLATTICED	35	Not latticed.
UNLAYS	39	third-person singular simple present indicative of unlay
UNLIQUORED	40	Not intoxicated; sober.
UNLISTENED	40	Not listened (with "to", "for", etc.).
UNLOOKED	39	Unlooked for; unanticipated; unexpected.
UNMASKER	39	One who unmasks.
UNMODELLED	37	Alternative form of unmodeled.
UNNARRATED	40	Not narrated.
UNNAUTICAL	35	Not nautical.
UNOBVIATED	35	Not obviated.
UNOCCLUDED	35	Not occluded.
UNPACKER	39	One who, or that which, unpacks.
UNPERVERSE	35	Not perverse.
UNPITIABLY	43	in an unpitiable manner; not pitiably
UNPOCKET	40	To remove from a pocket.
UNPOCKETED	40	Without pockets.
UNPOCKETING	38	present participle and gerund of unpocket
UNPOCKETS	38	third-person singular simple present indicative of unpocket
UNPOINTING	35	present participle and gerund of unpoint
UNPRESUMED	35	Not presumed.
UNQUOTES	39	third-person singular simple present indicative of unquote
UNRATIONAL	35	Not rational; irrational.
UNRAVELLER	37	a person who removes tangles; someone who takes something out of a tangled state
UNREADABLY	38	in an illegible manner
UNREALLY	39	In an unreal way.
UNREALNESS	40	The state or quality of being unreal.
UNREFUSING	35	Not refusing.
UNRELEVANT	35	not relevant
UNSECURELY	38	Archaic form of insecurely.
UNSENSIBLY	35	In an insensible manner; insensibly
UNSHAMABLE	35	Alternative spelling of unshameable.
UNSHAMEFUL	40	Not shameful.
UNSICKENED	35	Not sickened; healthy.
UNSIFTED	39	Not having been sifted.
UNSINFUL	39	Not sinful.
UNSPANGLED	35	Not spangled.
UNSPOKENLY	33	In an unspoken manner; tacitly.
UNSPRUNG	39	Not sprung.
UNSTABLY	39	In an unstable manner.
UNSTIRRING	35	Without stirring; quiet and still.
UNSTRIPPED	35	Not stripped.
UNSTUDIOUS	40	not studious
UNSUMMONED	40	Not summoned.
UNTANGIBLY	43	intangibly
UNTOTALLED	35	not totalled
UNTOUCHING	40	Not touching; not making physical contact.
UNTROPICAL	40	Not tropical.
UNVIRTUOUS	35	Not virtuous; having no virtue.
UNVOICES	39	third-person singular simple present indicative of unvoice
UNWALKABLE	40	That cannot be traversed by walking.
UNWATCHFUL	40	not alert to what is potentially dangerous
UNWELCOMED	35	Not having been welcomed.
UNWIFELY	39	Not wifely.
UNYOUTHFUL	40	Not youthful.
UPBOWS	39	plural of upbow
UPPISHNESS	40	assumption of airs beyond one's station
UPRAISER	39	One who upraises something.
UPRIGHTING	35	present participle and gerund of upright
UPSURGENCE	35	An upsurge.
UPSURGENCES	33	plural of upsurgence
URAEUS	10	A representation of the sacred asp, symbolising supreme power in ancient Egypt.
URBANENESS	35	urbanity
UROLOGIC	39	Of or pertaining to urology.
URSIDS	39	plural of ursid
USU	35	Abbreviation of usual.
USURPINGLY	43	So as to usurp.
UTRICULATE	35	Of, pertaining to, or resembling a bladder, especially by being swollen or inflated
UXORICIDAL	40	Of or pertaining to uxoricide.
VALORISE	37	Alternative spelling of valorize.
VALORISING	37	present participle and gerund of valorise
VANILLIC	39	Of or pertaining to vanillin or vanillic acid.
VANWARD	39	On or towards the front.
VAPORERS	39	plural of vaporer
VAPOURED	29	simple past and past participle of vapour
VAPOURER	29	Any of several tussock moths (family Erebidae, subfamily Lymantriinae), especially of the genus Orgyia.
VARLETRY	39	The rabble; the crowd; the mob.
VARNISHY	39	Resembling or characteristic of varnish.
VASTIER	29	comparative form of vasty: more vasty
VATTING	39	present participle and gerund of vat
VAUNTFUL	39	boastful; vainly ostentatious.
VAV	40	The sixth letter of the Hebrew alphabet, ו.
VEILEDLY	39	In a way that is secretive or obscure.
VEININGS	39	plural of veining
VELOCE	39	(To be played) with great rapidity.
VENATIC	39	Of, pertaining to or involved in hunting.
VENETIANED	40	Furnished with Venetian blinds.
VENIALLY	39	In a venial manner.
VENULAR	39	Of or pertaining to venules.
VERBIDS	39	plural of verbid
VERGIL	39	a Roman poet; author of the epic poem ‘Aeneid’ (70-19 BC)
VERISTS	39	plural of verist
VERMICIOUS	40	Of, pertaining to, or characteristic of worms.
VERSECRAFT	35	The art of writing poetry.
VERSEMAKER	40	One who composes verses; a poet.
VERSEMAKERS	38	plural of versemaker
VERSESMITH	40	A writer of poetry.
VERSESMITHS	38	plural of versesmith
VESPERAL	39	vesper; evening
VESTAS	39	plural of vesta
VESTURAL	39	Of or relating to vesture, or clothing.
VICARLY	39	Befitting a vicar.
VICELESS	39	Without vice.
VICTRESS	35	Alternative form of victoress.
VIGOURS	29	plural of vigour
VIKINGLIKE	35	Resembling or characteristic of a Viking.
VINEGROWERS	43	plural of vinegrower
VINING	39	present participle and gerund of vine
VINOLOGIST	40	One who studies winemaking.
VINOLOGISTS	38	plural of vinologist
VINOSITY	39	The quality or state of being vinous, or of having some essential characteristic of wine.
VIOLABLY	39	Done in a violable manner.
VIOLINETTE	35	Synonym of kit violin.
VIOLINETTES	33	plural of violinette
VIRILISE	37	Alternative form of virilize.
VIRTUALISM	40	Virtuality.
VIRTUALIST	40	One who supports the doctrine of virtualism.
VIRTUALISTS	38	plural of virtualist
VIRTUALIZED	43	simple past and past participle of virtualize
VIRTUALIZES	43	third-person singular simple present indicative of virtualize
VIRTUALIZING	43	present participle and gerund of virtualize
VITAMINIZES	43	third-person singular simple present indicative of vitaminize
VITILIGO	39	The patchy loss of skin pigmentation.
VIVIFIER	39	One who or that which vivifies.
VIZARDED	39	Wearing a vizard.
VLF	35	3 to 30 kilohertz
VOCABULISTS	43	plural of vocabulist
VOCALISTIC	35	Of or pertaining to vocalism.
VOIDNESS	39	The state or condition of being void.
VORPAL	39	Sharp or deadly.
VOTIVELY	39	In a votive manner; in fulfilment of a vow.
VOWLESS	39	Without a vow; not having taken a vow.
VULGUSES	39	plural of vulgus
VYBORG	39	A city in Leningrad Oblast, Russia. In earlier times was part of Finland and Sweden, pop. 79,224 (as of 2002).
WAHPETON	39	A band within the Santee division of the Dakota people.
WAITERLIKE	35	Resembling or characteristic of a waiter.
WANDFLOWERS	43	plural of wandflower.
WANTONER	39	A wanton person.
WARBLINGLY	43	With a warbling sound.
WASPILY	39	In a waspy manner.
WASTABLE	39	Alternative form of wasteable.
WASTEBOARD	40	Archaic form of washboard.
WASTEBOARDS	38	plural of wasteboard
WATERILY	39	In a watery manner.
WATERPHONE	41	An acoustic percussion instrument consisting of a resonator bowl or pan with a cylindrical neck, surrounded by rods of different lengths and diameters. Water may be added to the bowl to modify the sound.
WATERPHONES	40	plural of waterphone
WAVILY	39	crookedly, twistingly, in a curved and winding manner
WAXILY	39	In a waxy way.
WBN	30	the compass point that is one point north of due west
WBS	35	the compass point that is one point south of due west
WEAZANDS	29	plural of weazand
WEBLESS	39	Without a web; unwebbed.
WEBLIKE	39	having open interstices or resembling a web
WEEVILED	39	Infested by weevils.
WEEVILLY	39	Alternative form of weevily.
WEIGHAGE	39	A duty or toll paid for weighing merchandise.
WEREGILD	35	Alternative spelling of wergeld.
WERGILD	39	Alternative spelling of wergeld.
WESTERED	39	simple past and past participle of wester
WHALINGS	39	plural of whaling
WHEREUNTIL	35	Until what; until which.
WHEYFACE	39	One who is pale, as from fear; a coward.
WHEYISH	39	Resembling whey.
WHIPWORM	39	Any of the genus Trichuris of roundworms that infect certain mammals
WHITELY	39	pale-facedly.
WHOOPINGLY	43	With a whooping noise.
WHOSOMEVER	30	whichever person; whoever
WICOPY	39	Any of several trees, such as the leatherwood/moosewood (of the genus Dirca), the whitewood, or the American basswood/linden (of the genus Tilia).
WIDENERS	39	plural of widener
WILDLING	39	A wild, i.e. not cultivated, plant.
WILILY	39	In a wily manner.
WILLABLE	39	Capable of being willed.
WILLYS	39	plural of Willy
WINDWARDLY	38	In a windward direction.
WINISH	39	Resembling wine; winy.
WINTERER	39	One that spends winter in a specified location; a winter visitor or resident; one that winters.
WINTERLIKE	40	Resembling or characteristic of winter; wintry.
WINTRILY	39	In a wintry manner.
WIRILY	39	In a wiry manner.
WISEASS	10	One who makes wisecracks, particularly in a sassy or cocky fashion.
WISHLESS	39	Without a wish or wishes.
WITCHWOMEN	43	plural of witchwoman.
WITHED	39	simple past and past participle of withe
WITHERER	39	One who or that which withers.
WITHIER	39	comparative form of withy: more withy
WITHING	39	present participle and gerund of withe
WITLING	39	A person who feigns wit, pretending or aspiring to be witty.
WITLINGS	39	plural of witling
WOLVER	39	A ravenous or savage animal; person who behaves like a wolf (1593)
WOLVERS	39	plural of wolver
WOMANISHLY	43	In a womanish way.
WOOINGLY	39	In a wooing manner; enticingly; with persuasiveness or seduction.
WORNNESS	39	The quality of being worn.
WOULDEST	29	Alternative spelling of wouldst.
WRACKFUL	39	ruinous; destructive.
WREAKER	39	One who wreaks.
WRONGERS	39	plural of wronger
XANTHE	39	A female given name from Ancient Greek.
XYLIDINE	39	Any of six isomeric aromatic amines (CH₃)₂C₆H₃NH₂ derived from the xylenes
XYLOID	39	Characteristic of wood; woody
YATAGHAN	41	a long Turkish knife with a curved blade having a single edge
YAWPERS	39	plural of yawper
YEARNFULLY	38	In a yearnful manner.
YELLOWFISHES	43	plural of yellowfish
YELLOWLY	39	In a yellow manner; with yellow colour.
YERK	30	To stab (someone or something).
YERKING	30	present participle and gerund of yerk
YESTERNOON	40	Yesterday at noon.
YESTERWEEK	40	On the week preceding the current week.
YOKELESS	39	Without a yoke.
YOLKIER	39	comparative form of yolky: more yolky
YOTHERS	40	plural of Yother
YOUUNS	39	Alternative spelling of you-uns.
YTTERBIC	39	Of or pertaining to ytterbium.
YUGOSLAVIC	35	Of or pertaining to Yugoslavia.
ZADDIK	40	Alternative spelling of tzaddik.
ZADDIKIM	40	plural of zaddik
ZADOK	40	A priest, said to be descended from Eleazar the son of Aaron, who aided King David during the revolt of his son Absalom and was subsequently instrumental in bringing King Solomon to the throne.
ZAFFER	35	Alternative form of zaffre.
ZAFFERS	33	plural of zaffer
ZAGORA	35	A variety of Egyptian cotton.
ZAIRIANS	33	plural of Zairian
ZANDER	35	A European freshwater fish in the family Percidae, closely related to the perch, Sander lucioperca.
ZANYISH	35	Somewhat zany.
ZAPATEO	35	A competitive stamping dance with percussive footwork, historically popular among the gauchos of South America.
ZAPPIER	38	comparative form of zappy: more zappy
ZAPPIEST	38	superlative form of zappy: most zappy
ZAPPY	40	Lively or energetic.
ZAREBA	40	Alternative spelling of zeriba.
ZAREBAS	38	plural of zareba
ZEBRAIC	30	Having a pattern of broken stripes.
ZEBRINE	40	Of, like, or pertaining to a zebra.
ZELKOVA	35	A kind of tree in the elm family (genus Zelkova).
ZELKOVAS	33	plural of zelkova
ZEPHYRLIKE	40	Like a zephyr; gently breezy.
ZHAO	35	A former city-state in Hongdong, Shanxi, China, under the Zhou.
ZHUKOV	40	A transliteration of the Russian surname Жу́ков (Žúkov).
ZILPAH	35	Handmaid of Leah and mother of Gad and Asher.
ZINCATE	35	Any salt formally derived from zinc oxide or hydroxide by combination with a more electropositive element.
ZINCATES	33	plural of zincate
ZINCOID	35	Of, pertaining to, or resembling zinc.
ZIONITE	35	A member of any of various Protestant Christian religious sects, the most notable of which were the Zionites of Wuppertal and the Christ Community Church of Zion, Illinois.
ZIZITH	35	Alternative form of tzitzit.
ZOHAR	40	A Jewish cabalistic book attributed by tradition to Rabbi Simon ben Yochi, who lived about the end of the 1st century AD. Modern critics believe it to be a compilation of the 13th century.
ZONATED	39	Synonym of zonate.
ZONINGS	43	plural of zoning
ZOOCULTURE	40	The cultivation of animals.
ZOOGLEA	40	Alternative form of zoogloea.
ZOOPHOBES	43	plural of zoophobe
ZOOPLASTIC	40	of, or relating to zooplasty
ZOUK	40	A style of dance music originating in the French Antilles, combining Latin American, African and Western disco rhythms; a dance to this music
ZUNIAN	35	Alternative form of Zuni.
ZWINGLI	44	Swiss theologian whose sermons began the Reformation in Switzerland (1484-1531)
SHEEPTICK	35	wingless fly that is an external parasite on sheep and cattle
SHOEBOMBER	5	Alternative spelling of shoe bomber.
SHOVELLERS	37	plural of shoveller
CHAEBOL	40	A large, family-controlled, South Korean business conglomerate.
CHAEBOLS	40	plural of chaebol
CLOTBUR	30	any of several erect biennial herbs of temperate Eurasia having stout taproots and producing burs
DOMAINES	43	plural of domaine
PHUBBING	30	present participle and gerund of phub
PHUB	30	To ignore the conversation around oneself by focusing on one's smartphone.
PHUBS	30	third-person singular simple present indicative of phub
PHUBBED	30	simple past and past participle of phub
TJR	25	Initialism of total joint replacement.
GRYTVIKEN	30	A station in South Georgia. An abandoned whaling station on South Georgia
ROA	30	Initialism of Raman optical activity.
REISINGER	40	A surname.
TAMLAND	40	A surname.
BOOTIDS	40	plural of Bootid
ALERTERS	40	plural of alerter
ARCHIVERS	40	plural of archiver
ARRHENIUS	40	Swedish chemist and physicist noted for his theory of chemical dissociation (1859-1927)
ATTAINABLY	40	So as to be possible to attain.
BALLOONERS	40	plural of ballooner
BANACH	40	being a Banach space
CARRUTHERS	40	A surname.
FUBAR	40	Acronym of fucked/fouled up beyond all recognition/repair/reason/recovery.
POYNTING	40	present participle and gerund of poynt
WAUWATOSA	40	A city in Milwaukee County, Wisconsin, United States.
YUBA	40	Dried tofu skin; the film that forms on top of a vat of boiling soy milk.
YUKI	40	A Native American people from northern California.
ANGELSHARK	40	sharks with broad flat bodies and winglike pectoral fins but that swim the way sharks do
ATLASMOTH	40	giant saturniid moth widespread in Asia; sometimes cultured for silk
BERGAMASCO	40	A medium-sized breed of herding dog originating in the Italian Alps, known for its heavily matted coat resembling dreadlocks.
BHOJPURI	40	An Indo-Aryan language, spoken primarily in India, Mauritius, Nepal, Fiji, Surinam, Trinidad and Tobago, and Guyana.
BRITTLESTAR	40	an animal resembling a starfish with fragile whiplike arms radiating from a small central disc
CABBAGEPALMETTO	40	low-growing fan-leaved palm of coastal southern United States having edible leaf buds
COMMABUTTERFLY	40	anglewing butterfly with a comma-shaped mark on the underside of each hind wing
CRICKETFROG	40	either of two frogs with a clicking call
DRIVEBELT	40	Alternative form of drive belt.
FULA	40	A member of a largely pastoral Muslim people of West Africa.
GIANTSALAMANDER	40	large (up to more than three feet) edible salamander of Asia
GOLIATHFROG	40	largest living frog; up to a foot and weighing up to 10 lbs; Africa
GOPHERSNAKE	40	bull snake of western North America that invades rodent burrows
HUMUHUMUNUKUNUKUAPUAA	40	Rhinecanthus rectangulus, a species of triggerfish, found in the coral reefs of many of the oceans. It is characterized by a noticeably large snout and blue lips that resemble that of a pig’s snout.
IGBO	40	a member of the largest ethnic group in southeastern Nigeria
LANDSPOUT	40	A kind of tornado not associated with the mesocyclone of a thunderstorm.
LANDSPOUTS	40	plural of landspout
LISPENDENS	40	a pending lawsuit
LITTORALZONE	40	the region of the shore of a lake or sea or ocean
MOLDOVIAN	40	Uncommon form of Moldovan.
NAI	40	barber.
TRUEFROG	40	insectivorous usually semiaquatic web-footed amphibian with smooth moist skin and long hind legs
WHITEASH	40	spreading American ash with leaves pale green or silvery beneath and having hard brownish wood
WOODBORER	40	any of various insects or larvae or mollusks that bore into wood
XALOSTOCITE	40	Synonym of rosolite.
XENOBIOLOGY	40	The speculative biology of extraterrestrial life forms.
XENOPS	40	Any of the tropical birds in the genera Xenops, Megaxenops and Microxenops, found in Central and South America.
YANKERS	43	plural of yanker
BLACKLUNG	20	lung disease caused by inhaling coal dust
CERATODUS	40	extinct lungfish
PERISTOLE	20	peristalsis, especially of the intestines
QADIS	35	plural of qadi
RECONFINES	43	third-person singular simple present indicative of reconfine
RECONFINED	43	simple past and past participle of reconfine
RECONFINING	43	present participle and gerund of reconfine
REHOISTED	40	simple past and past participle of rehoist
REHOISTS	40	third-person singular simple present indicative of rehoist
REHOIST	40	To hoist again.
REHOISTING	40	present participle and gerund of rehoist
TUBERCULA	20	plural of tuberculum
TUBERCULUM	20	tubercle
SOWTHISTLES	43	plural of sowthistle
DERY	40	A surname.
HOMOPHOBE	30	a person who hates or fears homosexual people
HOMOPHOBES	30	plural of homophobe
VAES	40	plural of vae
PFA	40	Initialism of Paper Football Association.
EISOPTROPHOBIA	40	Fear of seeing one’s reflection in a mirror.
TTAB	40	Initialism of Trademark Trial and Appeal Board: an adjudicatory body of the United States Patent and Trademark Office.
PANMUNJOM	40	A tiny, uninhabited hamlet in Korea, in the center of the demilitarized zone, where the North and South Korean governments meet.
OCEANA	40	An unincorporated community in Virginia Beach, Virginia, United States.
GOX	40	Alternative form of GOX (“gaseous oxygen”).
GROGNARD	40	An old soldier.
GROGNARDS	40	plural of grognard
SPHAGNUMMOSS	40	any of various pale or ashy mosses of the genus Sphagnum whose decomposed remains form peat
ICHTHYS	10	A stylized representation of a fish, used as a Christian symbol.
TIMBIT	40	A bite-sized doughnut ball sold at the Canadian Tim Hortons restaurant chain and sometimes jocularly regarded as an icon of Canadian culture.
ACBL	40	Initialism of American contract bridge league.
YAHK	40	A hamlet in the Regional District of Central Kootenay, British Columbia, Canada, not far from the United States border.
GAYHEART	40	An American surname from German.
LBD	40	Initialism of little black dress.
LBDS	40	plural of LBD
LEBKUCHEN	40	A traditional German Christmas biscuit form of gingerbread.
MATMEN	40	plural of matman
MOREHOUSE	40	A surname.
QIANA	40	A silky material made from nylon fibers.
WORKBOOTS	40	plural of workboot
MMU	40	Initialism of memory management unit.
MMUS	40	plural of MMU
MINERUN	40	not special in any way; lacking distinction
NSAID	40	an anti-inflammatory drug that does not contain steroids
RFRA	40	Acronym of Religious Freedom Restoration Act.
GALINA	40	A transliteration of the Bulgarian or Russian female given name Гали́на (Galína).
PURKINJECELL	40	a large densely branching neuron that is the characteristic cell of the cerebellar cortex
QAJAQ	40	Alternative form of kayak.
QIGONGS	40	plural of qigong
VEWY	40	Pronunciation spelling of very.
ORDINALLY	40	In an ordinal manner.
CHIU	40	A surname from Cantonese.
SMURFY	30	Short and blue.
HEMERALOPIA	40	inability to see clearly in bright light
DICKCHEESE	40	Penile smegma or accumulated dried-out semen underneath the foreskin.
REINVADE	40	To invade again.
REINVADES	40	third-person singular simple present indicative of reinvade
REINVADED	40	simple past and past participle of reinvade
REINVADING	40	present participle and gerund of reinvade
SMFH	5	Abbreviation of shaking my fucking head.
NEDVED	40	A surname from Czech.
USF	40	Initialism of Nintendo Ultra 64 Sound Format.
COLLISIONAL	40	Of or pertaining to collisions (especially between particles)
QESHM	15	An Iranian island in the Strait of Hormuz, the largest island in the Persian Gulf.
UNSTOW	40	To unload (stowed cargo) from a ship, etc.
UNSTOWS	40	third-person singular simple present indicative of unstow
UNSTOWED	40	simple past and past participle of unstow
UNSTOWING	40	present participle and gerund of unstow
CANADAJAY	40	a jay of northern North America with black-capped head and no crest; noted for boldness in thievery
OEMS	40	plural of OEM
NITZ	35	A surname.
PRELOADER	35	Agent noun of preload; one who, or that which, preloads.
ENGRISH	30	Ungrammatical, unorthographical or nonsensical English of the kind found in East Asia, notably in Japan.
TSENG	40	A surname.
HIRCOCERVUS	20	A mythical creature, half goat, half stag.
TRAGELAPH	20	Any member of the genus Tragelaphus of spiral-horned antelopes.
SAARC	35	Initialism of South Asian Association for Regional Cooperation.
ENDOPLASMIC	25	Of or relating to endoplasm.
OARFISHES	40	plural of oarfish
LUE	15	To sift using a sieve, particularly in mining tin or silver.
PIETS	15	plural of piet
HAGIN	35	A surname.
ETYMONS	40	plural of etymon
KIBIBYTE	30	a unit of information equal to 1024 bytes
MEBIBYTE	30	a unit of information equal to 1024 kibibytes or 2^20 (1,048,576) bytes
GIBIBYTE	30	a unit of information equal to 1024 mebibytes or 2^30 (1,073,741,824) bytes
TEBIBYTE	30	a unit of information equal to 1024 gibibytes or 2^40 (1,099,511,627,776) bytes
PEBIBYTE	30	a unit of information equal to 1024 tebibytes or 2^50 bytes
EXBIBYTE	30	a unit of information equal to 1024 pebibytes or 2^60 bytes
KIBIBYTES	30	plural of kibibyte
MEBIBYTES	30	plural of mebibyte
GIBIBYTES	30	plural of gibibyte
TEBIBYTES	30	plural of tebibyte
PEBIBYTES	30	plural of pebibyte
EXBIBYTES	30	plural of exbibyte
MISADDING	40	present participle and gerund of misadd
DEIFORM	40	Godlike.
EPEIRIC	35	Describing the part of a sea that lies over a continental shelf
JYOTI	35	A female given name from Sanskrit used in India.
COGNATIC	40	Of or relating to a mode of descent calculated from an ancestor or ancestress through any combination of male and female links, or a system of bilateral kinship where relations are traced through both father and mother.
PRERENDERING	40	present participle and gerund of prerender
TONSILLOLITH	30	A calculus that forms in the rear of the mouth, in the crevasses of the palatine tonsils.
TONSILLOLITHS	30	plural of tonsillolith
RECUSALS	40	plural of recusal
BUTTSEX	40	Alternative spelling of butt sex.
LOUISJOLIET	40	French explorer (with Jacques Marquette) of the upper Mississippi River valley (1645-1700)
GACK	35	A sharp, sudden sound from someone's throat while they're coughing, vomiting, gagging, etc.
SPITSBERGEN	35	islands in the Svalbard archipelago to the east of northern Greenland; belonging to Norway
JRPG	40	Initialism of Japanese role-playing game, a traditional genre of role-playing video game derived from design traditions originating in Japan; generally understood as involving a pre-determined story and player characters, a party of multiple controllable characters, and an emphasis on narrative and storytelling.
JRPGS	40	plural of JRPG
SERAILS	40	plural of serail
SCARRER	35	One who or that which scars.
SCARRERS	35	plural of scarrer
ONSHORES	40	third-person singular simple present indicative of onshore
ONSHORED	40	simple past and past participle of onshore
MEHS	40	plural of Meh
CREPEHANGER	40	Alternative form of crapehanger.
CRAPEHANGERS	40	plural of crapehanger
CREPEHANGERS	40	plural of crepehanger
RESPIRATORYINFECTION	40	any infection of the respiratory tract
GAPESEED	40	Alternative form of gape seed.
GAPESEEDS	40	plural of gapeseed
HERRIMAN	40	A surname.
DELAVEGA	35	A surname from Spanish.
DONDIEGO	35	A surname from Spanish.
TENZIN	40	A unisex given name from Tibetan.
GYATSO	40	A unisex given name from Tibetan.
VESICA	20	a distensible membranous sac (usually containing liquid or gas)
REULEAUX	25	A surname.
TENOROON	40	a tenor bassoon; pitched a fifth higher than the ordinary bassoon
TENOROONS	40	plural of tenoroon
AMPULLAS	35	plural of ampulla
FONES	43	plural of fone
GUANCIALE	40	An Italian dish of fatty bacon prepared from pig cheeks.
DLP	30	Initialism of dead letter-perfect: having learned one's lines with perfect accuracy.
STEREOISOMERS	40	plural of stereoisomer
SEATROUTS	30	plural of seatrout
OGG	35	An open bitstream container file format for audio, video, and other multimedia content.
VOB	25	Abbreviation of video object.
CARUNCLE	30	an outgrowth on a plant or animal such as a fowl's wattle or a protuberance near the hilum of certain seeds
CARUNCLES	30	plural of caruncle
UUT	25	a radioactive transuranic element, with atomic number 113
UUP	25	a radioactive transuranic element, with atomic number 115
UUS	25	plural of UU
OCTILLIONTH	40	The ordinal form of the number octillion.
HANDEDLY	40	Easily; with ease; misconstruction of handily.
LONGIES	35	knitted trousers for a baby or child
RAMZI	35	A male given name from Arabic.
SYED	35	Alternative spelling of Sayyid.
ELVISES	35	plural of Elvis
TETRAPLEX	35	A complex formed from four of the same moieties
TETRAPLEXES	35	plural of tetraplex
CHHATRI	40	An elevated dome-shaped pavilion in Indian architecture.
CHHATRIS	40	plural of chhatri
WTH	30	Initialism of what the hell or what the heck.
PLATINOIDS	30	plural of platinoid
VERGINA	40	A town in Imathia, Central Macedonia, northern Greece.
CLASTS	35	plural of clast
CLASTICROCK	35	(geology) a rock composed of broken pieces of older rocks
DESALVO	35	A surname from Italian.
ARNABONTEMPS	25	United States writer (1902-1973)
ZOOPRAXISCOPE	40	An instrument developed by Eadweard Muybridge in the 1870's, similar to the phenakistoscope. The instrument involves a disc that includes serial pictures being rotated in front of a light source, projecting them upon a screen, to exhibit the natural movements of animals and the like.
ZOOPRAXISCOPES	40	plural of zoopraxiscope
BILLIONAIRESS	35	A female billionaire.
BILLIONAIRESSES	35	plural of billionairess
MILLIONAIRESSES	35	plural of millionairess
SHIBUYA	4	A special ward of Tokyo prefecture, Japan that is surrounded by (clockwise from north) Shinjuku, Minato, Shinagawa, Meguro, Setagaya, Suginami, and Nakano special wards.
ANURIA	20	inability to urinate
UMPHREY	25	A surname.
UMPHREYS	25	plural of Umphrey
TARBOOSHES	40	plural of tarboosh
NAJAHAJE	40	cobra used by the Pharaohs as a symbol of their power over life and death
BLAD	35	A portfolio.
BLADS	35	plural of blad
MONE	25	To admonish; advise; explain.
DELAURENTIIS	40	A surname from Italian.
AKU	20	a Kwa language spoken by the Yoruba in southwestern Nigeria
WILDCATWELL	40	an exploratory oil well drilled in land not known to be an oil field
WILDCATTERS	40	plural of wildcatter
LAYDEN	35	A surname.
DIAGRID	40	A structure, used by some buildings, which is made up of triangles formed from beams of steel or sometimes other materials.
NOETHER	40	German mathematician (1882-1935)
VERCINGETORIX	39	72 BCE–46 BCE, the chieftain of the Arverni, leader of the great Gallic revolt against the Romans in 53–52 BCE.
PAUPERED	42	simple past and past participle of pauper
PAUPERING	42	present participle and gerund of pauper
EPL	28	Initialism of English Premier League.
KADIMA	38	A centrist political party in Israel.
REWS	15	plural of rew
CHELL	35	I shall
MERSEYBEAT	42	The characteristic style of music produced by pop groups from Merseyside between 1958 and 1964, typified by the Beatles.
SHIPLAPS	15	plural of shiplap
GEORGISM	40	An economic philosophy stating that things found in nature, most importantly land, belong equally to all. It is usually associated with the idea of a single tax on the value of land.
GEORGIST	40	A supporter of Georgism.
GEORGISTS	40	plural of Georgist
CHARLAINE	40	A female given name, variant of Charlene.
GRECIZING	40	present participle and gerund of grecize
SHROYER	38	A surname.
IDEOTYPE	39	A specimen identified as belonging to a specific taxon by the author of that taxon, but collected from somewhere other than the type locality
IDEOTYPES	39	plural of ideotype
SHANNONS	4	plural of Shannon.
MEZZ	40	Marijuana.
MEZZROW	40	A surname.
APODES	10	plural of apode
SATINPOD	5	Any of various plants in the genus Lunaria.
AXHANDLES	30	plural of axhandle
KROGERS	40	plural of Kroger
MISADAPT	42	To adapt in the wrong way.
MISADAPTS	42	third-person singular simple present indicative of misadapt
MISADAPTED	42	simple past and past participle of misadapt
MISADAPTING	42	present participle and gerund of misadapt
HETEROSEXISTS	40	plural of heterosexist
ISTJ	30	Initialism of introverted, sensing, thinking and judging: a personality type in the Myers–Briggs Type Indicator.
ISFJ	30	Initialism of introverted, sensing, feeling and judging: a personality type in the Myers–Briggs Type Indicator.
INFJ	30	Initialism of introverted, intuitive, feeling and judging: a personality type in the Myers–Briggs Type Indicator.
INTJ	30	Abbreviation of interjection.
ISTP	30	Initialism of introverted, sensing, thinking and perceiving: a personality type in the Myers–Briggs Type Indicator.
ISFP	30	Initialism of introverted, sensing, feeling and perceiving: a personality type in the Myers–Briggs Type Indicator.
INFP	30	Initialism of introverted, intuitive, feeling and perceiving: a personality type in the Myers–Briggs Type Indicator.
INTP	30	Initialism of introverted, intuitive, thinking and perceiving: a personality type in the Myers–Briggs Type Indicator.
ESTP	30	Initialism of extraverted, sensing, thinking and perceiving: a personality type in the Myers–Briggs Type Indicator.
ESFP	30	Initialism of extraverted, sensing, feeling and perceiving: a personality type in the Myers–Briggs Type Indicator.
ENFP	30	Initialism of extraverted, intuitive, feeling and perceiving: a personality type in the Myers–Briggs Type Indicator.
ENTP	30	Initialism of extraverted, intuitive, thinking and perceiving: a personality type in the Myers–Briggs Type Indicator.
ESTJ	30	Initialism of extraverted, sensing, thinking and judging: a personality type in the Myers–Briggs Type Indicator.
ESFJ	30	Initialism of extraverted, sensing, feeling and judging: a personality type in the Myers–Briggs Type Indicator.
ENFJ	30	Initialism of extraverted, intuitive, feeling and judging: a personality type in the Myers–Briggs Type Indicator.
ENTJ	30	Initialism of extraverted, intuitive, thinking and judging: a personality type in the Myers–Briggs Type Indicator.
AMBEER	25	The juice from chewing tobacco.
DRAGOMEN	42	plural of dragoman
GLUONIC	40	Of, pertaining to, or mediated by gluons.
MADAMEDESTAEL	30	French romantic writer (1766-1817)
PEASY	35	Resembling or characteristic of peas.
ACD	40	Initialism of antecedent-contained deletion.
AET	30	Alternative form of a.e.t..
BLACKBERRYS	30	plural of BlackBerry
BSN	5	Initialism of Bachelor of Science in Nursing.
BUECHNER	40	A surname.
GIGGLINGLY	30	In a giggling way.
HANKOW	30	Alternative form of Hankou.
HOMOLOGICAL	30	similar in evolutionary origin but not in function
HOMOLOGIZE	30	make homologous
HOMOLOGIZED	30	simple past and past participle of homologize
HOMOLOGIZES	30	third-person singular simple present indicative of homologize
HOMOPHONOUS	30	characteristic of the phenomenon of words of different origins that are pronounced the same way
INDIANRESERVATION	1	a reservation set aside for the use of Indians
LAGOMORPH	30	A member of the mammalian taxonomic order Lagomorpha: a hare, a rabbit, or a pika.
MFD	30	Abbreviation of manufactured.
NONCANCEROUS	20	Of a tumor, that is not cancerous; benign.
PRECOOLING	42	present participle and gerund of precool
STRATFORDONAVON	40	a town in central England on the River Avon; birthplace (and burial place) of William Shakespeare
TEARJERKING	40	Emotionally charged so as to induce sorrow.
TESTATRIXES	10	plural of testatrix
BOWFISH	7	To fish with a bow.
MAULIK	35	A male given name from Sanskrit used in India.
PRECOOL	42	To cool in advance.
AGAG	10	A Northwest Semitic name or title applied to a biblical king, possibly a dynastic name of the kings of Amalek.
LONSDALE	35	A surname.
SHAO	42	A surname.
LIBTARD	5	A pejorative term for a liberal
LIBTARDS	5	plural of libtard
SCATPORN	10	Pornography that features defecation.
UNDS	40	plural of und
FYROM	40	Acronym of former Yugoslav Republic of Macedonia, former long form of North Macedonia: a country in Southeastern Europe on the Balkan Peninsula.
VEP	40	Visual evoked potential.
BRU	31	bro; bra; term of address for a man
FOODFISHES	40	plural of foodfish
FYS	40	plural of FY
INTHA	39	An ethnic group of Myanmar.
RATFUCKING	40	present participle and gerund of ratfuck
SILS	37	Initialism of single-incision laparoscopic surgery.
MCU	40	Initialism of microcontroller unit.
SPARTY	40	The mascot of Michigan State University, usually depicted as a muscular male Spartan warrior or athlete dressed in stylized Greek costume.
PIERIAN	30	Of or relating to Pierides or Muses.
BUH	40	Pronunciation spelling of butt.
CHEMICS	30	plural of chemic
SPLOOSH	40	A heavy splashing sound.
SCAMANDER	43	A river in modern Turkey near the site of Troy.
FIBA	40	The International Basketball Federation.
ICHTHUS	40	Alternative form of ichthys.
AMIODARONE	30	an antiarrhythmic drug administered in the form of its hydrochloride C₂₅H₂₉I₂NO₃·HCl and used to treat life-threatening ventricular arrhythmia
ARDA	35	A river in Emilia-Romagna
RTOS	39	Initialism of real-time operating system.
NAZISPLOITATION	30	A subgenre of exploitation film that involves villainous Nazis committing criminal acts of a sexual nature, typically against people held in their concentration camps and prisons during World War II.
SUFFOSION	40	A geological process by which subsidence sinkholes or dolines are formed.
LDP	37	Initialism of limited driving privilege.
KCALS	39	plural of kcal
BBD	40	Initialism of bigger better deal: a potentially better romantic or sexual partner than one's current partner, for whom one may be on the lookout.
EYEFUCK	40	To ogle in a lecherous manner.
EYEFUCKS	40	third-person singular simple present indicative of eyefuck
EYEFUCKED	40	simple past and past participle of eyefuck
EYEFUCKING	40	present participle and gerund of eyefuck
HFCS	30	plural of HFC
REMELTED	34	simple past and past participle of remelt
COMICVERSES	30	plural of comicverse
YURY	40	Alternative form of Yuri.
MYXO	35	Myxomatosis.
MYXY	35	myxomatosis
ANIMES	30	plural of anime
ECC	30	(telecommunication) a coding system that incorporates extra parity bits in order to detect errors
FLYS	10	plural of fly, a type of carriage
ECF	30	liquid containing proteins and electrolytes including the liquid in blood plasma and interstitial fluid
CUMS	10	third-person singular simple present indicative of cum
ECM	30	electronic warfare undertaken to prevent or reduce an enemy's effective use of the electromagnetic spectrum
KURU	30	A chronic, progressive, fatal central nervous system disease found mainly among the Fore and neighboring peoples of New Guinea, caused by a prion that probably resembles the scrapie agent of sheep, transmissible to nonhuman primates, and believed to be transmitted by ritual cannibalism.
SOMEBODYS	10	plural of somebody
HANI	30	A Tibeto-Burman people living in Yunnan, China, Vietnam, and Laos, where they are also known as Ho.
CLITS	30	plural of clit
ECS	30	Initialism of enhanced chipset.
NCS	10	Initialism of neotenic complex syndrome.
FUCKHEAD	25	a stupid person; these words are used to express a low opinion of someone's intelligence
CANCERCELLS	40	plural of cancercell
POOD	20	a Russian unit of weight equal to approximately 36 pounds
TNF	40	Initialism of tumor necrosis factor.
JENNYS	10	plural of Jenny
FRG	30	a republic in central Europe; split into East Germany and West Germany after World War II and reunited in 1990
KINDERGARTENER	40	a child who attends a preschool or kindergarten
HETER	40	Special permission from a rabbi to break a commandment.
DAGDA	30	chief Celtic god of the Tuatha De Danann; father of Angus Og and Brigit
KURUS	30	100 kurus equal 1 lira in Turkey
INJUNS	1	plural of injun
MUSLIMAH	30	a Muslim woman
VAGINALDISCHARGE	10	discharge of secretions from the cervical glands of the vagina; normally clear or white
OVERPRESSURE	40	a transient air pressure greater than the surrounding atmospheric pressure
GERMANYS	10	plural of Germany
RPAABB	40	an urban hit squad and guerrilla group of the Communist Party in the Philippines; formed in the 1980s
HFC	35	a fluorocarbon emitted as a by-product of industrial manufacturing
PADDYS	10	plural of Paddy.
JANUARYS	10	In January.
CJD	5	Initialism of Creutzfeldt-Jakob disease.
OUTVIE	35	be more of a rival than
WYS	10	Initialism of what you saying.
MUJAHIDIN	30	a military force of Muslim guerilla warriors engaged in a jihad
JAPANESEMAPLE	30	leaves deeply incised and bright red in autumn; Japan
ANALINTERCOURSE	5	intercourse via the anus, committed by a man with a man or woman
DARKNESSES	30	plural of darkness
ANTIQUEER	1	Opposed to queer (non-heterosexual) people.
MENORRHAGIA	40	Excessive menstrual flow but regularly timed.
COAGULASE	30	an enzyme that induces coagulation
FUCKINGS	10	plural of fucking
MUJAHEDEEN	30	a military force of Muslim guerilla warriors engaged in a jihad
PRUNUSARMENIACA	30	temperate zone tree bearing downy yellow to rosy fruits
ASTROCYTE	40	comparatively large neuroglial cell
ISLAMIZED	20	simple past and past participle of Islamize
JAPANESEAPRICOT	30	Japanese ornamental tree with fragrant white or pink blossoms and small yellow fruits
ANTIPHLOGISTIC	30	counteracting inflammation
MUJAHADEEN	30	a military force of Muslim guerilla warriors engaged in a jihad
MUJAHEDIN	30	a military force of Muslim guerilla warriors engaged in a jihad
AMENORRHEAL	30	related to the suppression of normal menstrual flow for any reason other than pregnancy
MICROSCOPIUM	44	a faint constellation in the Southern Hemisphere near Sagittarius and Capricornus
AIXLACHAPELLE	20	a city in western Germany near the Dutch and Belgian borders; formerly it was Charlemagne's northern capital
NEANDERTALS	30	plural of Neandertal
NUTMEGGERANIUM	40	geranium with round fragrant leaves and small white flowers
IGUANIDAE	20	New World lizards
POPULUSTRICHOCARPA	30	cottonwood of western North America with dark green leaves shining above and rusty or silvery beneath
DIARRHEIC	40	of or relating to diarrhea
NEVUSFLAMMEUS	40	a flat birthmark varying from pink to purple
JAPANESERADISH	30	radish of Japan with a long hard durable root eaten raw or cooked
MEXICANONYX	25	a hard compact kind of calcite
MUSTELUSCANIS	40	found along the Atlantic coast of the Americas
INDIANTAPIR	20	a tapir found in Malaya and Sumatra
VENAPULMONALIS	30	any of four veins that carry arterial blood from the lungs to the left atrium of the heart
INDIANRHODODENDRON	20	evergreen spreading shrub of India and southeastern Asia having large purple flowers
JAPANESEBEECH	30	a beech native to Japan having soft light yellowish-brown wood
GOMPHOTHERIIDAE	40	elephants extinct since the Pleistocene
LONICERAINVOLUCRATA	30	shrubby honeysuckle with purple flowers; western North America
ANOMIAEPHIPPIUM	30	thin-shelled bivalve having the right valve deeply notched
STAURIKOSAURUS	20	primitive dinosaur found in Brazil
MMHG	40	a unit of pressure equal to 0.001316 atmosphere; named after Torricelli
PREANAL	30	situated in front of the anus
SOMATOGENETIC	30	of or arising from physiological causes rather than being psychogenic in origin
INDIANPOTATO	20	very tall American perennial of central and the eastern United States to Canada having edible tuberous roots
JOHNDAVYS	30	English navigator who explored the Arctic while searching for the Northwest Passage (1550-1605)
INDIANLETTUCE	20	a plant of the genus Montia having edible pleasant-tasting leaves
LUSTRELESSNESS	40	the property of having little or no contrast; lacking highlights or gloss
BOLDFMRI	30	functional magnetic resonance imaging that relies on intrinsic changes in hemoglobin oxygenation
CHINKAPINOAK	20	medium-sized deciduous tree of the eastern United States that yields a strong durable wood
PISSIS	20	a mountain in the Andes in Argentina (22,241 feet high)
JAPANESECEDAR	30	tall evergreen of Japan and China yielding valuable soft wood
NIVOSE	40	fourth month of the Revolutionary calendar (December and January); the snowy month
INDIANBEAN	20	tree of the genus Catalpa with large leaves and white flowers followed by long slender pods
YELLOWBELLIEDTERRAPIN	25	freshwater turtle of United States and South America; frequently raised commercially; some young sold as pets
RACINGGIG	40	a light narrow racing boat for two or more oarsmen
SLATTERNLINESS	40	in the manner of a slattern
JAPANCURRENT	20	a warm ocean current that flows northeastwardly off the coast of Japan into the northern Pacific ocean
AZOTURIA	30	excess of urea in the urine
JAPANESEPLUM	30	yellow olive-sized semitropical fruit with a large free stone and relatively little flesh; used for jellies
GAYWINGS	40	Polygala paucifolia, a perennial flowering plant with pink and white flowers.
JAPANESECHESTNUT	30	a spreading tree of Japan that has a short trunk
ACARIDIASIS	30	infestation with itch mites
INDIANRATSNAKE	20	enter buildings in pursuit of prey
MUSCULUSBICEPSFEMORIS	20	the biceps muscle of the thigh; it flexes the knee and rotates the leg laterally
CHEMOSORPTION	32	adsorption (especially when irreversible) by means of chemical instead of physical forces
JAPANESEOAK	30	small evergreen tree of China and Japan
SJAELLAND	40	the largest island of Denmark and the site of Copenhagen
UROBILIN	30	brown bile pigment formed from urobilinogens and found in feces and in small amounts in urine
INDIANGRACKLE	20	glossy black Asiatic starling often taught to mimic speech
CLASSICALHAEMOPHILIA	40	hemophilia caused by a congenital deficiency of factor VIII; occurs almost exclusively in men
RAETAM	30	Alternative form of retem.
LONICERACAPRIFOLIUM	30	deciduous climbing shrub with fragrant yellow-white flowers in axillary whorls
NOTONECTAUNDULATA	30	predaceous aquatic insect that swims on its back and may inflict painful bites
PSEUDOTSUGAMENZIESII	40	lofty douglas fir of northwestern North America having short needles and egg-shaped cones
GOMPHOTHERIUM	40	type genus of the Gomphotheriidae
OCEANITESOCEANICUS	30	medium-sized storm petrel
MEROSTOMATA	40	used in some classifications; includes the orders Xiphosura and Eurypterida
PRECOCIOUSDENTITION	20	teething at an earlier age than expected
MUSCULUSANCONEUS	20	the muscle that extends the forearm and abducts the ulna in pronation of the wrist
EDECRIN	40	diuretic (trade name Edecrin) used to treat edema
TETRASKELE	40	a figure consisting of four stylized human arms or legs (or bent lines) radiating from a center
DIPSOSAURUSDORSALIS	5	small long-tailed lizard of arid areas of southwestern United States and northwestern Mexico
FEBRUARYS	10	plural of February
JAPANESEIRIS	30	iris native to Japan having large showy flowers
LLEWELYNPOWYS	20	British writer of essays; one of three literary brothers (1884-1939)
INDIANCURRANT	20	North American deciduous shrub cultivated for it abundant clusters of coral-red berrylike fruits
NIGGARDNESS	5	extreme stinginess
INDIANSALAD	20	showy perennial herb with white flowers; leaves sometimes used as edible greens in southeastern United States
SPONTANEOUSABORTION	1	a natural loss of the products of conception
MUSCICAPAGRISOLA	40	common European woodland flycatcher with greyish-brown plumage
SICKENINGNESS	40	extreme unpalatability to the mouth
AMENORRHOEAL	30	related to the suppression of normal menstrual flow for any reason other than pregnancy
INDIANPEA	20	European annual grown for forage; seeds used for food in India and for stock elsewhere
THEODOREFRANCISPOWYS	10	British writer of allegorical novels; one of three literary brothers (1875-1953)
MUSCULUSPECTORALIS	20	either of two large muscles of the chest
LONICERATATARICA	30	a honeysuckle shrub of southern Russia to central Asia
AGAPANTHUSAFRICANUS	30	African plant with bright green evergreen leaves and umbels of many usually deep violet-blue flowers
KUKLUXER	1	a member of the Ku Klux Klan
INDIANBREADROOT	20	densely hairy perennial of central North America having edible tuberous roots
MEGILP	40	a medium for oil-paints; linseed oil mixed with mastic varnish or turpentine
CHAULMOOGRATREE	20	East Indian tree with oily seeds yield chaulmoogra oil used to treat leprosy
HOMOHEIDELBERGENSIS	30	a type of primitive man who lived in Europe
ALASKANATIVE	20	a member or descendant of any of the aboriginal peoples of Alaska
FUCKINGEST	30	superlative form of fucking: most fucking
TONEGAWASUSUMU	30	Japanese molecular biologist noted for his studies of how the immune system produces antibodies (born in 1939)
GARDENERSGARTERS	40	perennial grass of marshy meadows and ditches having broad leaves; Europe and North America
CLASSFELLOW	40	classmate
GIARDIASIS	30	An infectious diarrheal disease in humans and mammals caused by the Giardia duodenalis parasite.
METHANAL	20	a colorless poisonous gas; made by the oxidation of methanol
PLEXUSCARDIACUS	40	a plexus of nerves supplying the heart and nearby structures
DHEGIHA	30	a branch of the Siouan languages
MUSCULUSINTERCOSTALIS	20	muscles between the ribs; they contract during inspiration
MUSCULUSBICEPSBRACHII	20	a muscle that flexes and supinates the forearm
MUSLIMAHS	30	plural of Muslimah
APUSAPUS	20	common European bird with a shrieking call that nests chiefly about eaves of buildings or on cliffs
WOMANOFTHESTREET	1	a woman who engages in sexual intercourse for money
CRIMINATIVE	30	charging or suggestive of guilt or blame
CANCERCELL	40	a cell that is part of a malignant tumor
ASTERNOVAEANGLIAE	30	common perennial of eastern North America having showy purplish flowers; a parent of the Michaelmas daisy
INDIANBUFFALO	20	upland buffalo of eastern Asia where true water buffaloes do not thrive; used for draft and milk
INDIANRELISH	20	a spicy condiment made of chopped fruits or vegetables cooked in vinegar and sugar with ginger and spices
INDIANMONGOOSE	20	keen-sighted viverrine of southern Asia about the size of a ferret; often domesticated
LEONTOCEBUSROSALIA	40	golden South American monkey with long soft hair forming a mane
UGLINESSES	30	plural of ugliness
SHIAHISLAM	20	one of the two main branches of orthodox Islam; mainly in Iran
INDIANPONY	20	a small native range horse
INDIANAS	5	plural of Indiana
CHEMISORPTIVE	30	having the capacity to adsorb by chemical as contrasted with physical forces
ORNITHOMIMID	30	Any of the family Ornithomimidae of dinosaurs.
THERMIONICVACUUMTUBE	30	electronic device consisting of a system of electrodes arranged in an evacuated glass or metal envelope
PSIDIUMGUINEENSE	30	South American tree having fruit similar to the true guava
JAPANCEDAR	30	tall evergreen of Japan and China yielding valuable soft wood
AMENORRHOEIC	30	related to the suppression of normal menstrual flow for any reason other than pregnancy
EASTINDIANFIGTREE	20	East Indian tree that puts out aerial shoots that grow down into the soil forming additional trunks
KLUXER	1	a member of the Ku Klux Klan
OTITISINTERNA	30	inflammation of the inner ear; can cause vertigo and vomiting
ANORTHOPIA	30	distorted vision in which straight lines appear curved
ASPIDELAPSLUBRICUS	30	small widely distributed arboreal snake of southern Africa banded in black and orange
JAPANESESUMAC	30	small Asiatic tree yielding a toxic exudate from which lacquer is obtained
ZIZIPHUSLOTUS	40	shrubby deciduous tree of the Mediterranean region
CHINESELANTERNPLANT	40	Old World perennial cultivated for its ornamental inflated papery orange-red calyx
INDIANBEET	20	stout perennial of eastern and central North America having palmate leaves and showy racemose blue flowers
CHOLANGITIS	20	inflammation of the bile ducts
ANACANTHINI	40	at least partially equivalent to the order Gadiformes in some classifications
JAPANESEALLSPICE	30	deciduous Japanese shrub cultivated for its fragrant yellow flowers
CHAERONEA	20	A village in Boeotia, Greece.
MUJAHADIN	30	a military force of Muslim guerilla warriors engaged in a jihad
ARNG	10	Initialism of United States Army National Guard.
NGWEE	44	100 ngwee equal 1 kwacha in Zambia
CAMELUSDROMEDARIUS	31	one-humped camel of the hot deserts of northern Africa and southwestern Asia
JAPANCLOVER	30	an annual of tropical Asia naturalized in United States
PIPEROCAINE	30	a compound used in the form of its hydrochloride as a local or spinal anesthetic
ORCHIOPEXY	1	operation to bring an undescended testicle into the scrotum
ASTERFALCATUS	30	perennial of western North America having white flowers
PTEROCARPUSINDICUS	40	tree native to southeastern Asia having reddish wood with a mottled or striped black grain
SCOLOPENDRIUM	30	a fern thought to resemble a millipede
SIRLEONARDHUTTON	40	English cricketer (1916-1990)
MUSCULUSSPHINCTERANI	20	the sphincter muscle of the anus
ANEMONENEMOROSA	40	European anemone with solitary white flowers common in deciduous woodlands
CANALICULAR	10	relating to or like or having a canaliculus
CHEMOSORPTIVE	30	having the capacity to adsorb by chemical as contrasted with physical forces
ETHANAL	20	acetaldehyde
MENTHAPIPERITA	30	herb with downy leaves and small purple or white flowers that yields a pungent oil used as a flavoring
CACOMISTLE	41	Any member of the species Bassariscus sumichrasti, an arboreal relative of the racoon (and other procyonids).
JOHNCOWPERPOWYS	10	British writer of novels about nature; one of three literary brothers (1872-1963)
HOMOPTERAN	25	insects having membranous forewings and hind wings
THERMIONICCURRENT	30	an electric current produced between two electrodes as a result of electrons emitted by thermionic emission
REDBELLIEDTERRAPIN	25	freshwater turtle of Chesapeake Bay tributaries having red markings on the lower shell
MUSCULUSTERESMAJOR	20	teres muscle that moves the arm and rotates it medially
RAPEOIL	10	edible light yellow to brown oil from rapeseed used also as a lubricant or illuminant
IVYS	10	plural of Ivy
THERMIONICTUBE	30	electronic device consisting of a system of electrodes arranged in an evacuated glass or metal envelope
NANDGATE	35	a logic gate that produces an output that is the inverse of the output of an AND gate
CERVICALPLEXUS	30	a nerve plexus lying beneath the sternocleidomastoid muscle
MUSCULUSTERESMINOR	20	teres muscle that adducts the arm and rotates it laterally
VOMITUP	2	eject the contents of the stomach through the mouth
MUSCULUSBUCCINATOR	20	a muscle that flattens the cheek and retracts the angle of the mouth
SPHACELOTHECAREILIANA	30	smut fungus attacking heads of corn or sorghum and causing a covered smut
ASTROCYTES	40	plural of astrocyte
ASPIDIOTUSPERNICIOSUS	30	small east Asian insect naturalized in the United States that damages fruit trees
JAPANESELACQUERTREE	30	small Asiatic tree yielding a toxic exudate from which lacquer is obtained
WESTINDIANSATINWOOD	20	West Indian tree with smooth lustrous and slightly oily wood
THERMIONICEMISSION	30	the emission of electrons from very hot substances
MUSLIMISM	10	the civilization of Muslims collectively which is governed by the Muslim religion
SAURISCHIANDINOSAUR	1	herbivorous or carnivorous dinosaur having a three-pronged pelvis like that of a crocodile
NATIVEAUSTRALIAN	30	a member of the people living in Australia when Europeans arrived
INDIANMUSTARD	20	leaves eaten as cooked greens
LONICERACANADENSIS	30	erect deciduous North American shrub with yellow-white flowers
UNHAPPINESSES	30	plural of unhappiness
CANTHARELLUS	40	a well-known genus of fungus; has funnel-shaped fruiting body; includes the chanterelles
AZTREONAM	30	an antibiotic (trade name Azactam) used against severe infections; has minimal side effects
VAGILE	20	having freedom to move about
DEPARIAACROSTICHOIDES	30	fern with elongate silvery outgrowths enclosing the developing spores
CLOSEDGENTIAN	30	gentian of eastern North America having tubular blue or white flowers that open little if at all
SCILLANONSCRIPTA	40	sometimes placed in genus Scilla
JAPANESEIVY	30	Asiatic vine with three-lobed leaves and purple berries
DEUTERANOPIC	30	inability to see the color green or to distinguish green and purplish-red
ANACLITIC	20	of or related to relationships that are characterized by the strong dependence of one person on another
TEILHARDDECHARDIN	35	French paleontologist and philosopher (1881-1955)
MENTHACITRATA	30	mint with leaves having perfume like that of the bergamot orange
EUPNEA	20	normal relaxed breathing
BIGH	39	street names for heroin
JAPANESECHERRY	30	ornamental tree with inedible fruits widely cultivated in many varieties for its white blossoms
CRIBDEATH	30	sudden and unexpected death of an apparently healthy infant during sleep
EPIPACTISHELLEBORINE	30	European orchid with spikes of green and pinkish or purplish flowers
CERVICALCANAL	30	a spindle-shaped canal extending from the uterus to the vagina
TSOUIC	40	a group of Formosan languages comprising Tsou, Kanakanabu and Saaroa
INDIANRATTLEBOX	20	erect subshrub having purple-tinted flowers and an inflated pod in which the ripe seeds rattle; India
RAPESEEDOIL	40	edible light yellow to brown oil from rapeseed used also as a lubricant or illuminant
FRENCHANDINDIANWAR	40	a war in North America between France and Britain (both aided by American Indian tribes); 1755-1760
PROTIUMGUIANENSE	30	tropical American tree with a girth often exceeding ten feet
VENUSMAIDENHAIR	40	delicate maidenhair fern with slender shining black leaf stalks; cosmopolitan
AAAL	2	Initialism of American Academy of Arts and Letters.
AAKER	2	A surname.
AAO	2	Initialism of anodic aluminium oxide.
AAUP	2	Initialism of American Association of University Professors.
AAUW	2	Initialism of American Association of University Women.
ABANA	2	The Barada River.
ABAND	2	To desist in practicing, using, or doing; to renounce.
ABBIES	16	plural of abby
ABBOUD	16	A surname.
ABDA	2	Acronym of American-British-Dutch-Australian Command, a committee of senior military officials during the expected Japanese invasion of Australia in 1942.
ABDERA	16	An ancient city in Thrace, in modern Greece.
ABDO	2	Abdomen.
ABDULS	16	plural of Abdul
ABEES	2	plural of Abee
ABERR	2	To go astray; to err.
ABERT	2	A surname
ABI	2	A diminutive of the female given name Abigail.
ABIAH	2	A female given name from Hebrew.
ABIB	2	The first month of the Jewish ecclesiastical year, corresponding nearly to the Gregorian April. After the Babylonish captivity this month was called Nisan.
ABLAST	16	Blasting, making a loud noise.
ABLES	2	third-person singular simple present indicative of able
ABN	2	Abbreviation of airborne.
ABOB	2	Afloat; bouncing on the surface of a liquid.
ABOHMS	16	plural of abohm
ABON	2	A language of Nigeria.
ABRAS	2	plural of abra
ABRE	2	A barangay of Dagami, Leyte, Philippines.
ABRS	2	plural of ABR
ACANA	2	A tree from the West Indies that was valued for its wood and was one of two species, Manilkara valenzuelana or Manilkara bidentata, both from the Sapotaceae family.
ACARA	2	Any of a number of Central American and South American freshwater fish in the family Cichlidae.
ACG	2	Initialism of anime, comics and games: a Chinese subculture that revolves around anime, manga, and Japanese video games.
ACHERS	16	plural of acher
ACHIN	2	Alternative form of Aceh.
ACKED	2	simple past and past participle of ACK
ACLE	2	A small town in Norfolk, England.
ACN	2	Abbreviation of acrylonitrile.
ACOMIA	16	alopecia
ACOY	2	Alternative form of accoy.
ACP	2	Initialism of acyl carrier protein.
ACRAZE	16	To weaken, impair, or enfeeble in mind, body, or estate; craze.
ACRI	2	A town in the province of Cosenza, Calabria, Italy.
ACROOK	16	In an oblique or crooked direction.
ACROS	2	plural of acro
ACROW	2	Ellipsis of acrow prop.
ACTERS	16	plural of acter
ACTUS	2	A former Roman unit of length, equal to 120 Roman feet (about 35.5 m)
ACV	2	Initialism of asset of community value.
ADAI	2	A Native American people of northwestern Louisiana and northeastern Texas.
ADAMIC	16	Of, relating to, or resembling the Biblical character Adam.
ADANCE	16	Dancing.
ADCS	2	plural of ADC
ADDAS	2	plural of adda
ADDI	2	A female given name, a diminutive of Adelaide, Adrienne, Addison, or other names beginning with Ad-.
ADENS	2	plural of Aden
ADENYL	16	The univalent radical derived from adenine.
ADFS	2	plural of ADF
ADIRE	2	A type of traditional Yoruba tie-dyed cloth.
ADLETS	16	plural of adlet
ADOE	2	Obsolete spelling of ado.
ADOO	2	A guerrilla movement in Oman, ca. 1970 C.E.
ADOWA	2	A traditional dance of the Akan people of Ghana, with hand movements accompanied by drumming.
ADRESS	16	Misspelling of address.
ADRET	2	The sun-facing side of a mountain; in the northern hemisphere, this is typically the south-facing slope.
ADTS	2	plural of ADT
ADUNC	2	Curved inward, hooked.
ADUSK	2	At dusk; in the dusk or twilight.
ADVS	2	plural of adv
ADZED	2	simple past and past participle of adze
AEACUS	16	A king of the island of Aegina in the Saronic Gulf, one of the three judges in Hades.
AEGLE	2	The goddess/personification of good health and the glow of health, one of the daughters of Asclepius.
AEROPE	16	The daughter of Catreus, king of Crete, and sister to Clymene, Apemosyne and Althaemenes. Catreus gave her to Nauplius, to be drowned or sold abroad, but Nauplius spared her.
AESC	2	Alternative form of æsc.
AEVUM	2	The temporal mode of existence between time and eternity, said to be experienced by angels, saints, and celestial bodies (which medieval astronomy believed to be unchanging).
AFDC	2	Initialism of Aid to Families with Dependent Children.
AFERS	2	plural of Afer
AFF	2	Clipping of affirmation.
AFFY	2	To have faith in (someone); to trust.
AFIB	2	Alternative form of A-fib.
AFLUSH	16	flushed, blushing
AFM	2	Abbreviation of antiferromagnetic.
AFPAK	2	Afghanistan and Pakistan considered as a single entity
AFRA	2	Initialism of American Federation of Radio Artists.
AGALS	2	plural of agal
AGAMI	2	A South American bird, Psophia crepitans, allied to the cranes, and easily domesticated.
AGAP	2	Misspelling of agape.
AGAPAE	16	plural of agape
AGARD	2	A surname from Danish.
AGATY	2	Of the nature of agate, or containing agate.
AGAW	2	A people of Ethiopia and Eritrea.
AGEN	2	Obsolete spelling of again.
AGG	2	Clipping of aggravated.
AGGER	2	A double tide, particularly a high tide in which the water rises to a given level, recedes, and then rises again (or only the second of these high waters), but sometimes equally a low tide in which the water recedes to a given level, rises, and then recedes again
AGILER	16	comparative form of agile: more agile
AGNAME	16	An appellation over and above the given name and surname.
AGOGE	2	In ancient Greek music, tempo or pace; rhythmical movement.
AGOING	16	present participle and gerund of go
AGOSTO	16	A surname from Spanish.
AGRAFE	16	Alternative form of agraffe: a hook or fastener on clothing.
AGU	2	Abbreviation of American Geophysical Union (an international organization of geoscientists).
AGUEY	2	In the state of having a high fever accompanied by shaking or shivering.
AGUIAR	16	A surname.
AHAM	2	Initialism of Association of Home Appliance Manufacturers.
AHEARN	16	A surname from Irish.
AHIS	2	plural of ahi
AHWAZ	2	Alternative form of Ahvaz, Iran.
AIA	2	Alternative spelling of ayah.
AIDAS	2	plural of Aida
AIDID	2	Any member of the family Aididae.
AIGLE	2	A town, municipality, and district in Vaud canton, Switzerland.
AILER	2	comparative form of ail: more ail
AINOS	2	plural of AINO
AINS	2	plural of ain
AIRISH	16	Cool, breezy.
AITU	2	A ghost or spirit, often malevolent, in Polynesian mythology.
AJAMI	2	Non-Arab; Persian.
AJEE	2	Alternative form of agee.
AJMER	2	A city in Rajasthan, India.
AJOG	20	Whilst jogging; with a jogging motion; with agitation.
AKEAKE	16	A tree of species Dodonaea viscosa; aalii.
AKEES	2	plural of akee
AKES	2	third-person singular simple present indicative of ake
AKI	2	A city in Kōchi Prefecture, Japan.
AKIS	2	plural of AKI
AKIVA	2	A male given name from Hebrew.
AKR	2	Initialism of air kerma rate.
AKRA	2	Alternative spelling of accra.
ALAMAN	16	A member of the Alemanni people.
ALANE	2	Aluminium hydride, AlH₃.
ALANI	2	plural of Alan
ALAPA	2	Alternative form of alap.
ALAPAS	16	plural of alapa
ALATES	16	plural of alate
ALAYNA	16	A female given name from the Celtic languages.
ALBATA	16	A white alloy of copper, nickel and zinc, once used to make cheap cutlery etc
ALBE	2	Synonym of albeit.
ALBIN	2	A male given name from Latin.
ALBO	2	An Albanian.
ALCAMO	16	A commune and town in Trapani, Sicily, Italy.
ALEFS	2	plural of alef
ALEFT	2	To or on the left-hand side.
ALEMBICATED	30	simple past and past participle of alembicate
ALETE	2	Forming single spores or pollen grains, and therefore lacking laesurae
ALFARO	16	A surname from Spanish.
ALGAES	16	plural of algae
ALGIC	2	An indigenous language family of North America, comprising Wiyot, Yurok, and many Algonquian languages.
ALGO	2	Clipping of algorithm.
ALGOUS	16	Of or relating to the algae, or seaweeds; algal.
ALGS	2	plural of ALG
ALGUM	2	A tree or wood mentioned in the Bible, possibly juniper or red sandalwood.
ALIBLE	16	Nourishing.
ALICEA	16	A surname.
ALIM	2	An educated scholar of Islamic law; a member of the ulema class
ALIP	2	atypical localization of immature precursor
ALISA	2	A female given name from Finnish or Russian, equivalent to English Alice.
ALISH	2	Resembling or characteristic of ale.
ALJ	2	Initialism of administrative law judge.
ALLEES	16	plural of allee
ALM	2	Something given to the poor as charity: a singular gift of alms.
ALMAH	2	An Egyptian female singer or dancing-girl used for entertainment; sometimes a prostitute.
ALMES	2	Obsolete form of alms.
ALNAGE	16	Measurement (of cloth) by the ell, specifically, official inspection and measurement of woollen cloth, and attestation of its value by the affixing of a lead seal, as was once required by British law.
ALOD	2	Alternative form of allod.
ALOOSE	16	Free from restraints.
ALOTTA	16	Contraction of a lot of.
ALSIKE	16	Trifolium hybridum, a species of clover with pinkish or white flowers.
ALSIP	2	A surname.
ALTES	2	plural of ALTE
ALTONA	16	A borough in the city state of Hamburg, Germany.
ALU	2	Initialism of arithmetic logic unit.
ALVAS	2	A male given name.
ALVINO	16	A surname from Italian.
AMABEL	16	A female given name from Latin.
AMAC	2	Acronym of Asset Management Association of China.
AMADOR	16	A surname.
AMAGER	16	An island in the Øresund strait, the most densely populated island of Denmark, much of the northern part of which is occupied by the Danish capital, Copenhagen.
AMALEK	16	The biblical grandson of Esau.
AMANO	2	A surname from Japanese.
AMANT	2	A lover, especially if illicit; a paramour.
AMANTE	16	A surname.
AMAR	2	A surname.
AMARI	2	plural of amaro
AMATA	2	A female given name from Latin; always rare in English.
AMAYA	2	A female given name from Spanish borrowed from Spanish in the 1990s.
AMENE	2	Pleasant; agreeable.
AMENED	16	simple past and past participle of amen
AMERY	2	A surname.
AMICAL	16	Friendly, amicable.
AMIDO	2	The univalent radical -NH₂ when attached via a carboxyl group
AMINA	2	A female given name from Arabic, meaning “faithful, trustworthy”, masculine equivalent Amin.
AMINI	2	A surname from Persian.
AMINS	2	plural of amin
AMIRI	2	A surname from Persian.
AMITIE	16	Obsolete spelling of amity.
AMMON	2	An ancient nation occupying the east of the Jordan River, between the torrent valleys of Arnon and Jabbok, in present-day Jordan.
AMOOR	2	Archaic form of Amur.
AMORC	2	Initialism of Ancient Mystical Order Rosae Crucis.
AMORET	16	An amorous girl or woman; a wanton.
AMPER	2	A tumour, often accompanied by inflammation; pustule; varicose vein; pus; atter.
AMPO	2	A Javan snack food consisting of thin sticks of baked earth.
AMR	2	Initialism of American Medical Response.
ANADYR	16	A port town, the administrative center of the Chukotka Autonomous Okrug, in extreme northeastern Russia.
ANAH	2	A town in Anbar, Iraq, originally on an island in the middle Euphrates River.
ANAM	2	A Papuan language of Madang Province, Papua New Guinea.
ANAN	2	Expressing incomprehension or doubt; often requesting repetition or clarification, especially as an as an interrogative.
ANANA	2	Alternative form of ananas.
ANANDA	16	A unisex given name from Sanskrit.
ANANT	2	A male given name from Sanskrit used in India.
ANANYM	16	A pseudonym derived by spelling one's name backwards.
ANATA	2	Alternative form of anatta.
ANATO	2	Alternative form of annatto (“dye”).
ANATTA	16	The idea that there is no separate self or soul; egolessness. One of the three marks of existence.
ANBA	2	Alternative form of amba (“type of mango pickle”).
ANCILE	16	The sacred shield of the Ancient Romans, said to have fallen from heaven in the reign of Numa Pompilius. 11 copies were said to have been made, and it was the palladium of Rome.
ANCORA	16	Either of the symbols ⟨⸔⟩, ⟨⸕⟩ found in marginal notes to mark missing text.
ANCUS	2	An Italic male given name from Latin, notably borne by Ancus Marcius, a legendary king of Rome
ANDAS	2	plural of Anda
ANDE	2	Alternative form of onde.
ANDHRA	16	A former state in India, existing between 1953 and 1956, formed from Madras Presidency and later merged with Telangana, forming Andhra Pradesh.
ANEARS	16	third-person singular simple present indicative of anear
ANELED	16	simple past and past participle of anele
ANETO	2	A mountain in the Pyrenees, in the Spanish province of Huesca.
ANGI	2	A female given name.
ANILIN	16	Archaic form of aniline.
ANISYL	16	noun Any of three isomeric univalent radicals, o-, m-, or p-methoxyphenyl, CH₃O-C₆H₄-, derived from anisole. adj. bearing one of these radicals.
ANITO	2	ancestor spirit in Indigenous Philippine folk religions
ANJI	2	A county of Huzhou, Zhejiang, China.
ANKER	2	A measure of wine or spirit equal to 10 gallons; a barrel of this capacity.
ANKLED	16	Having some specific type of ankle.
ANOIA	2	Extreme mental deficiency.
ANSAR	2	A group of tribespeople, living in Madinah, who gave aid and protection to the prophet Mohammad and his followers, the Muhajirun.
ANSELL	16	A surname.
ANTARA	16	A female given name from Sanskrit.
ANTAS	2	plural of anta
ANTIAR	16	A poison obtained from the upas tree.
ANTY	2	Covered with ants.
ANYANG	16	A prefecture-level city of Henan, China.
AOE	2	Initialism of axis of evil.
AOKIS	2	plural of Aoki
AOLE	2	no, not
AOLS	2	plural of AOL
AONIA	2	An ancient region of Greece: possibly Boeotia, or possibly the part of Boeotia containing the mountains Helicon and Cithaeron, and thus sacred to the Muses, whom Ovid calls the Aonides.
AOSTA	2	The capital city of Aosta Valley, Italy.
APAN	2	A member of an amateur press association.
APERCH	16	Upon a perch.
APG	2	Any classification (of the Angiosperms) conforming to the publications of the Angiosperm Phylogeny Group.
APH	2	Initialism of antepartum haemorrhage.
APHA	2	Abbreviation of American Paint Horse Association.
APIANS	16	plural of apian
APINCH	16	Pinching; so as to pinch.
APIO	2	Synonym of akpeteshie (“Ghanaian alcoholic drink”).
APODE	2	Alternative form of apod.
APODIA	16	The congenital absence of feet.
APOLOG	16	Alternative form of apologue.
APPD	2	Abbreviation of appointed.
APPUI	2	A support or supporter; a stay; a prop.
APPY	2	An appetizer.
APTERA	16	An ancient city in western Crete, now an archaeological site.
APUFF	2	Out of breath; puffing.
APURE	2	A state of Venezuela.
APUSH	2	Acronym of Advanced Placement United States History.
AQS	2	plural of AQ
AQUAKE	16	quaking
ARABAS	16	plural of araba
ARADS	2	plural of arad: nomadic herders.
ARAGO	2	A surname from French.
ARAIN	2	A member of a large Punjabi Muslim agricultural community.
ARANAS	16	A surname from Spanish.
ARANDA	16	Alternative spelling of Arrernte.
ARANT	2	A surname.
ARARAS	16	plural of arara
ARARE	2	A Japanese confection made from small pieces of mochi (glutinous rice cakes) that are fried and usually flavored with soy sauce or other flavorings.
ARATI	2	Alternative form of aarti.
ARAU	20	Alternative form of Aarau (“Municipality and town, the capital of Aargau canton, in northern Switzerland”).
ARAWA	2	Synonym of Arawá (“language of Arawan family”).
ARBA	2	Alternative spelling of araba.
ARBAS	2	plural of arba
ARCAND	16	A surname from French.
ARCATA	16	A city in Humboldt County, California, United States.
AREACH	16	To reach for, get at, obtain, get hold of.
AREAN	30	Of or related to Ares, the Greek god of war, counterpart of the Roman Mars.
AREEK	2	In a reeking condition; having a strong odour.
ARENE	2	Any monocyclic or polycyclic aromatic hydrocarbon.
ARETS	2	third-person singular simple present indicative of aret
ARGOL	2	Alternative form of arghul (“musical instrument”).
ARGUTE	16	Sharp; perceptive; shrewd.
ARIBA	2	Initialism of Associate of the Royal Institute of British Architects
ARIEH	2	A male given name from Hebrew.
ARITA	2	A surname.
ARKIE	2	A native or resident of the state of Arkansas in the United States of America.
ARKITE	16	Belonging to Noah's Ark.
ARLINE	16	A female given name originating as a coinage, of older usage, variant of Arlene.
ARMETS	16	plural of armet
ARMON	2	A surname.
ARNDT	2	A surname.
ARNEB	2	Alpha Leporis, the brightest star in the constellation of Lepus.
ARNI	2	The wild water buffalo (Bubalus arnee)
ARNOT	2	Alternative spelling of arnut.
ARNUT	2	The earthnut.
AROLLA	16	Swiss stone pine
ARRAH	2	An expletive.
ARRECT	16	To direct.
ARRIDE	16	To please; to gratify.
ARSA	2	Associate of the Royal Scottish Academy.
ARSEN	2	A male given name from Russian
ARTAL	2	plural of rotl
ARUNTA	10	Alternative spelling of Arrernte.
ASAI	2	A surname from Japanese.
ASAM	2	Abbreviation of Asian-American.
ASAPH	2	A biblical figure associated with music.
ASARE	2	A surname.
ASB	2	Initialism of anti-shock body.
ASBEST	16	Alternative form of asbestos.
ASEM	2	A Meitei surname from Manipuri
ASHET	2	A large, shallow, oval dish used for serving food.
ASHIP	2	On or onto a ship.
ASKIP	2	Skipping.
ASME	2	Initialism of American Society of Mechanical Engineers.
ASPI	2	Initialism of Advanced SCSI Peripheral Interface.
ASR	2	the ability of a computer to identify and process human speech and convert it to text
ASSART	16	Forest land cleared for agriculture.
ASSI	2	Alternative spelling of Asi.
ASTAND	16	To arise; rise up.
ASTAS	2	plural of Asta
ASTINS	16	plural of Astin
ASTONE	16	Alternative form of astun
ASWAY	2	Swaying.
ASWEAT	16	In a sweat; covered or soaked with sweat or some liquid resembling sweat; sweating.
ASWIM	2	Swimming or immersed (in or with something).
ASYNC	2	Abbreviation of asynchronous.
ATABAL	16	A kettledrum; a kind of tabor used by the Moors.
ATABEK	16	Alternative spelling of atabeg.
ATARS	2	plural of atar
ATAVIC	16	ancestral, atavistic
ATCS	2	plural of ATC
ATELIC	16	Presenting an action or event’s significance as being the process or experience instead of the end accomplishment or goal.
ATESO	2	a Nilo-Saharan language
ATIU	2	A volcanic island of the Cook Islands archipelago.
ATLEE	2	A surname.
ATMA	2	Alternative form of atman.
ATOMI	2	plural of atomus
ATPS	2	plural of ATP
ATRAY	2	To vex; trouble; frighten; torment; harass.
ATSP	2	asked to see patient
ATTIS	2	A Greek and Phrygian god, the consort of Cybele.
ATTRIB	16	Abbreviation of attributive.
ATUA	2	A spiritual being in Polynesian culture; a god or demon.
AUA	2	Aldrichetta forsteri, a mullet of the family Mugilidae.
AUCAS	2	plural of auca
AUCH	2	A surname from German.
AUDE	2	A department of Occitania, France. Capital: Carcassonne.
AUE	2	Alas, oh dear; dear me.
AUERS	2	plural of Auer
AUL	2	A village encampment in the Caucasus, Central Asia or the Southern Urals.
AULAE	2	plural of aula
AULAS	2	plural of aula
AULIC	2	Of or pertaining to a royal court; courtly.
AULN	2	An ell (unit of measure).
AUNE	2	An old French cloth measure, varying around the country, but at Paris equivalent to 0.95 of an English ell.
AUTIST	16	An autistic person, a person with autism.
AUTOM	2	Alternative spelling of autem.
AVAR	2	an animation variable
AVIDIN	16	A tetrameric protein produced in the oviducts of birds, reptiles and amphibians and deposited in the whites of their eggs.
AVILAS	16	plural of Avila
AVINE	2	Characteristic of or pertaining to birds, or to bird-like or flying creatures.
AVOCA	2	A river in County Wicklow, Ireland, which flows into the Irish Sea.
AWADA	2	A surname from Arabic.
AWAN	2	The daughter of Adam and Eve in the Book of Jubilees.
AWARER	16	comparative form of aware: more aware
AWASTE	16	To waste; wasted.
AWAVE	2	waving
AWB	2	Initialism of airwaybill.
AWNER	2	A device for cutting the awns from grain.
AWNERS	16	plural of awner
AWRECK	16	in or into a state of being wrecked
AXO	2	Abbreviation of Alpha Chi Omega.
AYALA	2	A surname from Spanish [in turn from Basque].
AYED	2	simple past and past participle of aye
AYEN	2	Back against.
AYME	2	Obsolete form of aim.
AYTO	2	A surname transferred from the given name.
AZON	2	A gliding bomb of World War II whose azimuth could be adjusted via radio.
AZURED	16	Of an azure colour; azure, sky blue.
BAB	2	A baby.
BAFT	2	Alternative form of abaft.
BAINE	2	A surname.
BAISE	2	A prefecture-level city of the Guangxi autonomous region, China.
BAJU	2	A traditional Malay jacket worn with a sarong.
BALUN	2	An electronic device for connecting a balanced transmission line to an unbalanced one.
BANTY	2	bantam (small, but aggressive)
BARAD	2	A unit of pressure, equal to one dyne per square centimeter.
BARAS	2	plural of bara
BAROOS	16	plural of baroo
BARRER	16	One who or that which bars.
BARTOW	16	A surname.
BASA	2	The catfish Pangasius bocourti.
BATATA	16	sweet potato (plant)
BATTEL	16	Archaic spelling of battle.
BATTU	2	Performed with a striking together of the legs.
BAU	2	A surname.
BAZOO	2	A simple wind instrument, such as a kazoo or tin horn.
BDA	2	Initialism of British Dental Association.
BEARDY	16	Bearded.
BECS	2	plural of BEC
BEEDI	2	A thin, often flavored, Indian cigarette made of tobacco wrapped in a tendu leaf.
BEEFERS	40	plural of beefer
BEEMEN	16	plural of beeman
BELEFT	16	simple past and past participle of beleave
BELLER	16	Alternative form of bellow.
BEM	2	Initialism of British Empire Medal.
BEMEAN	16	To mean; signify; inform.
BEREAD	16	Alternative form of berede.
BERENT	16	simple past and past participle of berend
BETTI	2	A surname from Italian.
BEUS	2	A surname.
BEWET	2	To wet or moisten profusely.
BGT	2	Initialism of Britain's Got Talent.
BHAR	2	A member of a particular caste or community in India.
BIA	2	Initialism of Bureau of Indian Affairs (a U.S. government federal agency for dealing with Native Amerindians).
BIE	2	Initialism of black identity extremist.
BIGG	39	To build.
BIGGY	2	Something large in size in comparison to similar things.
BINGEN	16	Synonym of Bingen am Rhein, a town in Rhineland-Palatinate, Germany.
BIRDO	40	A birder or birdwatcher.
BKLYN	20	Abbreviation of Brooklyn: a borough of New York City, New York, United States.
BLOBBY	16	Similar in shape to blobs; amorphous and rounded in appearance; partially irregular in appearance like bubbles.
BNA	2	Initialism of British North America.
BOFE	2	Pronunciation spelling of both.
BOGUE	2	A species of seabream fish native to the eastern Atlantic (Boops boops).
BOJO	2	Syllabic abbreviation of Boris Johnson (born 1964), a British politician and journalist who served as Mayor of London from 2008 to 2016 and Prime Minister of the United Kingdom from 2019 to 2022.
BOLAND	16	A surname.
BOMAS	2	plural of boma
BONIN	2	A surname from French.
BOREEN	16	A narrow, frequently unpaved, rural road in Ireland, often characterised by a ridge of grass growing in the middle.
BORGNE	16	A commune in northern Haiti.
BOSA	2	Alternative spelling of boza.
BOSEY	2	A googly.
BOSHES	16	plural of bosh
BPE	2	Initialism of borated polyethylene.
BPL	2	Initialism of broadband over power line.
BRAB	2	The palmyra tree.
BRANNY	16	Full of or resembling bran.
BRE	2	Abbreviation of British English.
BREDON	16	A village and civil parish in Wychavon district, Worcestershire, England; the parish borders onto Gloucestershire (OS grid ref SO9236).
BREEDY	16	Apt or ready to breed, produce; breeding readily; prolific
BREWIS	16	a kind of broth thickened with bread or meal
BRL	2	Initialism of barge, refrigerated, large.
BRODO	2	A broth or stock in Italian cookery.
BRUTER	16	One who brutes (shapes diamonds by grinding).
BST	39	Initialism of British Standard Time (between 1968 and 1971).
BTL	2	Initialism of below the line.
BUE	2	A surname.
BUF	2	Initialism of British Union of Fascists, a political group of the 1930s.
BULLAS	16	plural of bulla
BUMMY	2	Like a bum (homeless person or hobo)
BURAN	2	Alternative form of borani.
BURKED	16	suppressed quietly or indirectly
BURYS	2	plural of Bury
BUYUPS	16	plural of buyup
BYAM	2	A surname.
CABRA	2	Cabramatta, a suburb in New South Wales.
CAH	2	Pronunciation spelling of car.
CAIRE	2	Obsolete form of coir (“coconut husk fibre”).
CAISSE	16	A surname from French.
CAJAN	2	Alternative form of cadjan.
CALCAR	16	A small oven or furnace, used for the calcination of sand and potash, and converting them into frit.
CALID	2	Warm, hot.
CALME	2	Obsolete spelling of calm.
CAMISA	16	Alternative form of camisia.
CANSOS	16	plural of canso
CANTE	2	A surname from Spanish.
CAO	2	Initialism of Central Applications Office, the official body tasked with handling applications for students' first year of college.
CAPEKS	16	plural of Capek
CAPPA	2	The thick wall on the proximal side of the corpus of a pollen grain.
CAREI	2	A city in Satu Mare County, Romania.
CARPO	2	One of the Horae, goddess/personification of Autumn and of harvest time.
CASHER	16	One who cashes (a cheque, etc.).
CATLAP	16	A watery or thin drink (especially tea or milk); a non-alcoholic drink.
CATMAN	16	A man having physical characteristics of a cat.
CATMEN	16	plural of catman
CAUCHO	16	The latex of Castilla species.
CBN	2	Initialism of chemical, biological, nuclear; alternative form of NBC.
CBO	2	Initialism of criminal behaviour order.
CCCC	2	Initialism of centrifugal countercurrent chromatography.
CCN	2	Initialism of controlled-controlled not gate.
CDU	2	Initialism of crude distillation unit.
CED	2	Initialism of community economic development.
CEM	2	cemetery
CENAS	2	plural of Cena
CERONE	16	A surname.
CGA	10	Initialism of Color Graphics Adapter, an obsolete computer display standard preceding EGA and VGA, offering a palette of 16 colours, of which only a few could be displayed on screen at one time.
CGIS	2	plural of CGI
CHAPES	16	plural of chape
CHECKY	16	Alternative form of chequy.
CHEDER	16	An elementary school for Jewish children, teaching basic Judaism and Hebrew.
CHERTS	16	plural of chert
CHIMO	2	Hello; goodbye.
CHINED	16	Pertaining to, or having, a (particular type of) chine or backbone.
CHINKLE	5	A turn or kink in a rope.
CHIRAL	16	that exhibits chirality; as in the left-handed and right-handed versions of a helix, or a molecule with L- and D- stereoisomers.
CHIV	2	Alternative form of shiv (“a knife”).
CHOICY	16	Fastidious; choosy; discriminating.
CHORT	2	A seventeenth-century unit of Burgundy glass.
CHOYS	2	plural of Choy
CHP	2	Initialism of California Highway Patrol.
CHS	2	Initialism of cannabinoid hyperemesis syndrome.
CHUA	2	A surname from Hokkien.
CIBOL	2	A perennial onion plant, Allium fistulosum, commonly called Welsh onion.
CICALE	16	Alternative form of cicala (“a cicada”).
CICS	2	plural of CIC
CIF	2	Initialism of cost, insurance and freight.
CILICE	16	A garment or undergarment made of coarse cloth or animal hair worn close to the skin used by members of various Christian traditions as a self-imposed means of penance (repentance) and mortification of the flesh.
CINCHY	16	Very easy; presenting no challenge.
CIRL	2	The cirl bunting
CIVVIE	16	Alternative spelling of civvy.
CJS	2	plural of CJ
CLOUGH	16	A narrow valley; a cleft in a hillside; a ravine, glen, or gorge.
CMU	2	Initialism of concrete masonry unit.
CNF	2	Abbreviation of carbon nanofiber.
COCON	2	Obsolete form of cocoon.
COFFLE	16	A line of people or animals fastened together, especially a chain of prisoners or slaves.
COJOIN	16	To join together; to conjoin.
COLEEN	16	Alternative form of colleen.
COMBLE	16	A band along the top part of the shield, half the height of the chief.
COOLIN	16	A member of a high-ranking class of brahmins.
CORDAL	16	Alternative form of cordelle.
COTISE	16	Alternative form of cottise.
COTYS	2	plural of Coty
COUR	2	A three-month unit of television broadcasting, corresponding to one of the four seasons.
COVIN	2	Fraud, deception.
CPAP	2	Initialism of continuous positive airway pressure, a form of artificial ventilation.
CPH	2	Initialism of county parish holding.
CRASIS	16	One's constitution; the balance of humours in a person's body.
CRC	2	Initialism of Chemical Rubber Company, a former US-American manufacturer of chemical laboratory equipment, now the publishing company CRC Press.
CREPON	16	A thin fabric made from silk or fine wool
CRIE	2	Obsolete spelling of cry.
CRIM	2	A criminal.
CRINE	2	To wither, wilt, shrivel.
CRINUM	16	Any of the genus Crinum of perennial plants with large showy flowers on leafless stems, which develop from bulbs.
CROPPY	16	An Irish republican rebel.
CSK	2	Initialism of Chennai Super Kings.
CSL	5	Initialism of Chinese Sign Language
CSOS	2	plural of CSO
CTE	5	Initialism of chronic traumatic encephalopathy.
CTF	2	Initialism of capture the flag.
CUETO	2	A surname from Spanish.
CUFFER	16	An improbable or exaggerated story.
CWP	2	Initialism of coal worker's pneumoconiosis.
CWS	2	plural of CW
CYMAS	2	plural of cyma
DAC	2	Acronym of digital-to-analog converter.
DALIA	2	A surname.
DAVIDI	16	A surname.
DAYI	2	The Dayi method, a text-input method for Chinese characters invented after the Cāngjié method and designed to be faster. Like Cāngjié, this system is based on the character shape rather than phonetics.
DBE	2	Initialism of Dame Commander of the Order of the British Empire.
DCM	2	Initialism of dilated cardiomyopathy.
DDC	2	an antiviral drug used to combat HIV infection; a nucleoside analog reverse transcriptase inhibitor (NARTI)
DEAFED	16	simple past and past participle of deaf
DEBALL	16	To remove balls (literally or figuratively) or to emasculate.
DECAD	2	Archaic form of decade (“period of ten years”).
DECAP	2	To remove a cap.
DECATE	16	Synonym of decatize (“steam fabric”).
DEDANS	16	A division, at one end of a tennis court, for spectators.
DEEK	2	To look.
DEKARE	16	Alternative form of decare.
DEMAST	16	To remove the mast from (a sailing ship) for storage.
DEMOI	2	plural of demos The common populaces of several states.
DENSEN	16	To become dense or more dense.
DEVERE	16	A surname from French.
DEWALT	16	A surname.
DGA	25	Initialism of Directors Guild of America, the labor union representing directors of film and television.
DHONI	2	A handcrafted sailboat with a motor or lateen sails, resembling a dhow, that is used in the Maldives.
DHT	2	Initialism of dihydrotestosterone.
DIANNA	16	A female given name from Latin, a less common spelling of Diana.
DIB	2	To dig a hole by poking; especially, to dig a small hole in soil for the purpose of planting a bulb or seed.
DICH	2	Obsolete form of ditch (“a trench”).
DIDIE	2	A diaper.
DIEHL	2	A surname.
DIENES	16	plural of diene
DIFS	2	plural of dif
DIGNE	2	worthy; honourable; deserving; suitable.
DIMMET	16	Twilight; dusk; crepusculum.
DINNA	2	do not
DIOIC	2	dicarboxylic
DIOLS	2	plural of diol
DIVI	2	The dividend paid out by the Co-op
DIZENS	16	third-person singular simple present indicative of dizen
DLA	2	Initialism of Defense Logistics Agency.
DLT	30	Initialism of Digital Linear Tape: a computer storage tape format having a single spooled cartridge using multitrack linear serpentine recording on a half-inch wide tape.
DME	2	Initialism of durable medical equipment.
DNE	20	Initialism of do not erase, written on chalk boards to protect information from being erased.
DNH	2	Abbreviation of Dadra and Nagar Haveli.
DOGEND	16	Alternative form of dog-end.
DOLENT	16	Sad, sorrowful.
DOMIC	2	Relating to or shaped like a dome; domical or domeshaped.
DONGED	16	simple past and past participle of dong
DORSAD	16	Toward the dorsal side.
DORSE	2	The Baltic cod or variable cod (Gadus morhua callarias).
DOTAL	2	Pertaining to dower, or a woman's marriage portion; constituting or comprised in dower.
DOTTEL	16	Alternative form of dottle.
DOV	2	A male given name of Hebrew usage.
DPA	2	Initialism of diphenylanthracene.
DPTY	2	Abbreviation of deputy.
DREES	2	third-person singular simple present indicative of dree
DRONY	2	Dronelike.
DRUNG	2	A Sino-Tibetan language spoken in China.
DRUSES	16	plural of druse
DTN	2	duplex, tray, network: In relation to the selling of laser printers, a designation that a printer has duplex (double sided printing) capability and paper trays and is networkable.
DTR	2	Initialism of draft technical report (used by ISO).
DTV	2	digital television broadcast
DUCTUS	16	The number of strokes that make up a written letter, and the direction, sequence and speed in which they are written (Compare graph; see also aspect.)
DUETED	16	simple past and past participle of duet
DWINE	2	To wither, decline, pine away.
DWM	2	Initialism of down woody material.
DYSONS	16	plural of Dyson
EANS	2	third-person singular simple present indicative of ean
EBNER	2	A surname.
EBO	2	Initialism of employee buyout.
ECD	30	Initialism of electron capture detector.
ECHINI	16	plural of echinus
ECTENE	16	Alternative form of ektenia.
ECTOR	2	A surname.
ECURIE	16	A stable.
EDR	2	Initialism of earliest date of release.
EDTS	2	plural of EDT
EEU	2	Initialism of Eurasian Economic Union.
EFI	2	Initialism of electronic fuel injection.
EGR	2	Initialism of exhaust gas recirculation.
EHD	2	Initialism of epizootic hemorrhagic disease.
EIB	2	a unit of information equal to 1024 pebibytes or 2^60 bytes
EIDE	2	Initialism of Extended Integrated Drive Electronics.
EIT	2	Initialism of Enhanced Interrogation Technique.
EIU	2	Initialism of Eastern Illinois University.
EKARI	2	A people of the Indonesian province of Papua.
EKO	2	Initialism of Edgeworth-Kuiper object.
EKOI	2	An ethnic group of southeastern Nigeria.
EKS	2	plural of EK
ELDAR	2	An elf, one of a particular group of elves, or an elflike creature.
ELGINS	16	plural of Elgin
ELGON	2	A mountain on the border of Uganda and Kenya
ELISAS	16	plural of ELISA
ELLROY	16	A surname.
ELOINS	16	third-person singular simple present indicative of eloin
ELSENE	16	Synonym of Ixelles
ELYOT	2	A surname.
ELYSIA	16	plural of Elysium
EMBALE	16	To bind up; to pack, or bundle up into a pack.
EMBRUE	16	Alternative form of imbrue.
EMERG	2	The emergency department of a hospital.
EMOKID	16	A young member of the emo music scene or subculture.
EMR	2	Initialism of electronic medical record.
ENAM	2	Alternative form of inam.
ENDETH	16	third-person singular simple present indicative of end
ENDOME	16	To cover with, or as if with, a dome.
ENDRIN	16	A toxic chlorinated polycyclic epoxide previously used as a pesticide and now considered a persistent organic pollutant.
ENDZ	2	Alternative form of ends (“a person's neighbourhood”).
ENFILE	16	To thread onto, or hang up on, a string or cord.
ENOILS	16	third-person singular simple present indicative of enoil
ENR	2	Initialism of European New Right.
ENRANK	16	To place in ranks or in order.
ENRING	16	To encircle.
ENTIFY	16	To make into an entity, attribute objective existence to.
ENTRO	2	A former rail junction and small settlement in Yavapai County, Arizona, United States.
ENVIE	2	To vie; to emulate; to strive.
EOC	2	Initialism of end-of-course test.
EOL	2	Initialism of end of line.
EOZOIC	16	Precambrian, or more specifically Archaean.
EPAULE	16	The shoulder of a bastion, or the place where its face and flank meet and form the angle, called the angle of the shoulder.
EPIPH	2	Abbreviation of Epiphany.
EPMD	2	Abbreviation of extracellular membrane proximal domain.
EPODIC	16	Pertaining to or resembling an epode.
EPR	2	Initialism of engine pressure ratio (the ratio of pressure between exhaust and inlet of a jet engine).
EPUB	2	An e-book standard and file format based on HTML and designed to work across different devices and platforms, now governed by the W3C.
ERD	2	Initialism of entity-relationship diagram.
ESB	35	Initialism of extra special bitter.
ESH	20	The IPA symbol ʃ.
ESMOND	16	A surname.
ESPERS	16	plural of esper
ESPIER	16	One who espies.
ESTIME	16	A surname.
ESTIS	2	A surname.
ETALE	2	Misspelling of étale.
ETF	2	a mutual fund that is traded on a stock exchange
EUA	2	Initialism of emergency use authorization.
EVERE	2	Obsolete spelling of ever.
EXLEY	2	A surname from Old English.
EXPEDE	16	To hasten or expedite
EXXY	2	Alternative spelling of exy.
FACUND	16	eloquent, articulate
FAGER	30	A surname.
FAHAM	2	The orchid (Jumellea fragrans), from the islands of Réunion and Mauritius, whose leaves were once used in France as a substitute for China tea.
FAIX	2	Eye dialect spelling of fecks.
FALCOS	16	plural of Falco
FARIA	2	A surname.
FARNER	16	A surname.
FASH	2	To worry; to bother, annoy.
FATING	16	present participle and gerund of fate
FAW	2	Alternative form of faugh.
FBA	2	Initialism of Foundational Black American.
FCT	2	Initialism of Facilitated Communication Training.
FEARES	16	plural of feare
FEAZE	2	Alternative form of feeze.
FEERED	16	simple past and past participle of feer
FEEZE	2	A state of worry or alarm.
FENMAN	16	A (male) inhabitant of the fens.
FEOD	2	Obsolete form of feud (“estate granted to a vassal by a feudal lord in exchange for service”).
FERS	2	The medieval chess piece that developed into the modern queen.
FEV	2	femtoelectronvolt
FFS	2	Initialism of for fuck's sake.
FFV	2	Initialism of flexible-fuel vehicle.
FIAR	2	One in whom the property of an estate is vested, subject to the estate of a liferenter.
FIGGER	16	Pronunciation spelling of figure.
FIH	2	Alternative spelling of fish.
FII	2	Abbreviation of factor II (“= clotting factor II = prothrombin”).
FINGAL	16	A male given name from Scottish Gaelic, best known in Scotland.
FINLAY	16	A Scottish surname from Scottish Gaelic.
FITA	2	The obsolete Cyrillic letter Ѳ, ѳ formerly used in Russian to write proper names and loanwords derived from or via Greek.
FLD	2	Abbreviation of field.
FLI	2	Initialism of food loss index.
FLIPPO	16	A surname.
FLITES	16	plural of flite
FLOT	2	forward line of own troops, front line
FLYEST	16	superlative form of fly: most fly
FMC	2	Initialism of first medical contact.
FMR	2	Abbreviation of former.
FNN	2	Abbreviation of Feedforward Neural Network.
FNS	2	plural of FN
FOC	2	free of charge
FOGIE	2	Alternative spelling of fogey.
FOILER	16	One who foils or frustrates.
FOISON	16	An abundance, a rich supply of.
FOOBAR	16	A serious mistake.
FORB	2	Any nonwoody flowering plant that is not a graminoid (a grass, sedge, or rush).
FORTHE	16	Obsolete spelling of forth.
FPL	2	Initialism of familial partial lipodystrophy.
FRB	2	Initialism of Federal Reserve Bank.
FREAR	2	A surname.
FRITH	2	Peace; security.
FRYMAN	16	A surname.
FSR	2	Initialism of for some reason.
FSS	2	Initialism of functional somatic syndrome.
FTE	2	Initialism of full-time equivalent.
FTR	2	Initialism of for the record.
FULGOR	16	Splendor, splendour; dazzling brightness.
FURZES	16	plural of furze
FYE	2	Pronunciation spelling of fire, representing Southern US English.
GADES	2	plural of gade
GAE	2	Deliberate misspelling of gay (“homosexual”).
GAES	2	A surname
GAGER	2	Alternative spelling of gauger.
GAJ	2	Alternative form of gadje (“non-Romani person”).
GALLE	2	A city in Sri Lanka.
GANJAH	16	Alternative spelling of ganja.
GARBES	16	plural of Garbe
GARBOS	16	plural of garbo
GARM	2	Acronym of Global Alliance for Responsible Media.
GASA	2	A district of Bhutan.
GAW	2	A surname from Scottish Gaelic.
GAZ	2	A nickname of the given name Gareth or Gary.
GBV	2	Initialism of gender-based violence.
GCR	2	Initialism of Galactic Cosmic Radiation.
GEALS	2	third-person singular simple present indicative of geal
GELATE	16	To form a gel.
GENOM	2	Dated form of genome.
GENRO	2	A body of elder statesmen of Japan, formerly used as informal advisors to the Emperor.
GERENT	16	A manager.
GEY	2	Very.
GIED	2	simple past and past participle of GI
GINK	2	A guy, a fellow, especially (derogatory) a foolish, unworldly, or socially inept man; a goof.
GLAUM	2	To grasp or snatch (at), usually feebly or ineffectually; to grope (at) with the hands, as in the dark.
GLEBES	16	plural of glebe
GLUMES	16	plural of glume
GLUMS	2	third-person singular simple present indicative of glum
GLUTCH	16	To swallow.
GNS	2	Initialism of grape neutral spirit (“vinous alcohol”).
GODIN	2	A surname.
GOLAS	2	plural of gola
GONEST	16	superlative form of gone: most gone
GOOGS	2	plural of goog
GOOKY	2	Gloppy, gooey.
GOOPED	16	Amazed, stunned, or shocked (whether by something positive or negative).
GORKED	16	simple past and past participle of gork
GORM	2	To gawk; to stare or gape.
GORSES	16	plural of gorse
GREE	2	One of a flight of steps.
GRIF	2	Alternative form of griffe (“person of mixed (black and white) race”).
GRINNY	16	Having or resembling a grin.
GRIPT	2	simple past and past participle of grip
GRITCH	16	To complain; to gripe.
GRS	2	Initialism of gender reassignment surgery.
GRUENE	16	A town in Comal County, Texas, United States.
GRUMES	16	plural of grume
GSH	2	Abbreviation of glutathione.
GSL	2	Initialism of guaranteed student loan.
GSM	2	Initialism of Global System for Mobile communications.
GTC	2	Initialism of good till canceled.
GUACO	2	Any of various vine-like climbing plants of Central and South America and the West Indies, including Mikania and Aristolochia species, reputed to have curative powers.
GULLYS	16	plural of Gully
GUNPIT	16	Alternative form of gun pit.
GUTTAE	16	plural of gutta
GUZ	2	A unit of length used in parts of Asia, ranging from 24 to 41 inches and historically used for measuring textiles, comparable to the English yard.
GYNE	2	The primary reproductive female caste of social insects (especially ants, wasps, and bees), those destined to become queens.
GYRED	2	simple past and past participle of gyre
HABES	2	plural of Habe
HACKIE	16	A taxicab driver.
HAILES	16	Hailes Castle in East Lothian, Scotland, the origin of the baronetcy (OS grid ref NT5775).
HALLAM	16	A surname.
HARTES	16	plural of Harte
HARUN	2	Aaron, a prophet in Islam.
HASHER	16	One who or that which hashes (in various senses).
HATI	2	The vargr (giant wolf) who chases Máni (the Moon) across the night sky until Ragnarök, when he will swallow Máni; son of Fenrir and brother of Sköll.
HAULABLE	40	Capable of being hauled.
HAV	2	Informal spelling of have.
HCN	2	Initialism of hydrogen cyanide.
HEDIN	2	A surname.
HEER	40	A yarn measure of six hundred yards, or 1/24 of a spindle.
HELMER	16	Synonym of showrunner.
HEMEL	2	Clipping of Hemel Hempstead.
HEMPY	2	Like hemp.
HENTY	2	A surname.
HERMA	2	Alternative form of herm.
HERP	2	A reptile or amphibian.
HEU	2	Initialism of highly enriched uranium.
HEV	2	Initialism of hybrid electric vehicle.
HEXYNE	16	Any aliphatic hydrocarbon having six carbon atoms and one triple bond.
HGW	2	Initialism of hyperquenched glassy water; a form of H₂O water ice which is glassy, non-crystalline, that is formed by rapidly cooling liquid water.
HIB	2	Haemophilus influenzae, serotype b: a particular type of bacterium responsible for pneumonia, meningitis, and other diseases.
HIR	10	Them (singular). Gender-neutral third-person singular object pronoun, coordinate with him and her.
HITCHY	16	irregular; uneven; moving or progressing in jerks or spurts
HIX	2	A surname.
HMV	40	Initialism of heavy maintenance visit.
HOKIES	16	plural of Hokie
HOKKU	2	Synonym of haiku (“type of Japanese poem”).
HOMISH	16	Belonging to home; domestic.
HOMOLKA	5	A surname from Czech.
HOOEYS	16	plural of hooey
HOOKES	16	plural of hooke
HOOLEY	16	A noisy celebration or party; also, an evening of traditional music and dance.
HPO	2	Initialism of hydrogen peroxide.
HPV	2	Initialism of human papillomavirus.
HRA	2	Initialism of health reimbursement arrangement.
HUAS	2	plural of Hua
HUAVE	2	An indigenous people of Oaxaca State, Mexico.
HUI	2	A Māori social gathering or assembly.
HULAGU	16	A Mongol ruler who conquered much of West Asia; a grandson of Genghis Khan.
HUMMUM	16	A Turkish bath.
HVS	2	Initialism of hypervelocity star.
HYLIC	2	Synonym of physical, material, or base.
HYPS	2	Initialism of Harvard/Yale/Princeton/Stanford.
HYS	2	Obsolete form of his.
IAIN	2	A male given name from Scottish Gaelic, equivalent to English John.
IAP	2	Initialism of integrated access point: a series of access points built into a single device and controlled by a single, multi-channel MAC resident on an array controller.
IBC	2	Initialism of intermediate bulk container.
ICENI	40	A Brythonic tribe in Britannia who inhabited an area corresponding roughly to the modern-day county of Norfolk, from the 1st century BC to the 1st century AD.
ICM	2	Abbreviation of intracluster medium.
ICO	5	Initialism of initial coin offering.
ICR	2	Initialism of intelligent character recognition.
IDIS	2	plural of Idi
IDOIST	16	Alternative form of Idist.
IEPER	2	Synonym of Ypres.
IFID	2	Initialism of illocutionary force indicating device: an element or aspect of language indicating that an utterance is made with a certain illocutionary force, or else that it constitutes the performance of a certain illocutionary act.
IFIS	2	plural of IFI
IFO	2	Initialism of identified flying object.
IFR	2	Initialism of Integral Fast Reactor.
IGY	2	Initialism of International Geophysical Year (1957-1958).
IHL	2	Initialism of international humanitarian law.
IHS	2	Initialism of Institute for Humane Studies.
IID	2	Initialism of independent investigations division
ILLUDE	16	To give a false impression to.
ILY	2	Initialism of I love you.
IMC	2	Initialism of instrument meteorological conditions.
IMD	2	Initialism of International Men's Day.
IMPAWN	16	To place an item into pawn.
INCORP	16	Abbreviation of incorporation.
INCULT	16	Uncultivated, wild.
INDRE	2	A department of Centre-Val de Loire, France. Capital: Châteauroux (INSEE code 36).
INGAME	16	Alternative form of in-game.
INMID	2	amid.
INOUE	2	A surname from Japanese.
INRAGE	16	Obsolete spelling of enrage.
INRUNS	16	plural of inrun
INSPISSATED	20	Thickened or dried by evaporation.
INSPISSATES	20	third-person singular simple present indicative of inspissate
INSPISSATING	20	present participle and gerund of inspissate
INSPISSATIONS	15	plural of inspissation
INTROD	16	Abbreviation of introduction.
INVER	2	A village on Inver Bay, County Donegal, Ireland (Irish grid ref G 8177).
INWORK	16	Indoor work; work done inside the home.
IOD	2	Initialism of interest on deposit.
IOK	2	Initialism of Indian-occupied Kashmir, the disputed union territories of Jammu and Kashmir, also including the nearby union territory of Ladakh, in northern India.
IORS	2	plural of IOR
IOT	2	Initialism of Internet of Things, a self-configuring wireless network between objects.
IOW	40	Initialism of Isle of Wight.
IRANIC	16	Pertaining to the Iranic languages or their speakers.
IRBM	2	Initialism of intermediate-range ballistic missile.
ISDN	2	Initialism of isosorbide dinitrate.
ISTAR	2	Acronym of intelligence, surveillance, target acquisition, and reconnaissance.
ITC	2	Initialism of Independent Television Commission.
ITSIER	16	comparative form of itsy: more itsy
IUS	2	plural of IU
IVI	2	Initialism of in-vehicle infotainment.
IYER	2	A surname from Tamil.
JAC	2	Initialism of Joint Analysis Center.
JAMAS	2	plural of Jama
JESSY	2	Alternative form of Jessie (“female name”).
JESTEE	16	The individual who is the subject of a joke.
JGS	2	plural of JG
JHS	2	plural of JH
JIE	2	An ancient tribe of northern China, who were regarded as one of the Five Barbarians by the Han people.
JIU	2	Any Chinese alcoholic beverage
JJJ	30	Initialism of Japanese jujitsu.
JJS	2	plural of JJ
JOBBIE	16	Faeces; a piece of excrement.
JOBBY	2	A job that is also a hobby: a dream job or passion project; or, a side hustle.
JOBED	2	simple past and past participle of jobe
JOBES	2	third-person singular simple present indicative of jobe
JOI	2	Initialism of jerk-off instructions: Spoken, written, or recorded directions to masturbate one's penis.
JSD	2	Initialism of Jatiya Samajtantrik Dal.
JUNQUE	16	Used items offered or potentially offered for sale of unknown, but probably low value.
JURATS	16	plural of jurat
JUVE	2	A child actor.
KABAB	2	Alternative form of kebab.
KAIROS	16	A time when conditions are right for the accomplishment of a crucial action; the opportune and decisive moment.
KAKADU	16	Alternative form of Gaagudju.
KAP	2	Initialism of knowledge, attitude(s), and practice(s): a type of representative survey, originated in the 1950s, that examines the level of knowledge, beliefs, and behaviours of a population in the context of a specific topic.
KAPOKS	16	plural of kapok
KARELS	16	plural of Karel
KARIN	2	A female given name from Danish [in turn from Ancient Greek Αἰκατερῑ́νη (Aikaterī́nē)], variant of Karen.
KASE	2	A male given name.
KATYA	2	A female given name from Russian or Ukrainian, equivalent to English Kate.
KBE	2	Initialism of Knight Commander of the Order of the British Empire.
KECK	2	To heave or retch as if to vomit.
KEM	2	A surname.
KENOVA	16	A city in Wayne County, West Virginia, United States.
KEO	2	A surname.
KET	2	A column vector, in Hilbert space, especially as representing the state of a quantum mechanical system; the complex conjugate transpose of a bra (a row vector); a ket vector. Symbolised by |...〉.
KEVS	2	plural of Kev
KEX	2	The dried stem of certain large herbaceous plants.
KGM	2	The station code of Kathgodam railway station in India.
KHLOE	2	A female given name from Ancient Greek of modern usage.
KIDLIT	16	books written for children or young adults
KIMURA	16	An armlock where the implementer isolates the opponent's arm and torques the shoulder in order to cause pain or injury.
KIPE	2	An osier basket used for catching fish.
KIPES	2	plural of kipe
KIRKE	2	A surname from Middle English, of less common usage, variant of Kirk.
KNOWES	16	plural of knowe
KOBAN	2	An oval gold coin in the Edo period of feudal Japan.
KOHIMA	16	A city, the state capital of Nagaland, India.
KOLBE	2	A surname.
KOLS	2	plural of Kol
KONK	2	Alternative spelling of conk.
KORO	2	A delusional syndrome found in Malay and southern Chinese populations, characterized by a belief that the subject's penis will retract into the abdomen and cause death.
KOU	2	A tree of species Cordia subcordata.
KOW	2	The station code of Kowloon in Hong Kong.
KPA	2	Initialism of Korean People's Army.
KRING	2	A surname.
KRU	2	A West African ethnic group who originated in eastern Liberia and migrated and settled along the coast.
KURILS	16	Synonym of Kuril Islands.
KYRIES	16	plural of kyrie
LABRET	16	A body piercing consisting of an adornment attached to the lip.
LACERY	16	Lace or laces collectively.
LAGE	2	Water; any weak alcoholic beverage.
LAICHE	16	A surname from German.
LAMBES	16	A barangay of Bolinao, Pangasinan, Philippines.
LANCH	2	A large bed of flints.
LAQUE	2	A surname from Catalan.
LARINA	16	A female given name; its shortened form is Rina.
LARKER	16	A catcher of larks (the bird).
LASKYS	16	plural of Lasky
LAVACA	16	A river in Texas, United States, which flows into Lavaca Bay in the Gulf of Mexico.
LAWIS	2	A barangay of Sindangan, Zamboanga del Sur, Philippines.
LCA	2	Initialism of logic cell array.
LCI	2	Initialism of landing craft, infantry.
LDG	2	Abbreviation of lodge.
LEASOR	16	A surname.
LECK	2	A village and civil parish (served by Ireby with Leck Parish Council) in Lancaster district, Lancashire, England (OS grid ref SD6476).
LEED	2	Language; tongue.
LEGERS	16	plural of leger
LEIDER	16	A surname.
LESBO	2	A lesbian.
LETTRE	16	Obsolete form of letter.
LEVIT	2	A surname.
LGT	2	Initialism of lateral gene transfer.
LHT	2	Initialism of left-hand traffic.
LIAS	2	A type of blue limestone present in parts of southern England and Wales.
LIF	2	Acronym of leukemia inhibitory factor.
LIFING	16	present participle and gerund of life
LIKEST	16	second-person singular simple present indicative of like
LILIA	2	A female given name from Latin.
LILLO	2	A surname.
LIMBU	2	A member of a tribal people of Nepal (and to a lesser extent India and Bhutan).
LJS	2	plural of LJ
LLYN	2	An upland lake in Wales.
LMA	2	Initialism of loaded memory address.
LOBING	16	A rounded projection; a lobe.
LOCAS	2	plural of LOCA
LOCHES	16	plural of loche
LOF	2	Community, tribe: basic social organization of the Mapuche, Huilliche, and Picunche peoples, a (familial) clan which recognizes the authority of a lonco.
LOK	2	Initialism of The Legend of Korra.
LONA	2	A bonus scored in the game of kabaddi for getting the entire opposing team declared as out.
LOOBY	2	A large and awkward or clumsy person; an oaf.
LOR	2	Tagged at the end of a sentence to convey a sense of resignation or inevitability.
LORDI	2	A surname from Italian.
LOUGHS	16	plural of lough
LOUN	2	To beat; thrash.
LOURY	2	Alternative form of lowery
LPI	2	Initialism of low-probability-of-intercept.
LTG	2	US army abbreviation of lieutenant general.
LTP	2	Initialism of long term partner.
LTV	2	Initialism of light truck or van.
LUCKIN	16	A surname.
LUD	2	Pronunciation spelling of lord (used for addressing a judge).
LUMOS	2	plural of LUMO
LUNDYS	16	plural of Lundy
LUNGEE	16	Alternative form of lungi.
LUPO	2	A surname from Italian.
LUSO	2	Former name of Luena (“city in Angola”).
LUTER	2	One who uses lute (the material).
LYC	2	Abbreviation of Lyman continuum.
LYLA	2	A female given name from Arabic.
LYNDS	2	A surname.
MAF	2	Initialism of minor allele frequency: the frequency of the less-common allele at a SNP.
MAIRES	16	plural of Maire
MAKEST	16	second-person singular simple present indicative of make
MAKINS	16	A surname.
MALTZ	2	A surname.
MALY	2	A surname.
MANION	16	A surname.
MANITO	16	Alternative form of manitou.
MARCAL	16	Alternative form of mercall.
MARRS	2	A surname.
MARSES	16	plural of marse
MATAS	2	plural of mata
MATY	2	A native house servant in India.
MAULES	16	plural of Maule.
MBPS	2	megabit per second, a measure of data transfer rate
MCCOOK	16	A surname.
MEANES	16	plural of meane
MEC	2	Clipping of meconium.
MEDIO	2	A traditional Spanish unit of dry measure, equivalent to about 2.3 L.
MEDOCS	16	plural of Medoc
MEEHAN	16	A surname from Irish; variant form Meegan.
MEGASS	16	Bagasse.
MEIGS	2	A surname.
MEINS	2	plural of Mein
MELAN	2	A town in Albania.
MELI	2	A surname from Italian.
MENDEZ	16	A surname from Spanish.
MEUS	2	plural of meu
MEV	2	Initialism of megaelectron volt, 10⁶ eV.
MFC	2	Initialism of microbial fuel cell.
MHM	2	Expressing agreement or affirmation.
MILDEN	16	To make or become mild or milder.
MILTY	2	Resembling or characteristic of milt.
MIM	2	Demure; shy.
MINAR	2	A minaret.
MINDIS	16	plural of mindi
MOBED	2	Alternative form of mobad.
MOH	2	Initialism of Medal of Honor.
MOHA	2	foxtail millet (a kind of millet, Setaria italica
MOLID	2	Any fish in the family Molidae.
MONG	2	A mingling, mixture, or crowd.
MOOCHY	16	A native Indian leatherworker.
MORENA	16	Someone in authority, a master or leader, especially among Sotho-speakers.
MOSY	2	Alternative spelling of mosey.
MOU	2	Sentence-final particle, forming a tag question.
MPB	2	Initialism of muscle protein breakdown.
MPE	2	Initialism of maximum permissible exposure.
MPHARM	16	Abbreviation of master of pharmacy.
MPI	2	Initialism of multipoint fuel injection.
MRK	2	Abbreviation of Markarian galaxy.
MSA	2	Initialism of Modern Standard Arabic (Fusha).
MSD	2	Initialism of mean squared deviation.
MSE	2	Initialism of mean squared error.
MSECS	2	plural of msec
MSI	2	Initialism of medium scale integration.
MSL	2	Initialism of mean sea level.
MTB	2	Initialism of mountain bike.
MTU	2	Initialism of maximum transmission unit.
MUI	2	Chinese plum
MUKTUK	16	The skin and blubber of a whale, traditionally used as food by the Inuit.
MULADA	16	A drove of mules.
MULMUL	16	A fine, soft muslin; mull.
MUNA	2	An island in Indonesia located off the southeast peninsula of Sulawesi.
MUNGS	2	plural of mung
MURA	2	Nonuniformity in the luminance of a display device.
MURKED	16	simple past and past participle of murk
MURO	2	A surname.
MURPH	2	Diminutive of Murphy.
MURTHA	16	A surname.
MWF	40	Initialism of married white female.
MYS	2	plural of MY
NADEL	2	A surname from German.
NAGAI	2	A surname.
NAINS	2	plural of nain
NAIRNE	16	A surname.
NAJDI	2	A person from the Najd region.
NANKIN	16	Obsolete form of Nanking, former name of Nanjing: a prefecture-level city, the capital of Jiangsu, China.
NASON	2	A surname.
NATA	2	A Bantu language of Tanzania
NATALS	16	One's birth, or the circumstances attending it.
NAUTIC	16	Synonym of nautical.
NAVEED	16	A transliteration of the Persian male given name نوید (navid, novid).
NAVS	2	third-person singular simple present indicative of nav
NCA	2	Initialism of National Cheerleaders Association.
NCI	2	Alternative form of NICI (“negative ion chemical ionization”).
NCRS	2	plural of NCR
NCX	2	Initialism of navigation control for XML applications.
NDA	40	Initialism of non-disclosure agreement.
NDP	35	Initialism of net domestic product.
NEBBY	2	Overly inquiring; nosey.
NEF	2	An extravagant table ornament and container used in the Middle Ages and Renaissance, made in the shape of a ship.
NEM	2	Initialism of net energy/electricity/electrical/electric metering.
NEPH	2	Abbreviation of nephew.
NEROLS	16	plural of nerol
NETTIE	16	A diminutive of the female given names Annette or Jeannette.
NETZ	2	A surname from German.
NEUMS	2	plural of neum
NEURI	2	A nomad tribe of Scythia
NEWSES	16	gossip.
NHC	2	Initialism of N-heterocyclic carbene.
NIED	2	A surname from German.
NIET	40	Alternative spelling of nyet.
NINEIN	16	A protein that has a centrosomal function
NKVD	2	The People’s Commissariat for Internal Affairs — the Soviet interior ministry known for its secret police, forerunner of the KGB.
NLA	2	Initialism of network location awareness.
NLU	2	Initialism of natural-language understanding.
NMU	2	Initialism of not (or nothing) much, you?.
NOGAKU	16	Synonym of noh (“Japanese music drama”).
NOILY	2	Characteristic of noil
NONANE	16	Any of very many isomeric alkanes, of the general formula C₉H₂₀, and having nine carbon atoms.
NONI	2	The Polynesian fruit tree Morinda citrifolia.
NOVS	2	plural of nov
NPG	2	Initialism of neopentyl glycol.
NRS	2	Initialism of naval receiving station.
NSO	2	Initialism of non-skating official.
NUDO	2	A surname from Italian.
NUMUD	2	Alternative form of numdah.
OAC	30	Initialism of oral anticoagulant.
OARMAN	16	Alternative form of oarsman.
OAU	2	Initialism of Organisation of African Unity.
OBR	2	Initialism of Office for Budget Responsibility.
OBU	2	Acronym of On-Board Unit.
OECUS	2	An apartment, room, or hall in an ancient Roman dwelling house.
OFM	2	Initialism of orthodox file manager.
OFR	2	Initialism of Office of the Federal Register.
OGA	10	A chief, employer, or superior.
OLAM	2	Alternative form of ollamh
OMLAH	2	A staff of native clerks or officials in colonial Bengal.
OMRAH	2	A noble of the Mughal Empire or other Muslim Indian state.
ONCES	2	plural of once
ONCOME	16	To arrive; come to; come on.
ONFALL	16	A falling on or upon; an attack, onset, or assault.
ONG	2	Abbreviation of on God.
ONGO	2	To be ongoing (occurring, happening); to last, proceed or continue.
ONLIES	16	plural of only
ONLOAD	16	To load onto or upon.
ONODA	2	A surname from Japanese.
OOB	25	Abbreviation of Open(ing) Of Business, usually referring to a time frame margin.
OPOLE	2	The capital and largest city of Opole Voivodeship, in the Silesia region of southern Poland.
OPTATE	16	To choose, settle on, opt.
ORANS	2	A figure in an attitude of prayer, usually standing, with the elbows close to the sides of the body and with the hands outstretched sideways, palms up.
ORFES	2	plural of orfe
ORGIAC	16	orgiastic
ORGIE	2	Obsolete form of orgy.
ORGO	2	Organic.
ORSA	2	A town and municipality in Dalarna County, Sweden.
OSB	2	Initialism of oriented strand board, a type of engineered dimensional lumber board, composed of laminated wood.
OSP	2	Initialism of online service provider.
OSTEON	16	Any of the central canals, and surrounding bony layers, found in compact bone.
OSTIAL	16	Relating to any orifice, or ostium.
OSUN	2	A major orisha in the Yoruba and santería religion.
OTHMAN	16	Archaic form of Ottoman.
OTORO	2	A particular fatty form of toro sushi.
OTP	2	Initialism of one-time pad.
OTU	2	Initialism of Ontario Tech University.
OUTSEE	16	To see beyond
OVATED	16	ovate
OVISM	2	The belief that the ovum holds all material needed for the development of the embryo.
OVOLOS	16	plural of ovolo
OWD	2	simple past and past participle of owe
OXF	2	University of Oxford, used especially following post-nominal letters indicating status as a graduate.
OYLY	2	Obsolete spelling of oily.
PAA	2	Initialism of polyacrylic acid.
PAEON	2	A foot containing any pattern of three short syllables and one long syllable.
PAGANO	16	A surname from Italian.
PAISE	2	plural of paisa
PALLAE	16	plural of palla
PALUS	2	A vertical pillar along the inner septal margin of a coral.
PANKOW	40	The most populous borough of Berlin, in the east of the city.
PAOLAS	16	plural of Paola
PAPES	2	plural of pape
PAPULA	16	A pimple; a small, usually conical, elevation of the cuticle, produced by congestion, accumulated secretion, or hypertrophy of tissue; a papule.
PAROO	2	A local government area, the Shire of Paroo, in south-west Queensland, Australia.
PATELA	16	Alternative spelling of putelee.
PATIS	2	A fish sauce, a byproduct of making bagoong, used as an ingredient or condiment in the Philippines.
PCR	2	Initialism of polymerase chain reaction.
PCV	2	Initialism of passenger-carrying vehicle (typically, a bus).
PDB	2	Initialism of protein data bank.
PDD	2	Initialism of pervasive developmental disorder.
PEH	2	Alternative form of pe (“Semitic letter”).
PENED	2	past of pene
PERNIL	16	Slow-roasted marinated pork leg or shoulder, typically marinated with sofrito, as prepared in the cuisines of Puerto Rico, Dominican Republic, Cuba, Colombia, Venezuela and Ecuador.
PFD	40	Initialism of phase-frequency detector.
PGT	2	Initialism of preimplantation genetic testing.
PHASIS	16	The Rioni river, as it is called in classical sources.
PHC	2	Abbreviation of potentially hazardous comet.
PHIZES	16	plural of phiz
PHREN	2	The brain or mind.
PILI	2	plural of pilus
PINANE	16	The saturated bicyclic hydrocarbon 2,6,6-trimethyl-, (1a,2b,5a)-bicyclo[3.1.1]heptane made by the hydrogenation of pinene
PINENE	16	Either of two isomeric bicyclic monoterpene hydrocarbons that are the principal components of pine resin.
PINNAS	16	plural of pinna
PIPY	2	Resembling or characteristic of a pipe.
PIROG	2	A baked case of dough with a sweet or savoury filling, popular in Eastern Europe.
PITHES	16	plural of pithe
PITPAT	16	Alternative form of pitapat.
PKT	2	Abbreviation of packet.
PLATHS	16	plural of Plath
PLENE	2	With matres lectionis (letters indicating vowels) written out.
PONTO	2	A traditional short Portuguese unit of length usually about equal to 0.2 mm.
POOLES	16	plural of Poole
PORERS	16	plural of porer
PORTAE	16	plural of porta
POTCH	2	To thrust.
POYO	2	palm wine
PRINS	2	plural of prin
PRYORS	16	plural of Pryor
PTV	2	Initialism of personal television.
PUCKLE	16	The devil; Satan.
PUKISH	25	Resembling vomit, especially in color.
PULIDO	16	A surname from Spanish.
PURTY	2	Pronunciation spelling of pretty.
PUSSYWHIP	10	To dominate a male partner, especially by sexual politics.
PWA	2	Initialism of partial-wave analysis.
PYR	2	A Great Pyrenees dog.
QAIDS	2	plural of qaid
QEF	2	“quod erat faciendum”, “what was to have been done” – used to end a mathematical passage other than a proof.
QUAERE	16	To ask or query; used imperatively to introduce a question or signify doubt.
QUAM	2	A surname.
QUELCH	16	To squelch; to eliminate.
QUESTA	16	A surname from Spanish.
QUORA	2	plural of quorum
QUOTUM	16	A part or proportion; a fraction; quota.
QUUX	2	A metasyntactic variable.
QUX	2	Alternative form of quux.
RABIA	2	A female given name from Arabic, meaning spring, meant to symbolize the beginning of life, hope and the advent of happiness after a dark winter. The name of the first female Sufi saint, Rabia El Basri.
RACHE	20	Alternative form of rach.
RAILES	16	plural of raile
RAINE	2	A surname transferred from the given name derived from any of several personal names (such as Raymond).
RAK	2	Abbreviation of Ras al Khaimah.
RAMEY	2	A surname.
RARISH	16	Alternative form of rareish.
RASHY	2	Exhibiting a rash.
RATTE	2	Alternative form of ratte (“kind of potato”).
RAYAH	2	A member of the tax-paying lower class of Ottoman society.
RAZEED	16	simple past and past participle of razee
RAZEES	16	plural of razee
RAZERS	16	plural of razer
RBA	2	Initialism of Reserve Bank of Australia.
REACHY	16	Involving a long reach to get to a hold
REBUY	2	To buy again, especially to buy something previously sold (or pawned)
RECASE	16	To repair (a book) by replacing the case.
REESTS	16	third-person singular simple present indicative of reest
REFLIP	16	To flip again.
REHEAD	16	To supply with a new head or a new heading.
REHEAP	16	To restructure (a modified binary tree) as a heap.
REITH	2	A surname.
RELIER	16	One who relies.
REMASS	16	To mass again.
RENDU	2	A surname from French.
RENOTE	16	To change the date upon which the court will consider a motion.
RENTEE	16	One who rents (property, etc.) from somebody.
REORGS	16	plural of reorg
REPAT	2	A repatriate.
REPLOT	16	To plot again.
REPPS	2	plural of repp
RESIP	2	To sip again.
RESTIS	16	Any of the restiform bodies on the dorsal side of the medulla oblongata.
RESUED	16	simple past and past participle of resue
RETREE	16	broken or imperfect paper
RETTED	16	Moistened or soaked to soften.
REVAL	2	A revalidated ticket.
REVD	2	Abbreviation of Reverend.
REVEIL	16	Rare form of reveille.
REVOW	2	To vow again or anew.
REVVER	16	Someone or something that revs (an engine).
REYN	2	Obsolete form of rain.
RFC	2	Initialism of Royal Flying Corps (previous title of the Royal Air Force)
RHA	2	Initialism of rolled homogeneous armo(u)r.
RHB	2	Initialism of right-handed batsman.
RIAD	2	Obsolete form of Riyadh
RIDENT	16	laughing
RIETI	2	A province of Lazio, Italy.
RIHA	2	A surname.
RIMOUS	16	Archaic form of rimose.
RIMPLE	16	A wrinkle.
RINDLE	16	A small stream or rivulet; a watercourse or gutter.
RISS	2	A small river in Baden-Württemberg, southwestern Germany, right tributary of the Danube.
RITHE	2	Alternative form of rith (“small stream”).
RIVAGE	16	A coast, a shore.
RIVEL	2	To shrivel, wrinkle (up).
RKT	2	Abbreviation of rocket.
RLO	2	Initialism of Rickettsia-like organism.
RMA	2	Initialism of return merchandise authorization /return merchandise authorisation.
ROEMER	16	A surname from German.
ROGATE	16	A village and civil parish in Chichester district, West Sussex, England (OS grid ref SU8023).
ROLEY	2	A surname.
ROND	2	A bank of a river or a canal.
RONE	2	A surname.
ROOKE	2	Obsolete spelling of rook.
ROOSE	2	To flatter or praise.
ROTED	2	simple past and past participle of rote
ROTING	16	present participle and gerund of rote
ROX	2	Alternative spelling of rocks (“is great”).
RRSP	2	Initialism of registered retirement savings plan
RSD	2	Initialism of reflex sympathetic dystrophy.
RTA	2	Initialism of radio and television arts.
RTB	2	Initialism of real-time bidding.
RTG	2	Initialism of Radeon Technology Group (“a division of Advanced Micro Devices (AMD), who produces a brand of computer products”).
RTI	2	Initialism of ramp travel index, a measure of offroad performance.
RTN	2	Initialism of retrotrapezoid nucleus.
RUA	2	A surname.
RUANE	2	A surname from Irish.
RUD	2	redness or blushing
RUI	2	A male given name from Japanese.
RULEST	16	second-person singular simple present indicative of rule
RUMENS	16	plural of rumen
RUNTED	16	Not properly grown; having a growth shortage.
RVA	2	Initialism of relative virtual address.
RXN	2	Abbreviation of reaction.
RYO	2	An anhemitonic pentatonic scale used in a Japanese Buddhist chant, and built up by intervals of major second, major second, minor third, major second, minor third.
SABEAN	16	A surname.
SABLED	16	black or sable in colour
SACA	2	Dated form of Saka (“a member of any of various peoples formerly inhabiting steppes north of the Iranian plateau”).
SACAS	2	plural of Saca
SACRAD	16	in the direction of the sacrum.
SADH	35	A person who belongs to a monotheistic sect of Hinduism, having beliefs similar to those of Quakers.
SAFENS	16	third-person singular simple present indicative of safen
SAGIER	16	comparative form of sagey: more sagey
SAKIAN	16	Of or relating to Saki (Hector Hugh Munro; 1870–1916), British writer of witty and sometimes macabre short stories that satirized Edwardian society and culture.
SALALS	16	plural of salal
SAMELY	16	Similar; monotonous; unvaried.
SAMO	2	A language spoken in Western Province, Papua New Guinea.
SANDYS	16	A surname.
SANPAN	16	Alternative form of sampan.
SARE	2	dry, withered
SATIS	2	Clipping of satisfied.
SAURA	2	Alternative form of Sora (“people”).
SBU	2	Initialism of sensitive but unclassified.
SCC	2	Initialism of Society of Cosmetic Chemists.
SCHIZY	16	schizoid, schizophrenic
SCHOLZ	16	A surname from German.
SCHUIT	16	A flat-bottomed Dutch river-boat; a barge.
SCORP	2	Clipping of scorpion.
SCOTE	2	Abbreviation of Scottish English.
SCRAT	2	To scratch or scrape.
SCUR	2	A distorted horn, regrown after the disbudding operation of a goat, sheep, or cow.
SDGS	2	plural of SDG
SEABAT	16	Synonym of batfish (“Ogcocephalidae”).
SEARCE	16	A sieve; a strainer.
SECOS	2	plural of SECO
SEDES	2	The position a word or phrase occupies within the meter.
SEEMA	2	A female given name from Sanskrit used in India.
SEITY	2	Something peculiar to oneself; personal peculiarity; individuality.
SEIZOR	16	One who seizes or takes possession (for example, of vessels)
SELAHS	16	plural of selah
SELD	2	A seat, throne.
SENNE	2	A surname
SEPULTURES	20	plural of sepulture
SERANG	16	A native Indian boatswain; a lascar captain.
SERENO	16	A surname.
SEY	2	A cut of beef.
SGC	2	Abbreviation of soluble guanylyl cyclase.
SGD	2	Initialism of speech generating device.
SGO	2	Initialism of Society of Gynecologic Oncologists.
SHAMER	16	One who disgraces someone or makes them feel ashamed, especially by public criticism.
SHAUNA	16	A female given name from Irish, a modern feminine of Shaun (“Sean”).
SHEE	2	Obsolete spelling of she.
SHEN	2	A deity or a spirit, in Chinese folk religion.
SHEND	2	To disgrace or put to shame.
SHINDYS	10	plural of shindy
SHODER	16	A package of gold-beater's skins in which gold is subjected to the second process of beating.
SHRAG	2	A twig cut from a tree.
SICKY	2	Alternative form of sickie (“sick day”).
SIEN	2	Obsolete spelling of scion.
SILED	2	simple past and past participle of sile
SINDI	2	Dated form of Sindhi.
SIPED	2	simple past and past participle of sipe
SIPPET	16	A small piece of something, especially a piece of toast or fried bean eaten with soup or gravy.
SIREES	16	plural of siree
SIROTA	16	A surname.
SIRRAS	16	plural of sirra
SIU	2	Initialism of (television or radio) sets in use.
SIZZED	16	simple past and past participle of sizz
SIZZES	16	third-person singular simple present indicative of sizz
SKITE	2	A sudden hit or blow; a glancing blow.
SKR	2	Abbreviation of Swedish krona.
SKRIMP	16	Alternative form of scrimp.
SKUS	2	plural of SKU
SLB	2	Schlumberger, an oilfield services company.
SLEEKY	16	sleek; slick
SLG	2	Abbreviation of slugging percentage.
SLIPES	16	plural of slipe
SLOATS	16	plural of sloat
SLOS	2	plural of SLO
SLUIT	2	Alternative spelling of sloot.
SMAIL	2	Conventional postal mail; snail mail.
SNEEDS	16	plural of Sneed
SNG	2	A surname from Teochew.
SNIFT	2	A moment; a while.
SNN	2	Initialism of spiking neural network.
SNU	2	Initialism of solar neutrino unit.
SNYES	2	third-person singular simple present indicative of snye
SOE	2	a large wooden vessel for carrying water, especially one to be carried on a pole between two people.
SOEST	2	A town and rural district of North Rhine-Westphalia, Germany.
SOLANA	16	A surname from Spanish.
SOLOES	16	third-person singular simple present indicative of solo
SOMER	2	Summer.
SOPHIC	16	Teaching, conveying, or related to wisdom.
SORDOR	16	sordidness
SOTOLS	16	plural of sotol
SOWAR	2	A soldier on horseback, especially one during the British Raj.
SPAE	2	To divine; foretell.
SPANED	16	simple past and past participle of spane
SPANES	16	third-person singular simple present indicative of spane
SPAZZ	2	Alternative spelling of spaz.
SPD	2	Initialism of schizoid personality disorder.
SPL	2	Initialism of senior patrol leader.
SPO	2	Initialism of stalking protection order.
SSB	10	Initialism of single sideband, a type of radio emission.
SSM	2	Initialism of surface-to-surface missile.
SSP	2	Initialism of Statutory Sick Pay.
STAKER	16	One who stakes something.
STATIS	16	Misspelling of status.
STF	2	Initialism of special task force.
STILB	2	a unit of luminance equal to one candela per square centimetre
STIPA	2	Any grass of the genus Stipa.
STIRP	2	A line descended from a single ancestor.
STREEL	16	A disreputable woman, a slut.
STRENUOUSNESSES	40	plural of strenuousness
STRUNT	16	Spirituous liquor; alcoholic drink.
STUMER	16	Something worthless or counterfeit.
STURT	2	In an embryo, an angle equal to two gons. If a mosaic forms in the embryo, the line passes between two organs with a probability, in percent, equal to the number of sturts between them.
SUAGES	16	third-person singular simple present indicative of suage
SUANT	2	Smooth, or proceeding smoothly.
SUC	2	Initialism of state university and college.
SUEYS	2	plural of suey
SUL	2	A surname.
SUSY	2	Syllabic abbreviation of supersymmetry.
SVP	2	Initialism of senior vice president.
SWFS	2	plural of SWF
SYE	2	The Erromangan language.
SYLER	2	A surname.
SYMES	2	A surname transferred from the given name.
SZE	2	A Chinese surname from Cantonese.
TAILLE	16	A form of taxation levied on the land of peasants in pre-Revolutionary France.
TAMAYO	16	A surname from Spanish.
TAMLIN	16	A surname transferred from the given name.
TANOS	2	plural of Tano
TAPEE	2	Alternative form of Tapti (“Indian river”).
TARAND	16	A legendary reindeer/moose-like creature with chameleon properties.
TARG	2	Any member of House Targaryen.
TARGUM	16	An Aramaic translation of the Tanakh written or compiled between the Second Temple period and the early Middle Ages.
TASSI	2	A surname.
TASSIE	16	Tasmania.
TATRAS	16	Tatra (mountain range)
TATT	2	Clipping of tattoo.
TATTI	2	Alternative form of tatty (“woven mat or screen”).
TAWER	2	One who taws
TAXID	2	Abbreviation of taxonomic identifier.
TAXOL	2	Taxol, paclitaxel: a drug (a mitotic inhibitor) used to kill dividing tumour cells.
TBL	2	Initialism of through back loop(s).
TCR	2	Abbreviation of technical certification requirement: a test case that must pass before software can be certified as compliant to a given standard.
TDE	2	Initialism of tidal disruption event (astronomical phenomenon near a supermassive black hole).
TDP	2	Initialism of thermal design power.
TEACHY	16	Preachy, didactic, tending toward excessive moraling or personal instruction.
TEAMAN	16	A man who sells tea (the crop).
TEAN	2	Alternative form of Teian.
TECHED	16	Alternative form of tetched.
TECT	2	Covered; hidden.
TEENTY	16	Very small; teensy.
TEET	2	Alternative spelling of teat.
TENDRE	16	Obsolete form of tender.
TEPEFY	16	To cause to become tepid
TERNES	16	plural of terne
TEYS	2	plural of tey
TGO	2	Initialism of Trace Gas Orbiter, an atmosphere research orbiter send in 2016 by the ESA/Roscosmos collaborative project to Mars (ExoMars).
TGV	2	A French national high-speed train, run by the railway service of the same name.
THEI	2	Obsolete spelling of they.
THESP	20	An actor.
THORIA	16	The rare earth thorium oxide.
THR	2	thrombin.
TICE	2	A ball bowled to strike the ground about a bat's length in front of the wicket; a yorker.
TIMMYS	16	Alternative spelling of Timmies (“Tim Hortons”).
TIPLER	16	A surname.
TITJOB	16	A sex act in which one's penis is inserted between a partner's breasts and stimulated, usually to the point of ejaculation.
TKA	2	Initialism of total knee arthroplasty.
TKR	2	Initialism of total knee replacement.
TMP	2	nucleotide derived from thymine with a deoxyribose sugar and a phosphate group
TODIES	16	plural of tody
TOEN	2	plural of toe
TOITS	2	plural of toit
TOLLY	2	A diminutive of the male given name Bartholomew.
TOLT	2	A writ by which a cause pending in a court baron was removed into a county court.
TOMAND	16	A coin formerly used in India.
TONOS	2	The Modern Greek stress-marking diacritic: ⟨ ΄ ⟩, written atop a vowel in a given word’s stressed syllable.
TORCHY	16	Having the character of a torch song.
TOST	2	simple past and past participle of toss.
TOYMEN	16	plural of toyman
TPA	2	Initialism of tonne(s) per annum.
TRANG	2	A surname from Vietnamese.
TRANSP	16	Abbreviation of transport.
TRAPES	16	Alternative spelling of traipse in reduced usage since about WWI
TRAPPS	16	plural of trapp
TREB	2	Clipping of treble.
TREIF	2	Alternative spelling of treyf.
TRIBS	2	third-person singular simple present indicative of trib
TRIGS	2	plural of trig
TRIKED	16	simple past and past participle of trike
TRING	2	A surname.
TROAD	2	Obsolete spelling of trode.
TRODE	2	simple past and past participle of tread
TROPAL	16	Of or relating to a trope.
TRP	2	Initialism of the red pill.
TRUISH	16	Somewhat true; partly true.
TSAMA	2	Alternative form of tsamma.
TSTS	2	plural of TST
TUC	2	Initialism of Trades Union Congress, a federation of trade unions in England and Wales.
TUCHIS	16	Alternative form of tuchus.
TUCO	2	A tomato-based pasta sauce, similar to a ragout or bolognese, traditionally consumed in South America.
TUI	2	A species of honeyeater, Prosthemadera novaeseelandiae, a bird which is endemic to New Zealand.
TUIS	2	plural of tui
TUK	2	A Barbadian musical style, based on British regimental music of the colonial era, but accompanied by costumed performances based on African characters.
TUMBAK	16	A Malay pike or lance.
TUMTUM	16	One whose gender can not be determined by a physical examination; a person lacking external genitalia; an androgynous person; sometimes a hermaphrodite, possibly intersex.
TUNK	2	Alternative form of tonk (“card game”).
TWITES	16	plural of twite
TXS	2	Abbreviation of thanks.
TYMP	2	A hollow water-cooled iron casting in the upper part of the archway of a blast furnace in which the dam stands.
TYP	2	Abbreviation of typical: used to label a feature that is to be interpreted as exactly the same as nearby comparable features.
TYPEES	16	plural of Typee
UBERTY	16	Fertile growth, abundance, fruitfulness; copiousness, plenty.
UCMJ	2	Initialism of Uniform Code of Military Justice.
UCS	2	Initialism of Universal Coded Character Set, a set of characters standardized in ISO 10646.
UCT	2	Initialism of uncorrelated target.
UDI	2	A Lezgic language (Northeast Caucasian) spoken by the Udi people who live mostly in Azerbaijan and nearby regions. Probably descended from Caucasian Albanian.
UDS	2	Initialism of unscheduled DNA synthesis.
UHLANS	16	plural of uhlan
UIC	2	Initialism of Unit Identification Code.
ULTO	2	Contraction of ultimo (of last month).
UMD	2	Initialism of University of Maryland, College Park.
UNAKA	2	A mountain range in the southern Appalachians, the Unakas.
UNAMO	2	The palm tree Oenocarpus bataua.
UNBURY	16	To dig up, to remove from the ground.
UNCIA	2	The Roman ounce, 1/12 of a Roman pound.
UNCUFF	16	To remove cuffs from (someone)
UNDEAR	16	Not dear.
UNEYED	16	Not having eyes; not eyed.
UNFOG	2	To remove the moisture or fog from.
UNGULA	16	A hoof, claw, or talon.
UNHULL	16	Synonym of hull (“remove the outer covering”)
UNLUCK	16	Absence or lack of luck; lucklessness; bad luck; misfortune.
UNRARE	16	Not rare.
UNRUDE	16	Not rude.
UNSUIT	16	To cause to fail to suit; to make (something or someone) unfit.
UNWONT	16	unwonted; unused; unaccustomed
UOH	2	Initialism of unit of handling.
UON	2	Initialism of University of Nairobi.
UPDART	16	To dart upward.
UPHOVE	16	simple past of upheave
UREAS	2	plural of urea
URENA	2	A surname.
URETA	2	A surname.
URF	2	The customs of an Arab society, used in jurisprudence when the Qur'an and Sunnah do not mandate a ruling.
URNAL	2	Pertaining to urns.
URP	2	The sound of a burp.
URUSES	16	plural of urus
USDOT	2	Initialism of United States Department of Transportation.
USI	2	Abbreviation of United States of Israel.
USINES	16	plural of usine
USINGS	16	plural of using
USQUE	2	whisky
USR	2	Abbreviation of user.
USW	2	Initialism of United Steelworkers.
UTG	2	Sitting to the left of the big blind (BB), thus being the first to play in many varieties of poker, including Texas hold 'em and Omaha.
VAE	2	Alternative form of voe (“sea inlet”).
VAILS	2	plural of vail
VANNED	16	simple past and past participle of van
VATER	2	A surname from German.
VATMEN	16	plural of vatman
VAU	2	Alternative spelling of vav.
VAY	2	Pronunciation spelling of way.
VEC	2	Initialism of valued environmental component.
VENGE	2	To avenge; to punish; to revenge.
VENTA	2	A roadside inn in Spain.
VERISM	16	Presenting common, everyday subjects, specifically eschewing the heroic or legendary.
VES	2	plural of ve
VEYS	2	A city in Khuzestan province, Iran.
VEZINA	16	A surname.
VIELLE	16	A medieval stringed instrument similar to a violin.
VINAYA	16	The rules that regulate Buddhist monastic life.
VIPERY	16	Resembling or characteristic of a viper (snake).
VIRTS	2	A surname from German.
VMD	2	Initialism of veterinary medical doctor.
VOI	2	A town in Taita-Taveta County, southern Kenya.
VOLENS	16	In the state of mind where one voluntarily accepts a specific risk.
VOR	2	Pronunciation spelling of for.
VOU	2	A commune of Indre-et-Loire department, France.
VRM	2	Initialism of viscous remanent magnetization.
VRS	2	virtual reference station
VSU	2	Initialism of vertical start-up
VULGUS	16	A school exercise in which pupils are tasked with writing a short piece of Greek or Latin verse on a given subject.
WABENO	16	A town and census-designated place therein, in Forest County, Wisconsin, United States.
WACKE	2	A soft, earthy, dark-coloured rock or clay derived from the alteration of basalt.
WARGAS	16	plural of Warga
WARR	2	Obsolete form of war.
WARTA	2	A river in central Poland.
WAVS	2	plural of WAV.
WAXEST	16	second-person singular simple present indicative of wax
WEALDS	16	plural of weald
WESSEL	16	A surname.
WFL	2	Initialism of within functional limits.
WFU	2	Initialism of wildland fire use.
WHIES	2	plural of why
WHIFFY	16	Having a bad smell.
WHOI	2	Initialism of Woods Hole Oceanographic Institution.
WHR	2	Initialism of waist-hip ratio.
WHYFOR	16	why; for what reason
WILLES	16	A surname.
WILLO	2	Clipping of willogenic.
WILTER	16	Something that wilts or causes wilting.
WINGO	2	A surname.
WLS	2	Abbreviation of Wales.
WMA	2	Initialism of Wireless Messaging API.
WMS	2	plural of WM
WOA	2	Rare form of whoa.
WPC	2	Initialism of Weather Prediction Center.
WRITEE	16	One who is written to; the recipient of a letter, etc.
WRS	2	plural of WR
WSC	2	Written Standard Chinese, Mandarin, Putonghua, Guoyu
WSP	2	Abbreviation of what's up.
WUFFS	2	plural of wuff
WYN	2	Alternative spelling of wynn.
XAT	20	A carved pole erected as a memorial to the dead by some Native Americans of Western North America.
XATS	20	plural of xat
XENIAL	16	Hospitable, especially to visiting strangers or foreigners.
XOFF	2	Transmit off.
XOR	35	The logic function exclusive OR (as opposed to inclusive OR), whose output is true only when exactly one of its inputs is true.
XTIAN	20	Abbreviation of Christian.
XTY	2	Abbreviation of Christianity.
XYZZY	10	Used as a placeholder word or metasyntactic variable.
YAFFLE	16	The European green woodpecker, Picus viridis.
YAG	2	Initialism of yttrium aluminium garnet: a synthetic material used in lasers and formerly as an artificial gemstone.
YAMADA	16	A surname from Japanese.
YAMP	2	An umbelliferous plant, Perideridia gairdneri, native to California, whose tubers were used as food by Native Americans.
YAUPER	16	Alternative form of yawper.
YECCHY	16	Alternative form of yechy.
YECHY	2	Highly offensive; causing aversion or disgust.
YEM	2	A Vietnamese bodice with a halterneck and a V-shaped bottom worn by women on the torso, originally as an underbodice and now also as an outer garment.
YICKY	2	Rare form of yucky.
YNG	2	Abbreviation of young.
YOGEE	2	Archaic form of yogi.
YOLA	30	cocaine
YOP	2	Initialism of Youth Opportunities Programme, a British youth employment programme of the late 1970s and early 1980s. Introduced by the Callaghan government but popularly associated with Thatcherism. Replaced by the YTS.
YRD	2	Initialism of Yangtze River Delta: a region eastern China, bordering the East China Sea; An area on the east coast of China, containing Shanghai, Nanjing (“Nanking”), Suzhou (“Soochow”), Hangzhou (“Hangchow”).
YUGA	2	the name of an epoch or era within a four age cycle in Hindu philosophy.
YUKATA	16	An unlined cotton summer kimono worn by both men and women.
ZAIN	2	A horse of a dark colour with no lighter spots.
ZIZZES	16	plural of zizz
ZOETIC	16	Of or pertaining to life.
HDR	25	Initialism of hot dry rock.
NWOBHM	40	Initialism of New Wave of British Heavy Metal.
MULATTA	20	A female mulatto.
MULATTAS	20	plural of mulatta
ZAMENHOF	40	A surname from Polish
BOULET	16	A surname from French.
RFP	42	Initialism of request for proposal.
RFPS	42	plural of RFP
OSNAT	40	Alternative form of Asenath.
CANLIT	40	Abbreviation of Canadian literature; the body of written work considered to represent Canadian culture.
TMD	40	Initialism of temporomandibular joint dysfunction.
NEIPA	30	Initialism of New England IPA.
SLEEPATE	40	simple past of sleepeat
WIER	40	Archaic form of weir.
SPIDERISH	40	Synonym of spidery.
TARBES	44	A city, the capital of Hautes-Pyrénées department, Occitania, in southern France. It was the second largest city in the former Midi-Pyrénées Region, after Toulouse.
QUEBECOISE	40	Alternative form of Québécoise.
ZOOK	40	A surname.
LAOIS	40	A county of Leinster, Ireland.
FUH	39	Pronunciation spelling of for.
DJENT	40	A style of progressive heavy metal music characterized by rhythmic and technical complexity, and typically featuring heavily distorted, palm-muted guitar chords, syncopated, downtuned riffs, and polyrhythms alongside virtuoso soloing.
OLMSTEAD	40	A surname.
ULC	30	Initialism of Underwriters' Laboratories of Canada, a product-safety testing laboratory.
CUANDO	40	A river in south-central Africa, flowing through Angola and Namibia's Caprivi Strip into Zambezi at a quadripoint on the northern border of Botswana.
CAVEOLAE	44	plural of caveola
TYPOSQUAT	40	To register a domain name likely to be mistyped by users.
TYPOSQUATS	40	third-person singular simple present indicative of typosquat
TYPOSQUATTED	40	simple past and past participle of typosquat
GRANDPARENTED	40	That satisfies older, but not current, rules or regulations
USBC	30	Initialism of United States Bowling Congress.
ABV	40	Initialism of alcohol by volume.
FAFSA	40	Acronym of Free Application for Federal Student Aid.
JERNIGAN	40	A surname.
GUIN	30	A surname.
LINQ	35	Acronym of Language Integrated Query.
POSTY	40	Alternative spelling of postie.
RARI	40	Alternative form of 'rari (“Ferrari”).
RITS	20	plural of rit
PERIAPTS	39	plural of periapt
YATAGHANS	40	plural of yataghan
KIMES	40	A surname.
TELECONS	40	plural of telecon
YODASPEAK	0	A form of speaking in which word order is altered to sound bizarre or unnatural.
RAWDOG	1	Alternative form of raw dog.
RAWDOGS	1	third-person singular simple present indicative of rawdog
RAWDOGGED	1	simple past and past participle of rawdog
RAWDOGGING	1	present participle and gerund of rawdog
COWMILK	40	Alternative form of cow milk.
OKORAFOR	40	A surname from Igbo.
BIGU	39	A Daoist practice of fasting and avoiding grain (or sometimes all foods).
BAITY	40	A surname.
GANGPLOWS	40	plural of gangplow
SICCATIVE	31	a substance that promotes drying (e.g., calcium oxide absorbs water and is used to remove moisture)
SICCATIVES	30	plural of siccative
LANGLAUFER	21	a cross-country skier
LANGLAUFERS	20	plural of langlaufer
DOONAS	20	plural of doona
ARVOS	40	plural of arvo
IDENTITYPARADE	40	a line of persons arranged by police for inspection or identification
MEFI	40	MetaFilter, a general-interest community weblog featuring links to content that users have discovered on the World Wide Web.
MOTORDROMES	40	plural of motordrome
SUBFORA	40	plural of subforum
IRU	37	A West African condiment made from fermented locust beans.
HIGA	40	A surname from Japanese.
BJP	35	Initialism of Bharatiya Janata Party, a major political party.
AAAAS	11	plural of AAAA
AAC	11	American Cement Corporation, stock exchange symbol.
AALS	11	plural of aal
AAMS	11	plural of aam
AAPI	11	Initialism of Asian American or Pacific Islander.
AARGAU	16	A canton of Switzerland. Capital: Aarau.
AARI	11	An Omotic language spoken in Ethiopia.
AARO	11	Abbreviation of All-domain Anomaly Resolution Office (office within the United States Office of the Secretary of Defense that investigates unidentified anomalous phenomena (UAP))
AARU	11	In ancient Egyptian mythology, the heavenly paradise where Osiris rules, described as boundless reed fields like those of the Nile Delta.
AAVE	11	a nonstandard form of American English characteristically spoken by African Americans in the United States
ABACS	11	plural of abac
ABAKAN	16	The capital city of Khakassia, Russia.
ABASK	11	In the sunshine; basking.
ABAY	11	Barking or baying of dogs at their prey.
ABERG	11	An American surname from Swedish derived from the Scandinavian Åberg or Aaberg.
ABIA	11	A state of Nigeria in the South East geopolitical zone. Capital: Umuahia. Largest city: Aba.
ABILO	11	Bogo; a Philippine fruit tree, Garuga floribunda, from the family Burseraceae.
ABIU	11	A South American tropical fruit tree, Pouteria caimito.
ABNET	11	The girdle of a Jewish priest or officer.
ABORD	11	The act of approaching or arriving; approach.
ABORN	11	born, begotten, created, developed
ABOUTA	16	Contraction of about to.
ABREW	11	brewing, developing, coming into being
ABRIN	11	A toxin, akin to ricin, found in jequirity beans (Abrus precatorius).
ABROOK	16	To brook; to endure.
ABTS	11	plural of ABT
ABUELO	16	A Hispanic grandfather.
ABURA	11	Any tree of the species in the genus Mitragyna, from the family Rubiaceae:
ACARAS	16	plural of acara
ACAROL	16	Synonym of bromopropylate.
ACCAS	11	plural of acca
ACERO	11	A surname.
ACERRA	16	In Ancient Rome, a small box for holding incense.
ACETA	11	plural of acetum
ACF	11	Initialism of Army Cadet Force.
ACHAR	11	A spicy and salty pickle in Indian cuisine.
ACHI	11	the eldest sister
ACHOLI	16	A member of people in northern Uganda and southern Sudan.
ACHORD	16	A surname from French.
ACHUA	11	A member of a pygmy people of the forests of the Democratic Republic of the Congo, south of the Welle River.
ACIDER	16	comparative form of acid: more acid
ACJ	11	Initialism of acromioclavicular joint.
ACKS	11	plural of ack
ACLES	11	plural of acle
ACRAL	11	Of or pertaining to peripheral body parts, such as toes and fingers.
ACRAWL	16	Crawling.
ACROSE	16	A racemic form of fructose
ACTINS	16	plural of actin
ACTU	11	Initialism of Australian Council of Trade Unions.
ACUCHI	16	Alternative form of acouchi.
ACUFFS	16	plural of Acuff
ACUNA	11	A surname from Spanish, an anglicization of Acuña
ADAL	11	An island off the coast of Sabah, Malaysia
ADATI	11	A fine Bengal muslin or cotton cloth.
ADATS	11	plural of adat
ADAUNT	16	To subdue.
ADBOT	11	A bot (automated software agent) that displays advertisements.
ADDU	11	An administrative atoll of the Maldives that is designated as a city due to its population, officially named Addu City.
ADITUS	16	the entrance to a cavity or channel
ADLESS	16	Without ads (advertising).
ADLET	11	A small advertisement.
ADMAIL	16	Synonym of advertising mail.
ADOLFS	16	plural of Adolf
ADORNO	16	A clay ornament attached to a piece of pottery, usually at the rim.
ADRIA	11	A town and comune of Rovigo, Veneto, Italy, situated on the site of an Etruscan city of the same name.
ADROOP	16	Drooping.
ADVENE	16	To accede or to come to; to be superadded to, to be added to something or become a part of it, though inessential.
ADZER	11	A worker who uses an adze.
AED	11	Initialism of automated external defibrillator.
AEGER	11	Absent and excused from one’s classes due to illness
AERA	11	Archaic spelling of era.
AFA	20	Initialism of Associate of the Faculty of Actuaries (professional qualification).
AFFIES	16	third-person singular simple present indicative of affy
AFFS	11	plural of aff
AFOCAL	16	Not focused
AFRS	11	Initialism of Armed Forces Radio Service.
AFTN	11	Initialism of Aeronautical Fixed Telecommunication Network.
AFV	11	Initialism of armoured fighting vehicle.
AGAMIS	16	plural of agami
AGAO	11	Abbreviation of Australian government access only (“a classified information status”).
AGENOR	16	King of Phoenicia, father of Cadmus and Europa, and ancestor of Dido.
AGGERS	16	plural of agger
AGMA	11	The velar nasal consonant found in such words as song or wink.
AGNO	11	A municipality of Pangasinan, Philippines.
AGOGOS	16	plural of agogo
AGOHO	11	The tree Casuarina equisetifolia.
AGONES	16	plural of agon
AGROAN	16	groaning
AGROPE	16	In the act of groping.
AGROS	11	plural of Agro
AGUED	11	simple past and past participle of ague
AGUILA	16	A surname from Spanish, an anglicized spelling of Águila.
AHIR	11	A member of a clan or community, mostly in northern India, whose traditional occupations are cattle-herding and agriculture, and many of whom identify themselves as Yadav.
AHLEN	11	A town in North Rhine-Westphalia, Germany.
AHM	11	Alternative form of um.
AHOM	11	A member of a Kra-Dai ethnic group in northeastern India.
AHOYED	16	simple past and past participle of ahoy
AHU	11	The goitered gazelle, Gazella subgutturosa.
AIAS	11	plural of aia
AIDANT	16	helpful, assisting
AIKENS	16	A surname originating as a patronymic.
AIKS	11	third-person singular simple present indicative of aik
AILIE	11	A female given name.
AIRCAR	16	A car capable of flight.
AIRI	11	A female given name from Japanese.
AJAVA	11	Obsolete form of ajwain.
AJIS	11	plural of aji
AKANE	11	A female given name from Japanese.
AKE	11	Obsolete spelling of ache.
AKHS	11	plural of akh
AKIMS	11	plural of akim
AKORI	11	A kind of bluish coral.
AKRAS	11	plural of akra
AKSUM	11	A town in La'ilay Maychew district, Maekelay, Tigray, Ethiopia: The site of the historic capital of the Aksumite Empire, now a tourist town in Ethiopia.
AKYAB	11	Former name of Sittwe (“city in Myanmar”).
ALALAS	16	plural of alala
ALANG	11	Pronunciation spelling of along.
ALANT	11	Alternative form of alaunt.
ALAWI	11	Alawite
ALBED	11	Wearing an alb.
ALBER	11	A surname.
ALBIE	11	A diminutive of the male given name Albert, from the Germanic languages.
ALCIS	11	A pair of young brothers worshipped by the Naharvali, an ancient Germanic tribe.
ALCOS	11	plural of alco
ALDERN	16	Made of alder wood.
ALEJO	11	A surname.
ALEPOT	16	A drinking-vessel in which ale is served.
ALERCE	16	The wood of the sandarac tree (Tetraclinis).
ALEVIN	16	Newly hatched fish, especially salmon.
ALEXIN	16	A protective substance that exists in the serum or other bodily fluid and is capable of killing microorganisms; complement.
ALFORD	16	A placename:
ALGOS	11	plural of algo
ALHENA	16	The third brightest star in the constellation of Gemini, γ (gamma) Geminorum
ALIENE	16	To alienate; to transfer (a title or property).
ALITE	11	An impure form of tricalcium silicate.
ALKS	11	plural of alk
ALLARD	16	A surname from French.
ALLENE	16	Any of a class of hydrocarbons having two double bonds from one carbon atom to two others - R₂C=C=CR₂; especially the parent compound CH₂=C=CH₂ (propadiene).
ALLIER	16	A department of Auvergne-Rhône-Alpes, France. Capital: Moulins (INSEE code 03).
ALLYLS	16	plural of allyl
ALMEH	11	Alternative form of almah.
ALMUCE	16	A hood or cape.
ALMUG	11	Synonym of algum.
ALOED	11	On which aloes are growing.
ALOSE	11	Any of certain shad:
ALPINO	16	singular of Alpini
ALSA	11	Acronym of Airline Stewardess Association.
ALTEA	11	A city in Alicante, Spain.
ALTENA	16	A municipality of North Brabant, Netherlands.
ALTYN	11	An obsolete Russian coin worth three kopeks.
ALUR	11	A people of Uganda and the Democratic Republic of the Congo.
ALURE	11	A walkway or passageway.
ALVARS	16	plural of alvar
ALVEUS	16	The bed or channel of a river, especially when the river is flowing in its natural or ordinary course; (also) the trough of the sea.
ALVIS	11	An American surname.
AMAB	11	Acronym of assigned male at birth.
AMADI	11	A surname from Igbo.
AMAE	11	Childlike behaviour aimed at inducing another (such as a parent, spouse, teacher or boss) to take care of one.
AMALA	11	A thick paste made from yam or cassava flour, eaten chiefly in Yoruba cuisine.
AMBA	11	A characteristic landform in Ethiopia: a steep-sided, flat-topped mountain, often the site of a settlement.
AMBARI	16	Alternative form of ambaree (“type of howdah”).
AMIDAH	16	A prayer primarily consisting of nineteen blessings recited in a whisper while standing facing the site of the Temple in Jerusalem.
AMIDS	11	plural of amid
AMILS	11	plural of amil
AMINAH	16	A female given name from Arabic.
AMIT	11	To lose.
AMLO	11	Initialism of Andrés Manuel López Obrador, president of Mexico from 2018 to 2024.
AMM	11	Synonym of amnesia (a potent sativa-dominant strain of marijuana).
AMMERS	16	plural of ammer
AMMONO	16	Containing NH₄
AMMONS	16	A surname.
AMMUT	11	Alternative form of Ammit.
AMOM	11	A Meitei surname from Manipuri
AMOYAN	16	A native or inhabitant of Amoy.
AMPARO	16	In some Hispanic jurisdictions (such as Mexico) a writ or an appeal demanding or seeking the protection of constitutional rights similar to a habeas corpus acting as a remedy for the violation of a person's constitutional rights thereby invalidating any laws preventing said person from exercising them.
AMRAD	11	An inferior variety of gum arabic, typically a mixture containing mostly gum from the babul.
AMRUM	11	An island of Schleswig-Holstein, Germany.
ANAKIM	16	A race of giants, the sons of Anak, who were living in Canaan at the time of the arrival of Moses and the Israelites.
ANALS	11	plural of anal
ANATH	11	Alternative form of Anat.
ANATID	16	Any member of the family Anatidae of ducks and close relatives.
ANCA	11	Acronym of anti-neutrophil cytoplasmic antibody.
ANCELL	16	A surname.
ANCOM	11	Clipping of anarcho-communist.
ANCONS	16	plural of ancon
ANDINE	16	Andean.
ANDINO	16	A surname.
ANELLO	16	A surname.
ANENST	16	Over against.
ANILO	11	Alternative form of anilao.
ANISSA	16	A female given name.
ANITOS	16	plural of anito
ANJAN	11	A hardwood tree (Hardwickia binata) native to dry regions of the Indian subcontinent.
ANLACE	16	A medieval long dagger.
ANMA	11	A form of traditional Japanese massage.
ANNATS	16	plural of annat
ANNECY	16	A city, the capital of Haute-Savoie department, Auvergne-Rhône-Alpes, France.
ANNEN	11	A surname.
ANNETS	16	plural of annet
ANOMAL	16	Something anomalous, especially an irregular word in a language.
ANONA	11	custard apple (Annona)
ANSONS	16	plural of Anson.
ANTEAL	16	Located before, or in front.
ANTHON	16	A surname.
ANTIFA	16	A decentralized, radical political movement that opposes fascism.
ANUTA	11	An Oceanic language of the Solomon Islands.
ANW	11	Abbreviation of anyway.
AOEDE	11	One of the three original Boeotian muses, the muse of voice and song.
AONIAN	16	Pertaining to Aonia, or to the Muses, who were supposed to dwell there.
AOU	11	Initialism of apparent oxygen utilization.
AOUL	11	Alternative form of aul (“village encampment”).
APAID	11	simple past and past participle of apay
APAP	11	para-acetylaminophenol (acetaminophen / paracetamol / tylenol), a particular kind of painkiller and fever-reducer generally available over the counter.
APARNA	16	A female given name from Sanskrit used in India.
APARS	11	plural of apar
APHRA	11	A female given name.
APIC	11	Only used in apic acid
APINGS	16	plural of aping
APIOLE	16	A phenylpropene found in the essential oil (apiol) of parsley
APM	11	Initialism of arbitrage pricing model.
APOISE	16	poised; balanced
APONIA	16	The absence of pain considered as a state of spiritual serenity
APOUT	11	Protruding to form a pout.
APPLS	11	plural of appl
APPMT	11	Abbreviation of appointment.
APPR	11	Abbreviation of approval.
APROWL	16	Prowling.
APULSE	16	Pulsing.
ARACA	11	Any of a number of Brazilian trees or the pear-like, apple-shaped guava fruits they bear: Psidium cattleyanum (syn. Psidium araca; (cherry guava, strawberry guava), or another Psidium (guava), or Mosiera guineensis (Brazilian guave), or Eugenia stipitata.
ARANGO	16	A rough carnelian bead, formerly used in Africa as currency when buying slaves for the slave trade.
ARARAO	16	arrowroot (Maranta arundinacea)
ARARU	11	arrowroot (Maranta arundinacea)
ARBIT	11	Strange, random or weird.
ARCI	11	plural of arcus
ARCILA	16	A surname.
ARDEE	11	A town in County Louth, Ireland, situated on the River Dee (Irish grid ref N 9690).
ARET	11	To impute (something) as a fault to or upon someone.
ARETAS	16	The name of various kings of the Nabataeans
ARGALA	16	The greater adjutant, a stork native to Africa, India, and Southeast Asia.
ARGEAN	16	Alternative form of Argoan (“of or pertaining to the mythical ship Argo”).
ARHATS	16	plural of arhat
ARISED	16	simple past and past participle of arise
ARIST	11	A rising, as from a seat, a bed, or the ground, or from below the horizon.
ARIZA	11	A surname.
ARKAB	11	The star system Beta Sagittarii in the constellation Sagittarius.
ARKIES	16	plural of Arkie
ARMIDA	16	The enchantress in Torquato Tasso's Jerusalem Delivered, subsequently adapted in numerous operas.
ARNAGE	16	A commune near Le Mans, Sarthe department, Pays de la Loire, France.
ARNIS	11	Traditional Philippine stickfighting, a martial art.
ARNS	11	A surname from German.
AROACE	16	Alternative form of aro-ace.
AROSA	11	A town and municipality in Grisons canton, Switzerland.
ARPEN	11	Alternative form of arpent (old unit of measure)
ARRHA	11	Money or some other valuable item given to evidence a contract; a pledge or earnest.
ARRIE	11	A murre or guillemot.
ARRIES	16	plural of arrie
ARROPE	16	A form of grape concentrate, typically produced in Spain, made by boiling unfermented grape juice into a syrup. It may be added to dark, sweet wines.
ARTIC	11	Abbreviation of articulated lorry; A semi-trailer truck.
ARUA	11	A city in Uganda.
ARUSA	11	Alternative form of arusha.
ARV	11	Initialism of antiretroviral.
ARVELS	16	plural of arvel
ARVID	11	A male given name.
ARYS	11	Former name of Orzysz: a town located in what was historically East Prussia and is now in Pisz County, Warmian-Masurian Voivodeship, Poland.
ASAHEL	16	A male given name.
ASAR	11	Alternative form of osar.
ASCON	11	A cavity, in the form of a bag or tube, lined with choanocytes, that forms the structure of sponges
ASEMIA	16	Loss of power to express, or to understand, symbols or signs of thought.
ASHERS	16	plural of asher
ASHERY	16	A depository for ashes.
ASHLER	16	Alternative form of ashlar.
ASHLYN	16	A female given name from Irish.
ASHRAF	16	An unknown-gender given name from Arabic.
ASKAR	11	Police.
ASKARI	16	A member of a local African military or police unit, usually one serving in a European colonial force.
ASKOS	11	An Ancient Greek pottery vessel used to pour small quantities of liquids such as oil.
ASLAKE	16	To abate; diminish.
ASLOP	11	Sopping wet.
ASNORT	16	Snorting.
ASOKAN	16	Alternative form of Ashokan.
ASPINS	16	plural of aspin
ASQUAT	16	squatting
ASRAMA	16	Alternative form of ashrama.
ASSIS	11	plural of Assi
ASTEAM	16	Giving off steam, water vapour or smoke.
ASTINK	16	Stinking.
ASTROL	16	Abbreviation of astrology.
ASTRON	16	Netherlands Institute for Radio Astronomy, a research institute in the Netherlands.
ASTUR	11	A member of a tribe in northern Spain until the first century BC.
ASURI	11	A female Asura (power-seeking deity).
ASYLEE	16	A non-citizen of a country who has been granted asylum in that country.
ATAUNT	16	Alternative form of a taunto.
ATIK	11	The primary component of the binary portion of the triple star system Omicron Persei.
ATINGA	16	Synonym of Salailen.
ATLOWS	16	plural of Atlow
ATOLES	16	plural of atole
ATORAI	16	Synonym of Atorada.
ATRAK	11	Alternative form of Atrek (“river”).
ATSUKO	16	A female given name from Japanese.
ATTENT	16	Attentive, heedful; intent.
ATTER	11	Poisonous bodily fluid, especially venom of a venomous animal, such as a snake, dragon or other reptile; corrupt or morbid matter from the body, such as pus from a sore or wound; bitter substance, such as bile.
ATUAS	11	plural of atua
ATUM	11	The creator god of Heliopolis, the original source of all matter, associated with the evening sun.
ATWIRL	16	twirling
AUB	11	Abbreviation of American University of Beirut.
AUCA	11	A traditional form of art from Catalonia, consisting of a comic-like series of images with text captions, often rhyming couplets.
AUDS	11	plural of Aud
AUGIER	16	A surname from French.
AULS	11	plural of aul
AULT	11	A surname.
AUMERY	16	An ambry or closet.
AUNES	11	plural of aune
AURINE	16	Obsolete spelling of aurin.
AUSTS	11	plural of Aust
AUTHS	11	third-person singular simple present indicative of auth
AUTOUR	16	Obsolete form of author.
AVEIRO	16	A district in northern Portugal.
AVENER	16	An officer of the king's stables whose duty it was to provide oats for the horses.
AVENIN	16	A prolamine that is the minor protein of oats.
AVENOR	16	Alternative form of avener.
AVILLA	16	A surname.
AVISE	11	Obsolete spelling of advise.
AVN	11	Adult Video News, an American magazine of the pornographic industry.
AVOCAT	16	An advocate; a lawyer.
AVOSET	16	Alternative form of avocet.
AVP	11	Initialism of arginine vasopressin.
AVRE	11	Acronym of Armoured Vehicle, Royal Engineers.
AVRILS	16	plural of Avril
AWD	11	Initialism of all-wheel drive.
AWEING	16	present participle and gerund of awe
AWH	11	Alternative form of aw.
AWKS	11	Awkward.
AWOO	11	Alternative form of aroo (“howl of a wolf or dog”).
AWORK	11	At work; in action.
AXIOS	11	A municipal unit in Delta municipality, Central Macedonia, Greece.
AXONES	16	plural of axone
AYAN	11	A male given name.
AYANNA	16	A female given name.
AYAS	11	plural of aya
AYAYA	11	The roseate spoonbill, Platalea ajaja
AYCE	11	Initialism of all-you-can-eat.
AYDIN	11	A province and metropolitan municipality in the Aegean Region, in southwestern Turkey.
AYONT	11	Beyond.
AYTON	11	A placename:
AYY	11	A greeting between friends (typically male) or display of approval.
AZANS	11	plural of azan
AZIN	11	Synonym of pyridine.
BAASES	16	plural of baas
BABARS	16	plural of Babar
BABIER	16	comparative form of baby: more baby
BABISM	16	Alternative form of Bábism.
BACCI	11	A surname from Italian.
BACIS	11	Alternative form of Bakis.
BACKA	11	Contraction of back + of.
BAES	11	plural of bae
BAFTAS	16	plural of BAFTA
BAHERA	16	A large deciduous tree of species Terminalia bellirica.
BAHUTS	16	plural of bahut
BAIA	11	A village in Vărădia de Mureș, Arad County, Romania.
BAIER	11	A surname.
BAJAN	11	A Barbadian.
BAKA	11	An evil spirit in Haitian belief, often in the form of an animal.
BALADA	16	A Spanish-language ballad.
BALAN	11	A surname.
BALKH	11	A town in Balkh, province of Afghanistan, historically an ancient city and centre of Buddhism, Islam, and Zoroastrianism and capital of Bactria.
BALON	11	A surname.
BALTEI	16	plural of balteus
BALUBA	16	A wild or unruly person.
BAMFS	11	plural of BAMF
BANATE	16	Synonym of banat.
BANGI	11	A Bantu language of the Republic of Congo and Democratic Republic of the Congo.
BARADA	16	A river in Syria.
BARAT	11	A barangay of Bambang, Nueva Vizcaya, Philippines.
BARGA	11	A surname.
BARIA	11	baryta
BARIN	11	Synonym of boyar.
BARRA	11	A barrow; a hand-pushed cart of the type commonly used in markets.
BARRAS	16	plural of barra
BARSAC	16	A geographic region of France, near Bordeaux.
BASHA	11	A tarpaulin or plastic waterproof sheet.
BASHAN	16	A region of the Transjordan
BASION	16	The middle of the anterior margin of the foramen magnum of the skull.
BASO	11	Abbreviation of basically.
BATHY	11	bathymetric.
BATLET	16	A short bat for beating clothes when washing them.
BATTA	11	An exchange rate.
BATZ	11	A batzen (former small copper coin from Germany and Switzerland).
BAUNOS	16	plural of bauno
BAVE	11	silkworm thread extruded as brins from the two glands and stuck together with sericin proteins
BAWN	11	A cattle-fort; a building used to shelter cattle.
BAYAS	11	plural of baya
BAYMAN	16	One of the earliest European settlers of the eventual colony of British Honduras, modern-day Belize.
BBBS	11	plural of BBB
BCHE	11	Abbreviation of butyrylcholinesterase.
BCL	11	Initialism of Bachelor of Civil Law.
BEATY	11	A surname.
BEBEL	11	A surname from German.
BECAST	16	To cover or surround by casting (something) about.
BEDEL	11	An administrative official at universities in several European countries, often with a policiary function at the time when universities had their own jurisdiction over students.
BEDELS	16	plural of bedel
BEETY	11	Resembling or characteristic of beets.
BEEVE	11	A cow, a bovine
BEGAD	11	An expression of surprise, shock etc.
BEHNS	11	plural of Behn
BEIGER	16	comparative form of beige: more beige
BELGAE	16	A group of tribes living in northern Gaul, between the English Channel and the west bank of the Rhine, from at least the 3rd century BC.
BELOTE	16	A trick-taking card game using a 32 card deck.
BELY	11	Obsolete spelling of belly.
BEMASK	16	To mask; cover or conceal with a mask; conceal.
BEMIST	16	To cover or envelop with mist, or as with mist.
BENAS	11	plural of Bena
BENDA	11	An old Guinean unit of mass, equivalent to 0.0642 kilograms.
BENDEL	16	A surname.
BENG	11	Alternative form of B.Eng..
BENZOS	16	plural of benzo
BERME	11	Alternative spelling of berm.
BERNAY	16	A commune in Eure department, Normandy, France.
BERWYN	16	A mountain range in northeastern Wales.
BESPY	11	To send spies to; beset with espionage.
BESSE	11	A surname from French.
BESSY	11	A diminutive of the female given name Elizabeth; today more often spelled Bessie.
BESTAR	16	To sprinkle with, or as with, stars; to adorn or decorate with, or as with, stars.
BETAG	11	To furnish with a tag; deck with tags.
BEVIS	11	An English habitational surname of Norman French origin.
BEYLIK	16	The jurisdiction or the territory of a bey.
BHANGI	16	A member of the Bhangi caste, traditionally restricted to cleaning latrines and handling dead bodies
BHOY	11	Eye dialect spelling of boy.
BHP	11	Initialism of brake horsepower.
BHUT	11	Alternative form of bhoot.
BIAK	11	A small island north of New Guinea.
BICK	11	A surname.
BIDONE	16	Alternative letter-case form of Bidone.
BIGUNS	16	plural of bigun
BIKOL	11	The language of the native inhabitants of the Bicol Region, Central Bikol.
BILA	11	A barangay of Bauko, Mountain Province, Philippines.
BILIN	11	Any of various biological pigments formed in many organisms as a metabolic product of certain porphyrins.
BILO	11	Half a coconut shell, used in Fiji as a cup for drinking alcohol.
BIMAH	11	Alternative spelling of bima.
BIOGS	11	plural of biog
BIOSIS	16	Life; vitality.
BIRB	11	A bird, especially a small and cute one.
BIREN	11	A unisex given name from Sanskrit.
BIRNAM	16	A village in Perth and Kinross council area, Scotland (OS grid ref NO0341).
BISS	11	A surname from German or Middle English or transferred from the nickname.
BITED	11	simple past and past participle of bite
BIWAS	11	plural of biwa
BKN	11	Abbreviation of broken (as in cloud cover).
BKPT	11	Abbreviation of bankrupt.
BLAA	11	A soft white breakfast roll, traditionally associated with south-east Ireland.
BLAAS	11	plural of blaa
BLAMEY	16	A surname.
BLAMMO	16	Synonym of whammo.
BLASTO	16	Blastomyces.
BLESSE	16	Obsolete spelling of bless.
BLETS	11	plural of blet.
BLISH	11	A surname.
BLITE	11	The plant Amaranthus blitum, purple amaranth.
BLL	11	Initialism of business logic layer, a software architecture layer.
BLLS	11	plural of BLL
BLOWED	16	simple past and past participle of blow
BLUSHY	16	Suffused with blushes or blushlike hues.
BMF	11	Initialism of Bird-Meertens formalism.
BMIS	11	plural of BMI
BMXS	11	plural of BMX
BNB	11	Initialism of bed and breakfast.
BNSS	11	Initialism of Brief Negative Symptom Scale (“for assessing schizophrenia”).
BOBEK	11	A surname.
BOCCA	11	The round hole in the furnace of a glassworks through which the fused glass is taken out.
BODA	11	A surname.
BODAS	11	plural of Boda
BODEN	11	An English surname common in Shropshire and the West Midlands area of central England.
BOETIE	16	brother
BOGA	11	Haemulon vittatum, a species of grunt.
BOHEAS	16	plural of bohea
BOKES	11	third-person singular simple present indicative of boke
BOLOED	16	simple past and past participle of bolo
BOMU	11	A Gur language of Burkina Faso and Mali.
BONANG	16	A set of small gongs placed on a rack and usually struck with a padded stick, a type of gong chime, used in the gamelan music of Java.
BONDE	11	A surname.
BONTOK	16	Alternative form of Bontoc.
BOOCH	11	Kombucha.
BOOH	11	Archaic form of boo.
BOOSE	11	A stall for an animal (usually a cow).
BORD	11	Obsolete form of board.
BORNIN	16	present participle of born
BOSSE	11	A surname.
BOTTI	11	A surname.
BOUL	11	A curved handle.
BOZA	11	a fermented drink made from wheat or millet
BPES	11	plural of BPE
BRACK	11	Salty or brackish water.
BRAHS	11	plural of brah
BRASSE	16	The zander (Sander lucioperca), a European freshwater fish.
BRAXY	11	An inflammatory disease of sheep caused by Clostridium septicum
BRAZA	11	Synonym of estado, a traditional Spanish unit of length equivalent to about 1.67 m.
BRD	11	Initialism of bovine respiratory disease.
BREESE	16	Obsolete spelling of breeze (all three distinct nouns).
BRES	11	plural of BRE.
BREXIT	16	Withdrawal of the United Kingdom from the European Union.
BRI	11	A diminutive of the female given name Brianna, or Bridget, or Britney, or, rarely, Britannia or Sabrina.
BRISE	11	A tract of land that has been left untilled for a long time.
BRLS	11	plural of BRL.
BROB	11	A wedge-shaped spike used to secure the end of a timber where it abuts another. Much used in earlier times in the construction of tunnelled box-timber headings.
BROCH	11	A type of Iron Age stone tower with hollow double-layered walls found on Orkney, Shetland, in the Hebrides and parts of the Scottish mainland.
BRONCH	16	Bronchoscopy.
BROO	11	broth
BROSCH	16	A surname from German.
BROSES	16	plural of brose
BRUST	11	Obsolete form of burst.
BRYDON	16	A surname.
BSB	11	Initialism of Bar Standards Board.
BSFS	11	plural of bsf
BTE	11	Initialism of behind the ear.
BTES	11	plural of BTE
BUAL	11	A variety of madeira (wine) that is less sweet than malmsey.
BUCH	11	A surname.
BUFOS	11	plural of bufo
BUGEYE	16	A sailboat once used for oystering out of Chesapeake Bay.
BUHLS	11	plural of buhl
BUNAS	11	plural of Buna
BURI	11	A Germanic tribe dwelling near the territory of the Marcomanni
BURIS	11	plural of Buri
BURNAM	16	A surname.
BUSHEY	16	A town in Hertsmere district, Hertfordshire, England, close to the border with Greater London (OS grid ref TQ1395).
BUTAS	11	plural of buta
BUYO	11	betel
BXS	11	plural of bx
BYER	11	A surname.
CAAPI	11	A hallucinogen, obtained from the South American vine, Banisteriopsis caapi, used medicinally by the indigenous peoples of the Amazon.
CAFFA	11	Alternative form of caffoy.
CAINES	16	plural of Caine
CAIRNY	16	Of a landscape, having many cairns or rocky outcrops.
CALIN	11	An alloy of lead and tin, from the Far East.
CAMOES	16	Alternative spelling of Camões.
CAMPA	11	A surname.
CANALE	16	A surname.
CANDIA	16	The Mediterranean island of Crete.
CANEY	11	A place in the United States:
CAPAPE	16	Alternative form of cap-a-pie.
CAPEL	11	Alternative spelling of caple (horse)
CAPITE	16	An ancient English tenure, abolished in 1660, by which either person or land was held immediately of the king, or of his crown, by either knight service or socage.
CAPRID	16	Of or pertaining to the subfamily Caprinae of ruminants, of which the goat (genus Capra) is the type; Ovis (sheep) are also members.
CARACO	16	A kind of short coat or jacket worn by women.
CARIDS	16	plural of carid
CARN	11	Archaic form of cairn.
CARONE	16	A surname.
CARPA	11	Acronym of complement activation-related pseudoallergy.
CARROM	16	Alternative spelling of carom.
CARRYS	16	plural of Carry
CARSE	11	Low, fertile land; a river valley.
CARUS	11	deep coma or lethargy
CASO	11	A surname.
CASTRA	16	plural of castrum
CATTI	11	Alternative form of Chatti (“Germanic tribe”).
CAUKS	11	plural of cauk
CAVAN	11	A unit of dry capacity approximately equivalent to 2.3 US bushels.
CAVEA	11	The seating section of a Greek or Roman theatre or amphitheatre.
CAVILL	16	A surname.
CBAR	11	Abbreviation of centibar.
CBD	11	Initialism of case-based discussion.
CBDS	11	plural of CBD
CBE	11	can't be everywhere
CBT	11	Initialism of cognitive behavioral therapy.
CCP	11	Initialism of Chinese Communist Party.
CDA	11	Initialism of Canadian Dental Association.
CDRE	11	commodore
CDW	11	Initialism of charge-density wave.
CEC	11	Initialism of climate emergency centre.
CEDENT	16	The person who cedes a personal obligation to another.
CEDULA	16	A community tax certificate, often used as a form of identification in the Philippines.
CEF	11	China Expeditionary Force
CELE	11	celebrity
CELLYS	16	plural of celly
CERFS	11	plural of Cerf
CERIN	11	Beeswax.
CERRA	11	A surname.
CERVI	11	A surname from Italian.
CESA	11	Initialism of controlled emergency swimming ascent.
CESSOR	16	In English law, one who is dilatory, negligent, and delinquent in his duty or service, and who thereby incurred the danger of the law, and was liable to have the writ of cessavit brought against him.
CESTS	11	plural of cest
CETIN	11	The white, waxy constituent of spermaceti.
CEU	11	Initialism of continuing education unit.
CEYX	11	A king who was transformed into a kingfisher, together with his wife Alcyone.
CFLS	11	plural of CFL
CFM	11	Initialism of cubic foot per minute (ft³/min).
CGH	11	Initialism of comparative genomic hybridization.
CGM	11	Initialism of circumgalactic medium.
CGO	11	Initialism of chief green officer.
CHACOS	16	plural of chaco
CHAITS	16	plural of Chait
CHAPE	11	The lower metallic cap at the end of a sword's scabbard.
CHAPED	16	Furnished with a chape or chapes.
CHARES	16	plural of chare
CHARME	16	Obsolete spelling of charm.
CHEAM	11	A suburban village in the borough of Sutton, Greater London, on the border with Surrey (OS grid ref TQ2463).
CHEETO	16	A gay male inmate.
CHELYS	16	An ancient string instrument, the common lyre of the ancient Greeks, which had a convex back of tortoiseshell or of wood shaped like the shell.
CHERS	11	plural of cher
CHEUGY	16	Uncool; tryhard.
CHIARI	16	A surname from Italian.
CHIENS	16	plural of Chien
CHIETI	16	A city and comune, the capital of the province of Chieti, Abruzzo, Italy.
CHIH	11	Alternative form of chi.
CHIHLI	16	Alternative form of Zhili.
CHIKA	11	A female given name from Japanese.
CHINEE	16	A person from China.
CHINNY	16	Having a prominent chin.
CHINON	16	A town and commune in Indre-et-Loire department, Centre-Val de Loire, France.
CHIOT	11	A native or inhabitant of Chios.
CHIR	11	A freshwater whitefish species that lives in the Arctic-draining basins of Eurasia and North America, also known as schokur or broad whitefish
CHIRAQ	16	Derogatory name for Chicago: a major city in Illinois, United States; especially referring to those parts in the South Side subject to a large amount of violence.
CHIRU	11	The Tibetan antelope, Pantholops hodgsonii.
CHKS	11	plural of chk
CHOLES	16	plural of chole
CHOLON	16	the Chinatown of Ho Chi Minh City, Vietnam
CHOOS	11	plural of choo
CHOROS	16	Alternative form of choro.
CHOTTS	16	plural of chott
CHUET	11	minced meat
CHUY	11	Synonym of Chu, a river in Kazakhstan and Kyrgyzstan.
CHYPRE	16	Any of several perfumes having a citrus top note and woody base notes.
CHYTRA	16	An Ancient Greek earthenware cooking pot
CICAD	11	Alternative form of cicada.
CIDS	11	plural of CID
CILI	11	A county of Zhangjiajie, Hunan, China.
CIMAS	11	plural of Cima
CINCT	11	surrounded
CIPPI	11	plural of cippus
CIRCAS	16	plural of Circa
CISSIE	16	Alternative form of cissy.
CITRA	11	Alternative form of chitra (“Indian art genre”).
CIVIE	11	Alternative spelling of civvy.
CLAG	11	A glue or paste made from starch.
CLOE	11	A female given name from Ancient Greek, an alternative spelling of Chloe.
CLRS	11	Initialism of Cormen, Leiserson, Rivest, Stein: the textbook Introduction to Algorithms, first published in 1990.
CLUN	11	A small town and civil parish with a town council in Shropshire, England (OS grid ref SO2980). The council has the curious title of "Clun Town Council with Chapel Lawn".
COAD	11	A surname.
COADS	11	plural of Coad
COC	11	Abbreviation of Canadian Olympic Committee.
COCCO	11	A surname.
CODO	11	A traditional Spanish unit of length, equivalent to about 41.6 cm.
COEL	11	A surname.
COELHO	16	A surname from Portuguese.
COGONS	16	plural of cogon
COHOES	16	plural of cohoe
COLLE	11	Obsolete form of coal.
COLLIS	16	A surname originating as a patronymic.
COLMAR	16	A city, the capital of the department of Haut-Rhin, Alsace, region of Grand Est, eastern France.
COLNE	11	A place or river in England:
COLORE	16	Obsolete spelling of color.
COMMS	11	plural of comm
COMPO	11	Abbreviation of compensation.
CONDES	16	plural of conde
CONDS	11	third-person singular simple present indicative of cond
CONI	11	plural of conus
CONROD	16	Abbreviation of connecting rod.
CONSOL	16	Abbreviation of consolidated annuity: A perpetual bond issued by the United Kingdom, from the 18th century.
COOM	11	soot, smut
COPALM	16	Archaic form of copal.
COPALS	16	plural of copal
COQUE	11	A small loop or bow of ribbon used in making hats, boas, etc.
CORAH	11	plain, undyed
CORAN	11	Obsolete spelling of Quran.
CORBYN	16	A surname.
CORDY	11	Of, or like, cord; having cords or cord-like parts.
COREE	11	A small Native American tribe who once occupied a coastal area south of the Neuse River in southeastern North Carolina.
CORF	11	A large basket, especially as used for coal.
CORNI	11	plural of corno
CORREL	16	Abbreviation of correlation.
COSTES	16	plural of Coste
COTEAU	16	A hilly upland including the divide between two valleys.
COUPEE	16	A motion in dancing, when one leg is a little bent and raised from the floor, and with the other a forward motion is made.
COVID	11	a viral disease caused by SARS-CoV-2 that caused a global pandemic in 2020
COWISH	16	An umbelliferous plant (Lomatium cous) with edible tuberous roots, found in Oregon, USA.
COWLE	11	Obsolete spelling of cowl.
COWY	11	Resembling a cow, cowlike
COYNE	11	Obsolete spelling of coin.
COYNES	16	plural of coyne
CPAPS	11	plural of CPAP
CPDS	11	plural of CPD
CQS	11	Initialism of command–query separation, a principle of imperative computer programming.
CRAALS	16	plural of craal
CRAMPY	16	Characterised by cramp.
CRAPO	11	A surname.
CRASE	11	Early Modern spelling of craze (“break into pieces, crack”).
CREAN	11	A surname from Irish.
CREIL	11	A commune in Oise department, Hauts-de-France, France.
CRENA	11	A furrow or notch.
CRESPI	16	A surname.
CRESSY	16	Abounding in cresses.
CRETES	16	plural of Crete
CRETON	16	A spreadable paste made from pork fat, ground pork trimmings, onions.
CREWER	16	A member of a crew, as on a ship or spacecraft
CRIBO	11	Any of various snakes in the genus Drymarchon.
CRICS	11	plural of cric
CRIETH	16	third-person singular simple present indicative of cry
CRINED	16	Having hair or a mane of a specified tincture, different from that of the body.
CRIPE	11	A surname.
CRISE	11	Obsolete form of kris.
CRL	11	Initialism of certificate revocation list.
CRM	11	Initialism of cockpit resource management.
CRONOS	16	Alternative form of Cronus.
CROST	11	Pronunciation spelling of cross.
CSAR	11	Alternative spelling of tsar.
CSAS	11	plural of CSA
CSGO	11	Alternative form of CS:GO.
CTENES	16	plural of ctene
CUCA	11	Alternative form of coca.
CUEMAN	16	One who plays a cue sport.
CUEMEN	16	plural of cueman
CUICA	11	A Brazilian friction drum often used in samba music.
CUMAN	11	A member of a nomadic Turkic people of central Asia who ruled parts of Eurasia and Eastern Europe in the Middle Ages.
CUMBIA	16	A traditional style of Colombian dance and music, or a piece in this style.
CUN	11	To know.
CURAS	11	plural of Cura
CURRS	11	third-person singular simple present indicative of curr
CURSI	11	plural of cursus
CUSE	11	A compound of copper and selenium; klockmannite.
CUTEE	11	Elongated form of cute.
CUTI	11	Initialism of complicated urinary tract infection.
CVC	11	Initialism of central venous catheter.
CYANID	16	Archaic form of cyanide.
CYC	11	Clipping of cyclorama.
CYMAE	11	plural of cyma
CYP	11	Initialism of cytochrome P450
DABSON	16	A surname originating as a patronymic.
DACIAN	16	a member of an ancient Indo-European ethnic group of Dacia.
DACRE	11	A village and civil parish in Westmorland and Furness, Cumbria, England, previously in Eden district (OS grid ref NY4526).
DADAP	11	A tree of species Erythrina subumbrans.
DADDA	11	Alternative form of dada (“father”).
DADU	11	Synonym of Khanbalik.
DAGG	11	A surname from Old French.
DAGGS	11	A surname.
DALET	11	The fourth letter of many Semitic alphabets (Phoenician, Aramaic, Hebrew, Syriac, Arabic and others).
DALMAN	16	A surname.
DAMANS	16	plural of daman
DAMARA	16	A native of Damaraland.
DANIC	11	Synonym of Danish.
DANKS	11	third-person singular simple present indicative of dank
DANNIE	16	A male given name, a less common variant of Danny.
DANTA	11	A deciduous timber-yielding tree native to West and West Central Tropical Africa, Nesogordonia papaverifera.
DARAA	11	A city and governorate in southern Syria.
DARAS	11	plural of Dara
DARBS	11	plural of darb
DATIL	11	A datil pepper, a very spicy pepper of the species Capsicum chinense.
DATOS	11	plural of dato
DAUR	11	A member of an ethnic group (so-called ’nationality’) living in China’s Heilongjiang, Hulunbuir, and northern Xinjiang (Dzungaria), also historically Russia
DAUS	11	plural of DAU
DAVEN	11	to recite the Jewish liturgy; to pray
DAVIL	11	Pronunciation spelling of devil.
DAWE	11	A surname transferred from the given name.
DAXTER	16	A surname.
DAYE	11	Alternative form of dhye (“wet-nurse”).
DAYMEN	16	plural of dayman
DCLS	11	plural of DCL
DCMS	11	Initialism of Department for Culture, Media and Sport.
DDMMYY	16	Used on forms to indicate that the date should be written as two-digit days, months, and years, e.g. 020411 for 2 April 2011
DEALIO	16	Alternative form of dillio.
DEBTED	16	indebted; under obligation
DECADS	16	plural of decad
DECANE	16	Any of the 75 isomers of the aliphatic hydrocarbon having the chemical formula C₁₀H₂₂
DECAS	11	plural of DECA
DECIMA	16	One of the three Fates, or Parcae, daughter of Jupiter and Justitia; the measurer of the thread of life. She is the Roman equivalent of Lachesis.
DEDIEU	16	A surname from French.
DEEPA	11	A female given name from South Asia.
DEESES	16	plural of Deese
DEHAIR	16	To remove the hair from.
DEHORT	16	To dissuade.
DEISS	11	A surname from German.
DEJ	11	A city in Cluj County, in northwestern Romania.
DELIE	11	To deny and lie simultaneously.
DELINK	16	To unlink, or remove a link from.
DELPH	11	Alternative form of delf (“mine, quarry, ditch”).
DEMAIN	16	A demesne, especially the ancient demesne claimed by William the Conqueror.
DEMIES	16	plural of demy
DEPR	11	Abbreviation of depression.
DERG	11	A dragon.
DEROSA	16	A surname from Italian.
DESILT	16	to remove suspended silt from the water.
DESSES	16	plural of dess
DETAG	11	To strip of a tag or tags; to remove the tags from.
DETAGS	16	third-person singular simple present indicative of detag
DETIN	11	To remove the tin from (metal scrap), usually for resale.
DEVEL	11	Alternative spelling of devvel (a hard blow)
DEWALI	16	Alternative form of Diwali.
DEWANS	16	plural of dewan
DEWET	11	To undergo or cause the rupture of a thin liquid film on a liquid or solid substrate
DFAS	11	Initialism of Defense Finance and Accounting Service.
DFO	11	Initialism of diesel fuel oil.
DFT	11	Initialism of density functional theory.
DFTS	11	plural of DFT
DHAI	11	Alternative form of dhye (“wet-nurse”).
DHAIS	11	plural of dhai.
DHEW	11	Initialism of Department of Health, Education, and Welfare.
DHOBI	11	A laundryman or washerman, or laundrywoman or washerwoman.
DIACT	11	Having two rays; diactinal.
DIAGS	11	plural of diag
DIAMBS	16	plural of diamb
DICTY	11	stylish and respectable; high-class
DIEGOS	16	plural of diego
DIEING	16	Misspelling of dying.
DIEST	11	second-person singular simple present indicative of die
DIETAL	16	Of or pertaining to a diet (assembly).
DIETH	11	third-person singular simple present indicative of die
DINAN	11	A town and commune in Côtes-d'Armor department, Brittany, France.
DINANT	16	A town in Namur, Belgium.
DIOTA	11	A vase or drinking cup with two handles.
DIPED	11	Acronym of diploma in education.
DIPSOS	16	plural of dipso
DIPT	11	simple past and past participle of dip
DISMAS	16	The penitent thief who was crucified along with Jesus Christ and is venerated as a saint in certain churches.
DITE	11	To prepare for use or action; to make ready.
DIVOS	11	plural of divo
DIXI	11	An utterance signifying the end of a speech.
DKE	11	Initialism of Dunning-Kruger effect.
DLD	11	Initialism of digital logic design
DLED	11	simple past and past participle of DL
DMDS	11	plural of DMD
DMT	11	Initialism of dimethyltryptamine, a naturally occurring psychedelic drug.
DNB	11	Initialism of did not bat.
DNP	11	Initialism of dynamic nuclear polarization.
DNT	11	Initialism of Do Not Track.
DOBU	11	An island of Milne Bay Province, Papua New Guinea, one of the D'Entrecasteaux Islands.
DODDIE	16	Alternative form of doddy.
DOGMAN	16	A man who has charge of dogs, such as a dog breeder or dog trainer; specifically, a man who trains dogs for the bloodsport of dogfighting.
DOILEY	16	Alternative spelling of doily.
DOINK	11	To have sex with.
DOKES	11	A surname.
DOLON	11	A specialized elongated hollow structure that forms part of the carapace of a marine organism from the class Ostracoda, used for various purposes, such as locomotion, feeding, or sensory perception.
DOLUS	11	Evil intent: malice or fraud.
DOMAL	11	Of or relating to a dome.
DOMUS	11	A farmstead with its people, plants and animals, considered as a unit.
DONEZO	16	Alternative spelling of dunzo.
DONGAS	16	plural of donga
DONI	11	Alternative form of dhoni.
DONK	11	A sub-genre of Scouse house music containing distinctive percussion sounds, or a sound typical of this genre.
DOOGH	11	A savory Persian yogurt drink with a mint flavor.
DOOMER	16	A doom-and-gloomer; a pessimist.
DOOT	11	Doubt.
DOPP	11	A surname.
DOPPIO	16	Having two shots of espresso.
DOPS	11	plural of dop
DORALS	16	plural of Doral
DORBUG	16	The dor.
DOREES	16	plural of doree
DORGAN	16	A surname.
DOSAS	11	plural of dosa
DOTEE	11	Alternative form of dhoti.
DOTISH	16	foolish
DOUC	11	A colobine Old World monkey, making up the genus Pygathrix.
DOUGIE	16	A diminutive of the male given names Douglas, Dougal, or Doug.
DOUMA	11	Archaic form of duma (“Russian legislative assembly”).
DOUMAS	16	plural of douma
DOUMS	11	plural of doum
DOWLAS	16	A coarse linen cloth made in the north of England and in Scotland, later replaced by calico.
DOXA	11	Popular opinion or belief.
DOYLES	16	plural of Doyle
DPO	11	Initialism of day(s) post-ovulation.
DRAA	11	A river in Morocco that starts from the High Atlas mountains and flows into the Atlantic Ocean.
DRAFF	11	the residue of malt and grain which remains in the mash-kettle after the mashing and lautering process.
DRAPEY	16	Tending to form drape-like folds.
DREEN	11	Alternative form of drain.
DREMEL	16	A handheld rotary tool with various attachments e.g., circular saw blades.
DREWE	11	A surname.
DREWRY	16	A surname.
DRINKY	16	drink
DRL	11	Initialism of daytime running lights, headlights that cannot be turned off, intended to make cars more visible during the day.
DSA	11	Initialism of donor-specific antibody.
DSI	11	Initialism of diffused surface illumination.
DSLR	11	Acronym of digital single-lens reflex used to refer to the digital camera.
DTAS	11	plural of DTA
DUAN	11	A division of a poem, especially an epic poem or a Scottish poem; a canto.
DUBBLE	16	Pronunciation spelling of double.
DUCA	11	A surname.
DUDA	11	A surname.
DUENAS	16	A surname from Spanish.
DUETT	11	Archaic form of duet (“musical performance by two people”).
DUL	11	A surname from Khmer.
DULIA	11	The veneration of saints, distinguished from latria, the worship of God.
DUNC	11	A diminutive of the male given name Duncan.
DUPS	11	third-person singular simple present indicative of dup
DURENE	16	1,2,4,5-tetramethylbenzene, an aromatic hydrocarbon used as a solvent and in the manufacture of pyromellitic acid.
DURES	11	third-person singular simple present indicative of dure
DURR	11	A surname.
DUSHKU	16	A surname from Albanian.
DUSTON	16	A suburb and civil parish in West Northamptonshire district, Northamptonshire, England, previously in Northampton borough (OS grid ref SP7261).
DUSUN	11	A member of a tribe or ethnic and linguistic group in Sabah, Malaysia, with some similarities to the Kadazan.
DUTCHY	16	Archaic spelling of duchy.
DVMS	11	plural of DVM
DWC	11	Initialism of deep water culture.
DYAK	11	Alternative form of Dayak.
DYERMA	16	Alternative form of Djerma.
DYNAM	11	A foot-pound.
EAA	11	Initialism of evidentiary abuse affidavit.
EALY	11	A surname.
EARAGE	16	The size of an animal's ears.
EARNIE	16	A diminutive of the male given name Earnest.
EARPOD	16	Synonym of earbud
EASIED	16	simple past and past participle of easy
EASTBY	16	A small village in Embsay with Eastby parish, Craven district, North Yorkshire, England (OS grid ref SE0154).
EATH	11	Easy; not hard or difficult.
EBEL	11	A surname.
EBENE	11	A psychoactive material, variously described as obtained from plants of either the genus Virola or of Anadenanthera peregrina, used ritually as snuff by the Yanomamo people of South America.
EBIKE	11	a bicycle that is built with a motor, the bicycle can be powered by the motor or pedalling of the cyclist
EBIKES	16	plural of ebike
EBIT	11	a unit of information equal to 1000 petabits or 10^18 bits
EBYS	11	plural of Eby
ECB	11	Initialism of European Central Bank.
ECBOLE	16	A digression, (especially) one in which a person is introduced speaking his or her own words.
ECCLE	11	Alternative form of eckle.
ECHOI	11	One of a set of eight modes, octoechoi, of music in Byzantine music. It selects the chant style or genre.
ECOTAX	16	green tax
EDANA	11	Acronym of European Disposables and Nonwovens Association.
EDDOES	16	plural of eddo
EDDOS	11	Misspelling of eddoes.
EDG	11	Initialism of electron-donating group.
EDL	11	Initialism of English Defence League.
EDLIN	11	A surname.
EFFER	11	Fucker.
EFFET	11	Alternative form of eft (“a newt”).
EGEAN	11	Alternative form of Aegean.
EGGMEN	16	plural of eggman
EHIME	11	A prefecture of Japan. Capital: Matsuyama.
EHP	11	Initialism of Eastern Highlands Province.
EHUAWA	16	Cyperus laevigatus, a species of sedge.
EIDI	11	A gift, especially money, given to children on Islamic Eids.
EIFEL	11	Eifel (a mountain range in western Germany).
EILD	11	Age.
EILER	11	A surname.
EISEL	11	vinegar, verjuice
EISELE	16	A surname.
EJK	11	Initialism of extrajudicial killing.
EKKAS	11	plural of ekka
ELAIN	11	eleoptene
ELATOR	16	Alternative form of elater.
ELEMOL	16	A sesquiterpenoid related to isopropanol, used in food, fragrances, and chemical synthesis.
ELES	11	plural of ele
ELLAMS	16	A surname.
ELMYRA	16	A female given name from the Germanic languages.
ELOTE	11	Corn (maize) harvested before reaching full maturity.
ELPERS	16	A surname from Dutch.
ELSON	11	A surname.
ELVIE	11	A unisex given name.
EMBLA	11	The first female human in the Edda.
EMBOX	11	To enclose in a box, or as if in a box.
EMERI	11	wood of the idigbo tree
EMERSE	16	Obsolete form of immerse.
EMMIE	11	A diminutive of the female given names Emily and Emma.
EMULE	11	To emulate.
EMYDS	11	plural of emyd
ENCISO	16	A surname.
ENFOUL	16	To make foul or dirty.
ENGIN	11	Obsolete form of engine.
ENGLES	16	plural of engle
ENLINK	16	To connect together, by, or as if by links.
ENM	10	Abbreviation of enemy.
ENNY	11	Pronunciation spelling of any.
ENODE	11	To clear of knots; to make clear.
ENSA	11	Initialism of Entertainments National Services Association.
ENSI	11	A Sumerian title designating the ruler or prince of a city state.
ENTONE	16	Obsolete form of intone.
EOD	11	Initialism of every other day.
EOGENE	16	Former name of Paleogene.
EOZOON	16	Alternative form of eozoön.
EPP	11	A surname.
EPPIES	16	plural of eppy
EPUBS	11	plural of EPUB
EQPT	11	Abbreviation of equipment.
EQUES	11	A member of the equestrian order (Latin: ordo equester), the lower of the two aristocratic classes of Ancient Rome, ranking below the patricians.
ERBIA	11	erbium oxide Er₂O₃; Discovered in 1843, by Carl Gustaf Mosander.
ERBS	11	plural of Erb
ERCOT	11	Acronym of Electric Reliability Council of Texas.
ERDS	11	plural of ERD
ERF	11	Inheritance; patrimony.
ERGAL	11	potential energy; negative value of the force function
ERGON	11	Work, measured in terms of the quantity of heat to which it is equivalent.
ERGONS	16	plural of ergon
ERIDU	11	An ancient Sumerian city in modern Iraq; modern Tell Abu Shahrain.
ERINA	11	A locality in the Central Coast council area, eastern New South Wales, Australia.
ERK	11	A member of the groundcrew in the RAF.
ERMIT	11	Obsolete form of hermit.
ERMS	11	plural of ERM
EROTES	16	plural of eros
ERSH	11	Alternative form of earsh.
ERU	11	Initialism of emission reduction unit.
ERUDIT	16	An erudite person, a scholar, especially in French contexts.
ERV	11	Initialism of English Revised Version.
ERYX	11	Alternative form of Erice.
ESDS	11	plural of ESD
ESPER	11	A person who practices the development of psychic ability.
ESPERA	16	A surname.
ESPINO	16	A surname.
ESROG	11	Alternative form of etrog.
ESSOIN	16	To excuse for failure to appear in court.
ESTACA	16	A barangay of Dagohoy, Bohol, Philippines.
ESTON	11	A placename:
ETAAC	11	Initialism of Electronic Tax Administration Advisory Committee.
ETANIM	16	Alternative form of Ethanim.
ETAWAH	16	A city and district of Kanpur division, Uttar Pradesh, India.
ETHAL	11	cetyl alcohol
ETLE	11	Initialism of erotic target location error
ETP	11	Initialism of exchange-traded product.
ETTLES	16	plural of ettle
EUCLA	11	A small settlement and locality in the Shire of Dundas, Goldfields-Esperance region, in the far south-east of Western Australia, close to the border with South Australia.
EULESS	16	A city in Tarrant County, Texas, United States.
EUNOMY	16	Equal law, or a well-adjusted constitution of government.
EUTAW	11	A city, the county seat of Greene County, Alabama, United States, named after the Battle of Eutaw Springs.
EVACS	11	plural of evac
EVANNA	16	A female given name.
EXCL	11	Abbreviation of excluding.
EXGODS	16	plural of exgod
EXODIA	16	plural of exodium
EYAH	11	Archaic form of ayah (“South Asian female servant, maid or nanny”).
EYAHS	11	plural of eyah
EYAK	11	A member of an indigenous people from the Copper River Delta of Alaska.
EYLER	11	A surname.
EYNE	11	Alternative form of eyen: plural of eye.
FABRE	11	A surname.
FABS	11	plural of fab
FACS	11	plural of fac
FADDA	11	Pronunciation spelling of father
FADOS	11	plural of fado
FAKIE	11	The riding backwards of the board, in the opposite stance.
FAKIES	16	plural of fakie
FAMULI	16	plural of famulus
FANAL	11	A lighthouse
FANTEE	16	Alternative spelling of Fanti.
FARAGE	16	A surname.
FARD	11	To paint, as the cheeks or face.
FARNUM	16	A surname.
FARRO	11	Emmer wheat (Triticum turgidum).
FASCI	11	plural of fascio
FAUCI	11	A surname from Sicilian.
FAUNE	11	Alternative spelling of faun.
FAVAS	11	plural of fava
FAVI	11	plural of favus
FAYAL	11	Alternative spelling of Faial.
FAYED	11	simple past and past participle of fay
FCP	11	Abbreviation of foolscap.
FEAZES	16	third-person singular simple present indicative of feaze
FEEDED	16	simple past and past participle of feed
FEESER	16	A surname.
FEIS	11	An Irish festival, usually including folk music, dancing, and sports.
FEMES	11	plural of feme
FEODS	11	plural of feod
FEP	11	Abbreviation of front-end processor.
FEPC	11	Initialism of Fair Employment Practice Committee.
FERD	11	A journey; a voyage.
FERITY	16	The quality or fact of being wild or in a wild state.
FERO	11	A surname from Hungarian.
FETTE	11	A surname from German.
FEYLY	11	In a fey way.
FFVS	11	plural of FFV
FGT	11	Filter-avoidance spelling of faggot (“a male homosexual”).
FGTS	11	plural of fgt
FIANNA	16	plural of Fian
FIARS	11	plural of fiar
FIII	11	Abbreviation of factor III (clotting factor III).
FILTRE	16	Obsolete form of filter.
FINSTA	16	African-American Vernacular and Southern US form of fixing to: used to express a desire or future action.
FIREE	11	A person who has been fired
FIRMAN	16	a royal decree issued by a sovereign in certain historical Islamic states, especially by the Sultan of the Ottoman Empire.
FISHEL	16	A surname.
FISTY	11	Involving the fists; pugilistic.
FJELD	11	A rocky, barren plateau, especially in Scandinavia.
FLAC	11	Initialism of Free Lossless Audio Codec.
FLAMME	16	A surname from French.
FLARY	11	flaring
FLDS	11	Initialism of Fundamentalist Church of Jesus Christ of Latter Day Saints, a Mormon denomination.
FLEAM	11	A sharp instrument used to open a vein, to lance gums, or the like.
FLEED	11	The internal fat of a pig before it is melted into lard.
FLEURS	16	plural of fleur
FLG	11	Abbreviation of Falun Gong.
FLIPED	16	simple past and past participle of flipe
FLITED	16	simple past and past participle of flite
FLORIA	16	A female given name.
FLOTA	11	A fleet, especially a fleet of Spanish ships which formerly sailed every year from Cadiz to Vera Cruz, in Mexico, to transport to Spain products from Spanish America.
FLTS	11	plural of FLT
FND	11	Initialism of functional neurologic (or neurological) disorder.
FOETI	11	plural of foetus
FOHNS	11	plural of fohn
FOLL	11	Abbreviation of following.
FOMA	11	A Niger-Congo language spoken in the Democratic Republic of the Congo.
FONGS	11	plural of Fong
FORDO	11	To kill, destroy.
FOREL	11	A kind of coarse parchment for book covers; a forrill.
FORMES	16	plural of forme
FORTED	16	simple past and past participle of fort
FOUD	11	A bailiff or magistrate.
FRAMS	11	plural of FRAM
FRANKL	16	A surname.
FRC	11	Initialism of functional residual capacity.
FRCS	11	Initialism of Fellow of the Royal College of Surgeons.
FREERS	16	plural of freer
FRGS	11	Initialism of Fellow of the Royal Geographical Society.
FRIGO	11	A surname.
FRINGS	16	A combined portion of fries and onion rings.
FRISEE	16	Alternative spelling of frisée.
FROLLO	16	Alternative letter-case form of Frollo.
FROWS	11	plural of frow
FRTS	11	plural of FRT
FTLBS	11	plural of FTLB.
FUERO	11	A code; a charter; a grant of privileges.
FUGAZI	16	Fucked up; broken, damaged beyond repair.
FUGE	11	Clipping of refugium.
FUGLES	16	third-person singular simple present indicative of fugle
FULAS	11	plural of Fula
FUMERS	16	plural of fumer
FUNEST	16	Causing death or disaster; fatal, catastrophic; deplorable, lamentable.
FUNKE	11	A surname from German.
FUOCO	11	A surname.
FURCAP	16	Alternative form of fur cap.
FURRS	11	plural of furr
FURTH	11	out or outside
FUSOID	16	Synonym of fusiform.
FWDS	11	plural of FWD
FYP	11	Initialism of final year project.
GABARS	16	plural of Gabar
GABOON	16	Archaic form of Gabon.
GAETA	11	A coastal town in the province of Latina, Lazio, Italy.
GAHN	11	A surname from German.
GAHS	11	plural of GAH
GAILAN	16	Alternative spelling of kailan.
GAIR	11	A surname.
GALATI	16	A surname from Italian.
GALBE	11	The contour or outline of something.
GALENS	16	plural of Galen
GAMB	11	The leg or shank, typically of an animal, especially of a lion, on a coat of arms, crest, etc.
GAMBS	11	plural of gamb
GAMIE	11	gamekeeper
GAMPS	11	plural of gamp
GANDA	11	The Luganda language.
GANKS	11	third-person singular simple present indicative of gank
GARA	11	A surname.
GARES	11	plural of gare.
GARUM	11	A fermented fish sauce popular as a condiment in Ancient Rome.
GATHA	11	A poem or mantra, especially one recited mentally as part of meditation or mindfulness practice.
GAUCH	11	Alternative form of gouch (“feel drowsy due to heroin”).
GAV	11	Short form of the male given name Gavin.
GAWR	11	Initialism of gross axle weight rating.
GAYSOME	40	Characterised or marked by gaiety; cheerful; gladsome.
GAZABO	16	guy, fellow
GBBO	11	Initialism of The Great British Bake Off: a British television baking competition, debuted in 2010, in which a group of amateur bakers compete against each other in a series of rounds.
GBP	11	Initialism of ginger beer plant.
GCDS	11	plural of gcd
GCM	11	Initialism of General Circulation Model.
GDN	11	Abbreviation of garden.
GEAT	11	The channel or spout through which molten metal runs into a mould in casting.
GEATS	11	plural of Geat
GEBA	11	A syllabary traditionally used to write the Naxi language.
GEDD	11	Alternative spelling of ged (“The European pike”).
GELES	11	plural of gele
GEMELS	16	plural of gemel
GEMOT	11	A (legislative or judicial) assembly in Anglo-Saxon England.
GENAL	11	Of or relating to the cheeks
GENLS	11	plural of genl.
GENROS	16	plural of genro
GERAS	11	plural of Gera
GERD	11	Acronym of gastroesophageal reflux disease.
GERIS	11	Geriatrics.
GERSON	16	A surname.
GETTIN	16	Pronunciation spelling of getting.
GFI	11	Initialism of ground fault interrupt.
GGG	11	Initialism of Giant Global Graph: a proposed successor to the World Wide Web, based on semantic links.
GGR	11	Initialism of greenhouse gas removal
GGS	11	Synonym of good game or good going.
GHARRI	16	Alternative form of gharry.
GHG	11	Initialism of greenhouse gas.
GID	11	A disease caused by coenurosis of the brain, most commonly found in sheep and canids.
GIEN	11	A commune of Loiret department, in north-central France.
GIFU	11	Gifu Prefecture in central Japan
GIHON	11	A river issuing out of the Garden of Eden.
GILSE	11	Alternative form of grilse (“young salmon”).
GIM	11	Edible seaweed in Korean cuisine.
GIRI	11	A surname.
GIROUX	16	A surname from French.
GKS	11	plural of GK
GLAMP	11	To practice glamping.
GLAMS	11	plural of GLAM
GLATT	11	Having none of a particular kind of adhesion on the outside of its lungs; only meat from a glatt animal can be kosher.
GLAVE	11	Alternative form of glaive.
GLD	11	Abbreviation of guilder.
GLEDES	16	plural of glede
GLEED	11	Alternative form of glede (“live coal”).
GLISK	11	To glisten or glitter, sparkle or shine.
GLOAMS	16	plural of gloam
GLOOPS	16	plural of gloop
GLORE	11	To gaze intently, stare.
GLUB	11	The sound of underwater bubbles, or of water bubbling (often used repetitively).
GLUISH	16	Somewhat gluey.
GLUMP	11	To be glum; to sulk.
GNA	11	Initialism of glycol nucleic acid.
GNATTY	16	Containing gnats.
GNIB	11	smart, eager
GNOMED	16	Inhabited by gnomes.
GNUDI	11	A kind of pasta similar to gnocchi, but made with ricotta instead of potatoes.
GOALED	16	simple past and past participle of goal
GOALEE	16	Archaic form of goalie (“goalkeeper”).
GOANS	11	A surname from German.
GOATY	11	Like a goat, goatlike or redolent of goats.
GOBAR	11	Dried cow dung used directly as fuel or as a source of gas.
GOBBOS	16	plural of gobbo
GOCUP	11	A locality in the Snowy Valleys council area, south eastern New South Wales, Australia.
GODDAM	16	expressing anger, despair, frustration, approval, or surprise
GODLET	16	A petty or minor god.
GODOY	11	A surname from Spanish.
GODSO	11	Alternative form of gadso.
GOEKE	11	A surname.
GOEL	11	yellow
GOGS	11	plural of Gog
GOINS	11	A surname.
GOLDY	11	Synonym of goldish.
GOLI	11	A traditional dance and masquerade of the Baoulé people of the Ivory Coast.
GOLIS	11	plural of goli
GONEY	11	Alternative form of gooney.
GOPAK	11	Alternative form of hopak.
GORA	11	Pertaining to a fair-skinned or European person.
GORAS	11	plural of gora
GORERS	16	plural of gorer
GORIN	11	A surname.
GOTOS	11	plural of goto
GOTRA	11	The lineage or clan assigned to a Hindu at birth.
GOUDI	11	Refers to a suburb of Athens, where significant events took place in Modern Greek history.
GOVE	11	A mow; a rick for hay.
GOZO	11	The second-largest island of the Republic of Malta.
GPH	11	Abbreviation of guanidinopropionase.
GPM	11	Initialism of gallon per minute.
GPU	11	Initialism of graphics processing unit (an electronic circuit dedicated to generating graphics and displaying images).
GRAMAS	16	plural of grama
GRANE	11	Obsolete form of groan.
GRANET	16	A surname.
GREERS	16	plural of Greer
GREGE	11	Alternative spelling of greige.
GREXIT	16	The potential withdrawal of Greece from the Eurozone.
GRINGA	16	A female gringo.
GROM	11	A young surfer, wakeskater, wakeboarder, snowboarder, skimboarder, skateboarder, or kiteboarder.
GROMA	11	A Roman surveying instrument having plumb lines hanging from four arms at right angles.
GROWED	16	simple past and past participle of grow
GRUEN	11	A surname from German.
GSK	11	GSK plc.
GSW	11	Initialism of gunshot wound.
GTM	11	Initialism of go-to-market.
GTW	11	Initialism of gross train weight.
GUA	11	Abbreviation of Guanajuato: a state of Mexico.
GUACOS	16	plural of guaco
GUANA	11	An iguana.
GUCCIS	16	plural of Gucci
GUCKS	11	plural of guck
GUE	11	A kind of fiddle or violin played on the Shetland Islands.
GUIBS	11	plural of guib
GULAE	11	plural of gula
GULASH	16	Alternative spelling of goulash.
GULOSE	16	A sugar C₆H₁₂O₆ stereoisomeric with glucose and obtainable by synthesis from xylose.
GULS	11	plural of Gul
GURIAN	16	Of or relating to Guria in Georgia.
GURL	11	Alternative form of girl.
GURLS	11	plural of gurl
GVS	11	Initialism of Great Vowel Shift.
GWA	11	Allelic association for genes throughout a genome.
GWF	11	Initialism of gay white female.
GWIN	11	present participle of go
GWINE	11	present participle of go
GYPES	11	plural of gype
GYPPO	11	Alternative spelling of gippo.
HADAD	11	A surname.
HADDAM	16	A town in Middlesex County, Connecticut, United States.
HAETS	11	third-person singular simple present indicative of haet
HAILEE	16	A female given name.
HAK	11	A surname.
HAKU	11	A three-ply braid incorporating additional materials, used in making lei.
HALOID	16	Resembling salt; said of certain binary compounds consisting of a metal united to a negative element or radical, and now chiefly applied to the chlorides, bromides, iodides, and sometimes the fluorides and cyanides.
HALSE	11	The neck; the throat.
HAMALS	16	plural of hamal
HAMBO	11	A Swedish folk dance in three-four time.
HAMETZ	16	Alternative spelling of chametz.
HAMMIE	16	Alternative form of hammy (“hamstring injury”).
HAMULI	16	plural of hamulus
HAMUS	11	A hook- or barb-like structure.
HANAI	11	The practice of traditional Hawaiian adoption of one child into another family.
HANDA	11	A city in Aichi Prefecture, Japan.
HANE	11	A surname.
HANKO	11	A traditional Japanese stamp bearing a personal seal, used (in place of a handwritten signature) to authorise or certify documents.
HANNAS	16	plural of Hanna
HANO	11	A Hopi-Tewa village in Navajo County, Arizona, United States.
HAORI	11	A traditional Japanese hip- or thigh-length jacket worn over a kimono.
HARAN	11	A surname from Irish.
HAREB	11	A male given name from Arabic.
HARIS	11	Misspelling of Harris.
HARISH	16	Like a hare.
HARJO	11	A surname from Creek.
HARN	11	Brain.
HARTOG	16	A surname from Dutch.
HATA	11	A female given name from Japanese.
HATETH	16	third-person singular simple present indicative of hate
HATPEG	16	A peg for hanging a hat.
HATTI	11	a region of Bronze Age Anatolia, inhabited by the Hattians and then the Hittites
HATTON	16	A surname.
HATTY	11	Of, relating to, or resembling, a hat.
HAUPT	11	A surname from German.
HAUSSE	16	A kind of graduated breech sight for a small arm or cannon.
HAVEY	11	A surname.
HAVOK	11	Obsolete spelling of havoc.
HAYE	11	A shark (cartilaginous fish of Selachimorpha).
HAZANS	16	plural of hazan
HBC	11	Initialism of health and beauty care.
HBD	11	Having two of the same allele at a locus, or base at an SNP, where both copies are from a single ancestor strand.
HCA	11	Initialism of home care assistant.
HCF	11	Initialism of highest common factor.
HCPS	11	plural of HCP
HCS	11	plural of HC
HDBK	11	Abbreviation of hardback.
HDT	11	Abbreviation of hot-dip temperature.
HEADA	11	Contraction of head + of. (usually in the phrase heada hair)
HEARDS	16	plural of Heard
HEARED	16	simple past and past participle of hear
HEATE	11	Archaic spelling of heat.
HEDDLE	16	A component in a loom, being one of a number of similar components, through the eye of each of which a distinct strand of the warp is threaded.
HEDERS	16	plural of heder
HEERS	11	plural of heer
HEEZES	16	third-person singular simple present indicative of heeze
HEI	11	Alternative spelling of he (Hebrew letter)
HEIDUK	16	Alternative spelling of hajduk.
HELDER	16	Rather.
HELION	16	Any helium ion, the nucleus of any helium atom.
HELOS	11	plural of helo
HELU	11	Alternative form of Elu (“ancestral form of the Sinhalese language”).
HEMANS	16	A surname.
HEMPEL	16	A surname.
HENGES	16	plural of henge
HENISM	16	The theory that mind and matter are all the one type of substance.
HENNIN	16	A headdress in the shape of a cone, "steeple" or truncated cone worn by European women of the nobility in medieval times.
HERLS	11	plural of herl
HERMAE	16	plural of herm
HERRO	11	Pronunciation spelling of hello.
HESPER	16	Hesperus, the evening star
HETHS	11	plural of heth
HEYA	11	the so-called "stable" of rikishi who train under the instruction of a particular shisho; the place where this group lives and trains
HHD	11	Initialism of hybrid hard drive.
HHDS	11	plural of HHD
HICE	11	plural of house
HIGHET	16	A surname.
HIGHT	11	To call, name.
HIJABI	16	A person, usually a woman, who wears a hijab.
HIJINX	16	Alternative spelling of high jinks.
HINO	11	A city in Tokyo prefecture, Japan.
HIPE	11	A throw in which the wrestler lifts his opponent from the ground, swings him to one side, knocks up his nearer thigh from the back with the knee, and throws him on his back.
HIPP	11	A surname.
HIRONO	16	A surname.
HIRSEL	16	The entire stock on a farm or stock under the charge of a shepherd.
HIWAY	11	Alternative spelling of hi-way.
HOANG	11	A surname.
HOAS	11	plural of HOA
HOBBED	16	simple past and past participle of hob
HOBBYS	16	plural of Hobby.
HOFFER	16	A surname.
HOGGY	11	Synonym of hoggish (“resembling a pig”).
HOK	11	A kind of small hut.
HOKED	11	simple past and past participle of hoke
HOKOW	11	Alternative form of Hekou.
HOLC	11	Initialism of Home Owners' Loan Corporation.
HOLIN	11	Any of a diverse group of small proteins produced by dsDNA bacteriophages in order to trigger and control the degradation of the host's cell wall at the end of the lytic cycle.
HOLUP	11	Abbreviation of hold up.
HONGS	11	plural of hong
HONIES	16	plural of honey
HONORA	16	A female given name from Latin, mainly used in Ireland.
HOOAH	11	The official yell of the US Army.
HOOLI	11	Obsolete form of Holi (“Hindu festival”).
HOOPES	16	A surname.
HOOSE	11	house
HOOTY	11	Characterised by a hooting sound.
HOSMER	16	A surname.
HOUDAN	16	A domestic chicken of an old French breed, having an unusual butterfly-shaped comb and five toes rather than the usual four.
HOVING	16	present participle and gerund of hove
HOWRE	11	Obsolete spelling of hour.
HOYED	11	simple past and past participle of hoy
HOYS	11	plural of hoy
HSAS	11	plural of HSA
HSG	11	Initialism of hysterosalpingography.
HSL	11	Initialism of hue, saturation, lightness or initialism of hue, saturation, level.
HUACA	11	An Incan relic.
HUGHIE	16	A diminutive of the male given name Hugh.
HUILA	11	A department of Colombia.
HUMEAN	16	Of or pertaining to the philosophy of David Hume (1711–1776).
HUNDO	11	A hundred.
HUPEH	11	Alternative form of Hubei.
HURTED	16	simple past and past participle of hurt
HUTIA	11	Any of the medium-sized rodents of the subfamily Capromyinae, which inhabit the Caribbean islands.
HVACS	11	plural of HVAC
HVY	11	Abbreviation of heavy.
HYAL	11	Synonym of hyoid.
HYLE	11	Synonym of matter, physical substance.
HYNE	11	A surname.
HYPOID	16	Describing gear wheels whose axes are offset from each other.
HYTE	11	insane or mad.
IAAF	11	Initialism of International Amateur Athletics Federation (1912–2001).
IAB	11	Initialism of Internal Affairs Bureau.
IAC	11	Initialism of idle air controller.
IAIDO	11	A Japanese martial art associated with the smooth, controlled movements of drawing the sword from its scabbard, striking or cutting an opponent, removing blood from the blade, and then replacing the sword in the scabbard.
IAMBE	11	A Thracian woman, daughter of Pan and Echo, granddaughter of Hermes.
IAR	11	Initialism of ignore all rules.
IASO	11	The goddess and personification of recuperation. She is a daughter of Asclepius and Epione.
IBAD	11	The Ibadis (Islamic group).
IBAN	11	Initialism of International Bank Account Number.
IBANS	11	plural of Iban
IBAS	11	A barangay of Tayabas, Quezon, Philippines.
IBB	11	Initialism of intentional base on balls, an intentional walk.
IBIZAN	16	Of, from or relating to the island of Ibiza, Balearic Islands, Spain.
IBMERS	16	plural of IBMer
IBNS	11	Initialism of Intelligent banknote neutralisation system.
IBOTA	11	An insect-derived lubricating powder used in polishing.
IBU	35	ibuprofen
ICAS	11	plural of ICA
ICOS	11	plural of ICO
ICZ	11	Abbreviation of indolocarbazole.
IDANT	11	One of the nuclear rods or chromosomes in a fertilized ovum, supposed to contain an aggregate of the ids, or all kinds of biophores of the organism.
IDB	11	Initialism of illicit diamond buyer.
IDEAED	16	Having a specified style or number of ideas.
IDLIKE	16	Resembling or characteristic of the psychological id.
IDR	11	Initialism of I don't remember or I don't recall.
IDRIA	11	Alternative form of Idrija.
IDUMEA	16	Alternative form of Idumaea.
IEE	11	Initialism of Institution of Electrical Engineers.
IEP	11	Initialism of isoelectric point.
IFIL	11	A Philippine and Pacific island tree (Intsia bijuga), yielding a valuable brown dye and having a very hard and durable dark wood.
IFTAR	11	The evening meal that breaks each day's fast during Ramadan, traditionally beginning with dates and water.
IGNOMY	16	Obsolete spelling of ignominy.
IHRAM	11	The state of ritual purity and dedication of a Muslim hajj pilgrim to Mecca.
IIRC	40	Initialism of if I recall/remember correctly.
IKI	11	A city in Nagasaki Prefecture, Japan.
IKMO	11	betel pepper (plant and leaves)
IKR	11	Initialism of I know, right?: indicates agreement with a previously mentioned idea, statement, viewpoint, etc.
IKRA	11	Roe of the salmon.
ILAVA	11	A town in the Trenčín Region of northwestern Slovakia, the site of the Battle of Ilava in 1431.
ILG	11	A surname.
ILIANS	16	plural of Ilian
ILLANO	16	A municipality in the Principality of Asturias Spanish autonomous community.
ILLO	11	An illustration.
ILOG	11	A municipality of Negros Occidental, Philippines.
ILU	11	Abbreviation of I love you.
IMAMIC	16	Relating to an imam.
IMANE	11	A unisex given name from Arabic.
IMAP	11	Initialism of Internet Message Access Protocol.
IMBAT	11	A type of dry north wind which blows in the eastern Mediterranean.
IMID	11	Archaic form of imide.
IMMANE	16	Very large; huge; vast.
IMMS	11	plural of Imm
IMPARK	16	To enclose or confine in, or as if in, a park.
IMPIS	11	plural of impi
IMPUNE	16	Unpunished.
INANES	16	plural of inane
INBENT	16	bent inward
INBOND	16	Of a brick or stone: laid with its length across the thickness of a wall.
INCELS	16	plural of incel
INCHER	16	An object having a dimension of so many inches.
INCUBA	16	A female incubus.
INCUSE	16	Hammered or pressed in (usually on a coin).
INDAN	11	Alternative form of indane.
INDANE	16	A bicyclic hydrocarbon consisting of a benzene ring fused to that of cyclopentane; it, and its derivatives, are found in petroleum
INDICA	16	Any of the indica subspecies of the rice, Oryza sativa, which (unlike the japonica or sinica subspecies) are non-sticky and long-grained.
INDOS	11	plural of Indo
INEUNT	16	A point of a curve.
INFITS	16	plural of infit
INFRAS	16	plural of infra
INGENU	16	An innocent, unsophisticated, naive, wholesome boy or young man.
INGREW	16	simple past of ingrow
INIAL	11	Relating to the inion.
INIAS	11	plural of inia
INLARD	16	Archaic form of enlard.
INOA	11	A surname.
INORBS	16	third-person singular simple present indicative of inorb
INP	11	Initialism of ice nucleating particle.
INSEE	11	To see into; to observe acutely.
INSPO	11	Clipping of inspiration.
INSULA	16	A block of buildings in a Roman town.
INTINE	16	The innermost wall of a spore or pollen grain
INTORT	16	To twist in and out; to twine; to wreathe, wind, or wring.
INULAS	16	plural of inula
INWIND	16	To wind inward.
INWIT	11	Inward knowledge or understanding.
INWORN	16	Worn or worked into; inwrought.
INYALA	16	Alternative form of nyala (antelope)
IODES	11	plural of iode
IODOUS	16	Of, pertaining to, or containing iodine
IPADOS	16	A mobile operating system (OS) created and developed by Apple Inc. used for its tablets.
IPILS	11	plural of ipil
IPIN	11	Alternative form of Yibin.
IQED	11	having a specified intelligence quotient (IQ).
IRAD	11	A grandson of Cain.
IRBMS	11	plural of IRBM
IRCS	11	plural of IRC
IRIDAL	16	Pertaining to a rainbow.
IRION	11	A surname.
IRLS	11	plural of IRL
IRWINS	16	plural of Irwin
ISAIAN	16	Of or relating to the Biblical Isaiah.
ISATIN	16	The indole derivative 1H-indole-2,3-dione, used in the synthesis of dyes.
ISC	11	Initialism of Internet Systems Consortium.
ISHES	11	plural of ish
ISHIM	11	A class of angels said to be the closest to the affairs of mortals.
ISLER	11	A surname.
ISLOT	11	An islet.
ISNAD	11	a Muslim tradition, specifying the chain of human reporters from the time of Muhammad that authenticates the legitimacy of a hadith (a report of sayings and acts of the prophet)
ISOTAC	16	A contour line indicating equal dates of thawing.
ITH	11	Occurring at position i in a sequence.
ITINS	11	plural of ITIN
ITONIA	16	An epithet of the goddess Athena, alluding to the town of Iton in the south of Phthiotis.
ITTS	11	plural of ITT
IUKA	11	A village in Marion County, Illinois, United States.
IUMS	11	Abbreviation of International Union of Muslim Scholars.
IUPAC	11	Acronym of International Union of Pure and Applied Chemistry, an organization that establishes official names of chemical elements and compounds.
IWIS	11	Certainly, surely, indeed.
IXIL	11	An indigenous Maya people in El Quiché Department, Guatemala.
IXTLES	16	plural of ixtle
IYNX	11	Obsolete spelling of jynx.
JAAP	11	A male given name from Dutch
JACA	11	A city in Huesca, Spain.
JADY	11	Resembling or characteristic of a jade (a horse too old to be put to work).
JAGERS	16	plural of jager
JAINA	11	Synonym of Jain (“of or pertaining to Jainism”).
JAIR	11	A male given name from Hebrew of biblical origin.
JALAPS	16	plural of jalap
JANK	11	Perceptible pause in the smooth rendering of a software application's user interface due to slow operations or poor interface design.
JARA	11	A surname from Spanish
JASEY	11	A wig, originally made of worsted wool.
JASPE	11	Alternative spelling of jaspé
JASSY	11	A diminutive of the female given name Jasmine.
JAUN	11	Synonym of litter, particularly those of the upper middle class in 18th-, 19th-, and early 20th-century Kolkata.
JCL	11	Initialism of Junior Classical League.
JEDDA	11	Alternative spelling of Jeddah.
JEE	11	Alternative spelling of gee.
JEMMA	11	A female given name from Italian, a spelling variant of Gemma; by folk etymology also used as a feminine form of James/Jem.
JENN	11	A diminutive of the female given name Jennifer.
JERID	11	Dated form of jereed.
JIBBA	11	Alternative form of jubbah.
JIMMI	11	A diminutive of the male given name James.
JINNY	11	A diminutive of the female given names (chiefly) Virginia, (sometimes) Eugenia, or (rarely) Genevieve.
JITO	11	A medieval steward of territory in Japan, especially in the Kamakura and Muromachi shogunates.
JJIGAE	16	A Korean stew, typically made with meat, seafood or vegetables in a seasoned broth and served boiling hot.
JOBING	16	present participle and gerund of jobe
JOOST	11	A male given name from Dutch.
JOTAS	11	plural of jota
JUPON	11	A close-fitting sleeveless jacket, descending below the hips, worn over armour.
JUPONS	16	plural of jupon
JURAS	11	The Jura Mountains
JUREL	11	The jack, edible fish of the genera Caranx or Trachurus.
JURELS	16	plural of jurel
JUSTUS	16	A male given name from Latin.
JUTIC	11	Of or relating to the Nordic tribe of the Jutes.
JUVIES	16	plural of juvie
KAAMA	11	The hartebeest.
KAB	11	Alternative form of cab: a former Hebrew unit of volume.
KABEL	11	A surname from German.
KABS	11	plural of kab
KAFA	11	A North Omotic language spoken in Ethiopia.
KAGO	11	An open and suspended Japanese style of sedan chair.
KAHA	11	Synonym of proboscis monkey.
KAHILI	16	A feather standard mounted on a pole, as traditionally used in Hawaii on ceremonial occasions.
KALIUM	16	potassium.
KALO	11	taro (Colocasia esculenta)
KALUA	11	A traditional Hawaiian cooking method, using an underground oven called an imu.
KAMAR	11	A member of a people of Central India.
KAMARA	16	A surname.
KAMAU	11	A surname.
KANGAR	16	The capital city of Perlis, Malaysia.
KAO	11	A community in Lesotho.
KAPHS	11	plural of kaph
KARDON	16	A surname.
KARRI	11	The tree Eucalyptus diversicolor, native to south-western Western Australia.
KASH	11	A male given name of modern usage.
KASICH	16	A surname.
KASSEM	16	A surname.
KASSIM	16	A surname.
KATARA	16	An Indian push dagger with an H-shaped handle, used predominantly ceremonially, and rarely as a weapon.
KATI	11	A rare modern spelling variant of Katie, diminutive of the female given name Katherine.
KBAR	11	Abbreviation of kilobar.
KCL	11	Initialism of King's College London.
KDD	11	Initialism of knowledge discovery in databases.
KEAGAN	16	A surname from Irish.
KEET	11	A lorikeet or parakeet.
KEISHA	16	A female given name originating as a coinage, of African American usage, possibly a variant of Kezia.
KEMPF	11	A surname from German.
KENN	11	A village and civil parish in Teignbridge district, Devon, England (OS grid ref SX9285).
KENORA	16	A small city, the seat of the Kenora District, in northern Ontario, Canada, near the border with Manitoba.
KENTE	11	A type of fabric made of interwoven cloth strips, native to Ghana.
KEOS	11	One of the Cyclades situated in front of Sunium
KEP	11	A traditional Fair Isle fisherman's cap.
KERE	11	A reading that in the traditional Jewish mode of reading the Hebrew Bible is substituted for one actually standing in the consonantal text, with the consonants of the word or phrase to be read being usually given in the margin and the vowel points being inserted in the text (if the text is vocalized).
KERO	11	Kerosene.
KERS	11	plural of ker
KEYMEN	16	plural of keyman
KEZIA	11	The second of the three daughters of Job.
KHAF	11	The eleventh letter of the Hebrew and Aramaic alphabets, kaph, especially when pronounced as a fricative (rather than as a plosive).
KHOTAN	16	Alternative form of Hotan.
KHU	11	Synonym of akh (“a spirit of the dead that has successfully completed its transition to the afterlife”)
KIELCE	16	The capital and largest city of Holy Cross Voivodeship, in central Poland.
KII	11	A former province of Japan, in the part of Honshu that is today Wakayama Prefecture.
KIMMY	11	A diminutive of the female given names Kimberley or Kimberly.
KINARA	16	A candle holder used in Kwanzaa celebrations.
KIRN	11	A surname.
KISHI	11	Alternative form of Kissi (“ancient colony”).
KITO	11	A type of blackmail on LGBT people
KIVERS	16	plural of kiver
KIYIS	11	plural of kiyi
KLONK	11	A dull, metallic or hollow sound, especially one made by two bodies coming into contact; a clunk.
KLOOFS	16	plural of kloof
KNAGS	11	plural of knag
KNEBEL	16	A surname from German.
KNISS	11	A surname.
KNODEL	16	A surname.
KNOWED	16	simple past and past participle of know
KOALI	11	Synonym of scammony (“plant”).
KOBER	11	A surname from German.
KODY	11	A male given name transferred from the surname.
KOEPKA	16	A surname
KOFF	11	A type of two-masted Dutch vessel.
KOK	11	A surname.
KOLEA	11	A Pacific golden plover (Pluvialis fulva).
KOLI	11	A member of an agriculturist caste of India, mostly found in Gujarat.
KOLLAR	16	A surname.
KOLOS	11	plural of kolo
KOLYMA	16	An area in the far north-eastern region of Russia; location of Stalinist slave labour camps in the 1930s to 1950s.
KOM	11	Initialism of King of the Mountains (in the mountains classification of a cycling road race).
KONGS	11	plural of kong
KORAH	11	A biblical character who rebelled against Moses.
KOREN	11	A surname from Hebrew.
KORT	11	Abbreviation of Knight of the Round Table.
KOTAS	11	A surname from Polish.
KRALS	11	plural of kral
KRATT	11	A surname from German [in turn originating as an occupation], meaning “basketmaker”.
KREMS	11	A city in Lower Austria, Austria.
KREWES	16	plural of krewe
KROCKS	16	plural of Krock
KRON	11	A surname.
KROO	11	Archaic form of Kru (“West African people”).
KROONI	16	plural of kroon
KSA	11	Initialism of Kingdom of Saudi Arabia.
KST	11	Initialism of Korea Standard Time.
KUCHE	11	Synonym of Kuqa: the Mandarin Chinese-derived name.
KUHNS	11	A surname from German.
KUKRI	11	A curved Nepalese knife used especially by Gurkha fighters; many variants exist, but all share recurve as a common theme.
KUPANG	16	The capital and largest city of East Nusa Tenggara, Indonesia.
KURIA	11	A Bantu language of Kenya and Tanzania.
KUT	11	A traditional Korean shamanic ritual.
KVAS	11	Alternative spelling of kvass.
KWEENS	16	plural of kween
KWONG	11	A surname.
KYACK	11	A packsack to be swung on either side of a packsaddle.
KYLO	11	A male given name.
KYNE	11	A surname from Irish.
KYNES	11	plural of Kyne
KYTE	11	Obsolete form of kite (“bird of prey”).
LABARA	16	plural of labarum
LABAS	11	plural of LABA
LABBE	11	A surname from French.
LABO	11	A barangay of Santa Cruz, Marinduque, Philippines.
LACON	11	A place name:
LADOS	11	plural of LADO
LAEVO	11	Alternative form of levo (“levorotatory”).
LAHM	11	A surname from German.
LALAGE	16	A female given name from Ancient Greek.
LAMAIC	16	Of or pertaining to lamaism.
LAMAN	11	A character in the Book of Mormon, the ancestor of the Lamanites.
LAMBY	11	Resembling or characteristic of a lamb or the meat of a lamb.
LAMECH	16	Either of two antediluvians.
LAMEDS	16	plural of lamed
LAMIAE	16	plural of lamia
LAMPAS	16	A type of luxury fabric with a background weft.
LANDE	11	Obsolete form of land.
LANGUE	16	Language as a system rather than language in use, including the formal rules, structures, and limitations of language.
LANKAN	16	Of or relating to the country and island Sri Lanka.
LANNER	16	The lanner falcon, Falco biarmicus.
LANTUM	16	A type of wind instrument played with keys or buttons.
LAPEER	16	A ghost town in Douglas County, Kansas, United States.
LARDO	11	A type of salumi made by curing strips of fatback with rosemary and other herbs and spices.
LARFS	11	third-person singular simple present indicative of larf
LARIN	11	Any of a class of twisted or hook-shaped metal objects serving as coins in areas around the Arabian Sea.
LASHIO	16	A large town in Shan State, Burma (Myanmar).
LASI	11	An Indo-Aryan language spoken in Balochistan, often considered a Sindhi dialect.
LASYA	11	A kind of Indian dance performed by women.
LATEEF	16	A male given name from Arabic.
LATERA	16	plural of latus
LATERS	16	See you later; an expression used at parting.
LATITE	16	A type of igneous, volcanic rock
LATUKA	16	Alternative form of Lotuko.
LAUTER	16	Clear.
LAWK	11	Alternative form of lawks.
LAYED	11	simple past and past participle of lay
LBT	11	Lesbian, bisexual, and/or transgender.
LBV	11	Initialism of luminous blue variable.
LCE	11	Initialism of Load-Carrying Equipment.
LCIS	11	plural of LCI
LCL	11	Initialism of lateral collateral ligament.
LDE	11	Initialism of Longman Dictionary of the English Language.
LDPS	11	plural of LDP
LEAFER	16	One who leafs.
LEAG	11	Obsolete spelling of league.
LEANA	11	A female given name.
LEANNA	16	A female given name.
LEAT	11	An artificial watercourse, canal, or aqueduct, but especially a millrace.
LEBU	11	A coastal city and commune in Arauco province, Biobío region, Chile.
LECTS	11	plural of lect
LEDRU	11	A surname from French.
LEEN	11	A surname.
LEERIE	16	a lamplighter
LEETS	11	plural of leet
LEGLET	16	A decorative band worn on the leg.
LEH	11	A city, the co-capital of Ladakh, India.
LEHANE	16	A surname from Irish.
LEIN	11	Initialism of Law Enforcement Information Network.
LELE	11	A Bantu language of the Bushoong group.
LEMARS	16	plural of Lemar
LEMMO	11	A surname from Italian.
LENDED	16	simple past and past participle of lend
LENVOY	16	An envoi.
LEOLA	11	A small city in Grant County, Arkansas, United States.
LEPAYS	16	third-person singular simple present indicative of lepay
LEPO	11	Initialism of Low Exercise Price Option.
LEPORE	16	A surname from Italian.
LERMA	11	A surname from Spanish.
LERP	11	A sweet secretion, produced by the larvae of the family Psyllidae, that forms scales on eucalyptus leaves.
LERPS	11	plural of lerp
LETTIC	16	Of or pertaining to the Latvian people or the Latvian language.
LETTY	11	A diminutive of the female given name Letitia.
LEUD	11	A Frankish vassal or tenant in the Early Middle Ages.
LEUDES	16	plural of leud
LEVIR	11	A husband's brother.
LEXIA	11	Alternative form of lexie (unit of reading)
LEXIC	11	Synonym of lexical.
LEXICA	16	plural of lexicon
LFB	11	Initialism of London fire brigade.
LFC	11	Initialism of Licensed Foster Care.
LHA	11	A particular data compression format.
LHBS	11	plural of LHB
LHC	11	Initialism of light-harvesting complex.
LHR	11	The station code of Lahore Junction railway station in Pakistan.
LIARDS	16	plural of liard
LIBRAN	16	Of, or pertaining to, the Libra star sign.
LICATA	16	A surname from Italian.
LIDICE	16	A municipality and village in Kladno district, Central Bohemian Region, Czech Republic.
LIEB	11	A surname.
LIEG	11	A municipality of Rhineland-Palatinate, Germany.
LIEGER	16	Alternative spelling of leger (“resident ambassador”)
LIENIC	16	Of or pertaining to the spleen.
LIESE	11	A surname from German.
LIEVE	11	Alternative form of lief.
LIKKER	16	Eye dialect spelling of liquor.
LILAH	11	A female given name from Hebrew.
LIMEAN	16	Alternative form of Liman (“from or relating to Lima in Peru”).
LIMMA	11	Any of several small musical intervals, such as the semitone. Most commonly referrs to the diatonic semitone or minor second, which has a ratio of approximately 16/15 or 27/25 in meantone temperaments or 256/243 in Pythagorean tuning.
LIMU	11	Any of various kinds of edible algae, which form an important part of the traditional Hawaiian diet.
LINCE	11	A surname.
LINGE	11	To work hard.
LIROT	11	plural of lira
LIROTH	16	plural of lira
LISIS	11	plural of Lisi
LITRA	11	A silver coin in ancient Sicily, worth one fifth of a drachm.
LIVIE	11	A surname.
LLPS	11	plural of LLP
LMK	11	Alternative letter-case form of LMK (“let me know”).
LMU	11	Initialism of Loyola Marymount University.
LOADA	11	Contraction of load + of.
LOAS	11	plural of loa
LOBAL	11	Of or relating to a lobe.
LOBOLA	16	The bride price among certain Bantu peoples of South Africa.
LOCHTE	16	A surname.
LOCN	11	Abbreviation of location.
LOCRIS	16	An ancient region of Greece, the homeland of the Locrians, made up of three distinct districts.
LODHA	11	A member of a tribal group of India, inhabiting primarily West Bengal and Odisha.
LODUR	11	A god assigned a role in animating the first humans.
LOEWES	16	plural of Loewe
LOGRES	16	King Arthur's realm in the Matter of Britain.
LOIRS	11	plural of loir
LOKAO	11	A green vegetable dye from China, obtained from one or more species in the genus Rhamnus- probably Rhamnus globosa (syn. Rhamnus chlorophora), but Rhamnus utilis, as well as a mixture of Rhamnus davurica (or "Rhamnus dahurica") and Rhamnus globosa (as Rhamnus tinctoria) have also been given as the true source.
LOKE	11	The wicket or hatch of a door.
LONEY	11	A surname.
LOOMER	16	A surname.
LOPERA	16	A surname.
LORS	11	plural of Lor
LORTAB	16	A brand name for an analgesic combination drug containing hydrocodone and paracetamol, often used for recreational purposes.
LOSAR	11	A New Year festival in Tibet.
LOSH	11	Expressing surprise, wonder etc.
LOTAHS	16	plural of lotah
LOTE	11	Initialism of language(s) other than English.
LOTO	11	Initialism of Lockout-tagout, a safety procedure to ensure that dangerous machines are properly shut off and not started up again prior to the completion of maintenance or servicing work.
LOTTES	16	plural of lotte
LOVAT	11	A dusty blue-green colour.
LOVETH	16	third-person singular simple present indicative of love
LOYALS	16	plural of Loyal
LSA	11	Initialism of lysergic acid amide.
LSE	11	Initialism of London School of Economics.
LSO	11	Initialism of landing signal officer.
LUANNE	16	A female given name originating as a coinage, variant of Louanne.
LUCINE	16	Any member of the Lucinoma genus of clams.
LUH	11	Pronunciation spelling of love, representing African-American Vernacular English
LUKAN	11	Relating to Luke the Evangelist or to Luke–Acts.
LULE	11	A surname.
LUMINE	16	To illuminate.
LUMPIA	16	A kind of spring roll.
LUNDE	11	A surname from Norwegian.
LUNEL	11	A type of sweet muscat wine.
LUNGIS	16	plural of lungi
LUNY	11	Archaic form of loony.
LUPES	11	plural of lupe
LUR	11	A long natural blowing horn without finger holes, played by embouchure.
LUSHAI	16	Synonym of Mizo.
LUSHY	11	Given to drinking alcohol.
LUTOSE	16	Covered with clay or dirt, or appearing to be so; miry.
LWENA	11	Alternative form of Luena (“Angolan city”).
LWM	11	Initialism of low-water mark.
LYRED	11	simple past and past participle of lyre
MAAING	16	present participle and gerund of maa
MAARIB	16	Alternative form of Maariv.
MABLE	11	A female given name from Latin, variant of Mabel.
MACCA	11	A diminutive of any surname beginning with Mac or Mc.
MACCAS	16	Alternative spelling of Macca's (“McDonald's”).
MACONS	16	plural of Macon
MACTAN	16	A barangay of Lapu-Lapu City, Cebu, Philippines.
MACU	11	Alternative form of Maku (“Amazon peoples”).
MADER	11	A surname.
MADLAD	16	Someone (either male or of unspecified gender) who does something particularly impressive and audacious.
MADO	11	Any fish in the genus Atypichthys, in Australia mostly Atypichthys strigatus and in New Zealand Atypichthys latus.
MAFIC	11	Describing rocks, such as silicate minerals, magmas, and volcanic and intrusive igneous rocks, which contain relatively high concentrations of magnesium and iron.
MAGAS	11	plural of maga.
MAGILL	16	A surname.
MAGNES	16	Obsolete form of magnet.
MAGOR	11	A large village in Magor with Undy community, Monmouthshire, Wales (OS grid ref ST4287).
MAGOTS	16	plural of magot
MAHALA	16	A neighborhood or residential area in Balkan countries.
MAHAR	11	A member of an Indian community found largely within Maharashtra and historically identified as untouchables.
MAHE	11	Alternative form of Mahé.
MAHONY	16	A surname.
MAHUAS	16	plural of mahua
MAHWAH	16	A township in Bergen County, New Jersey, United States.
MAIDA	11	A finely milled, refined and bleached wheat flour, used in making Indian foods such as samosa, chakli and bhatoora.
MAILES	16	plural of maile
MAIME	11	Obsolete spelling of maim.
MAIPO	11	A province in Santiago metropolitan region, Chile.
MAIR	11	more
MAISEL	16	A surname.
MAIZ	11	Obsolete spelling of maize.
MAJLIS	16	Alternative form of majlis.
MALAE	11	plural of mala
MALAN	11	A town in Yanling, Xuchang, Henan, China.
MALANG	16	A city in East Java, Indonesia.
MALATE	16	Any salt or ester of malic acid.
MALGRE	16	Alternative spelling of maugre.
MAMOS	11	plural of mamo
MAND	11	A verbal operant in which the response is reinforced by a characteristic consequence and is therefore under the functional control of relevant conditions of deprivation or aversive stimulation.
MANISA	16	A province and metropolitan municipality in western Turkey.
MANK	11	To mutilate.
MANNAR	16	A city in Sri Lanka.
MANSIS	16	plural of Mansi
MANSO	11	A surname.
MANTHE	16	A surname from German.
MANTOS	16	plural of manto
MANWAY	16	A hole or duct giving access to a utility area for maintenance purposes.
MAOMAO	16	A number of different fish of the Pacific Ocean
MAON	11	A general term for any hypothetical particle of which a quark or lepton is consisted; a preon.
MAPAU	11	Any of several trees of New Zealand, especially in the genus Myrsine.
MAPO	30	Ellipsis of mapo doufu.
MARANA	16	A town in Pima County and Pinal County, Arizona, United States.
MARATS	16	plural of Marat
MAREN	11	A female given name from Danish.
MARITA	16	A female given name from Ancient Greek occasionally used in English.
MARKOS	16	plural of Marko
MARLOW	16	A common placename:
MARMON	16	A surname.
MAROR	11	A bitter vegetable, such as horseradish or Romaine lettuce, eaten at the Passover seder as a reminder of the bitterness of slavery in Egypt.
MARTH	11	A surname.
MARTIE	16	A female given name.
MARYA	11	A surname.
MASAN	11	An administrative region of Changwon, South Gyeongsang Province, South Korea.
MASSER	16	A priest who celebrates Mass
MASTA	11	Pronunciation spelling of master, representing African-American Vernacular English.
MASU	11	A plant, Hedysarum alpinum, whose edible root is consumed by the Inuit of Alaska.
MATARA	16	A barangay of Libon, Albay, Philippines.
MATCHA	16	A type of powdered green tea, traditionally used in Japanese tea ceremonies.
MATERA	16	A province of Basilicata, Italy.
MATIE	11	A fat herring with undeveloped roe.
MATRA	11	In Indian music, the smallest rhythmic unit of a tala.
MATSUS	16	plural of Matsu
MAUGRE	16	In spite of, notwithstanding.
MAUN	11	To have to; must.
MAWED	11	Having a maw (of a specified kind).
MAYES	11	A surname.
MAZIN	11	A male given name from Arabic.
MBL	11	Initialism of mannose-binding lectin.
MCCOBB	16	A surname.
MDM	11	Initialism of master data management.
MEACH	11	To skulk; to cower.
MEALED	16	simple past and past participle of meal
MEANED	16	Having a specific type of (mathematical) mean.
MEAOW	11	Archaic form of meow.
MEATED	16	Fed; fattened.
MECS	11	plural of MEC
MEEMAW	16	Synonym of mamaw (“grandmother”).
MEEP	11	imitating a small animal's cry, particularly a kitten or small bird
MEERS	11	plural of meer
MEGARA	16	A city west of Athens in Attica, Greece.
MEHARI	16	A type of fast-running dromedary camel, which can be used for racing or transport.
MEHDI	11	A male given name from Persian.
MEKE	11	A traditional dance of Fiji.
MELADA	16	Alternative form of melado.
MELAS	11	Synonym of leprosy, particularly contagious forms causing dark spots on the skin.
MELIAN	16	Of or relating to the Greek island of Milos.
MELINE	16	Having the qualities of or relating to a badger.
MELTY	11	Having a high tendency to melt.
MENADS	16	plural of menad
MENATS	16	plural of menat.
MENSAS	16	plural of mensa
MEOS	11	plural of Meo
MEROS	11	the proximal segment of the hind limb; the thigh
MERY	11	Obsolete form of merry.
MESIAD	16	Toward, or on the side toward, the mesial plane.
METHER	16	Four in the old counting system of Northern England.
METHO	11	Methylated spirits.
MEUM	11	spignel, Meum athamanticum
MEWERS	16	plural of mewer
MEZES	11	plural of meze
MFB	11	Initialism of medial forebrain bundle.
MFH	11	Initialism of master of fox-hunting.
MFI	11	Initialism of multiport fuel injection.
MFN	11	Initialism of most favored nation.
MIAN	11	A language spoken in Sandaun Province, Papua New Guinea.
MIAU	11	Alternative spelling of meow.
MICOS	11	plural of mico
MIDARM	16	The middle (lengthwise) of the upper (proximal) part of the arm.
MIKI	11	A unisex given name.
MIKMAQ	16	a member of the Algonquian people inhabiting the Maritime Provinces of Canada
MIKVA	11	Alternative form of mikveh.
MILAM	11	A surname.
MILIT	11	Abbreviation of military.
MILLAR	16	A surname originating as an occupation, a variant of Miller.
MILLY	11	A diminutive of the female given names Mildred, Millicent, Emily, or Camilla, also used as a formal given name.
MILOT	11	A town in northwestern Albania, located just south of the left bank of the river Mat near the Zogu Bridge below the western slope of the Mali e Sukës; it is the seat of its eponymous municipal unit.
MIMA	11	A city in Tokushima Prefecture, Japan.
MINARI	16	Oenanthe javanica
MINO	11	A traditional Japanese raincoat made from straw.
MINTZ	11	A surname.
MINY	11	Of or resembling a mine.
MIRENA	16	Alternative letter-case form of Mirena.
MIREY	11	Alternative form of miry.
MISGO	11	To go wrong, make a mistake, go astray, become lost, miscarry.
MISR	11	An Arab frontier outpost or garrison town, chiefly in the period of early Islamic expansion.
MISRUN	16	A casting that does not completely fill the mold, leaving unfilled spaces.
MISSEL	16	A missel thrush.
MISSET	16	To set, adjust or calibrate incorrectly.
MISTAH	16	Pronunciation spelling of mister.
MISTLE	16	mistletoe
MIURA	11	A surname from Japanese.
MIXE	11	An indigenous people of Oaxaca in Mexico.
MLD	11	Initialism of metachromatic leukodystrophy.
MLEM	11	Abbreviation of maximum likelihood expected-maximization (algorithm).
MLM	11	Initialism of multi-level marketing.
MNA	11	Member of the National Assembly
MNT	11	Abbreviation of maleonitriledithiolate.
MOAR	11	Deliberate misspelling of more.
MODELL	16	Obsolete form of model.
MODIST	16	A follower of fashion.
MODY	11	trendy; fashionable
MOGWAI	16	A kind of demon held to be harmful to humans.
MOHAR	11	The currency of the Kingdom of Nepal and adjoining parts of Videha from the late 17th century until 1932, subdivided into dams.
MOHOS	11	plural of moho
MOIO	11	A traditional Portuguese dry measure, equal to about 0.78–1.15 m³ at different places and times.
MOIR	11	A surname.
MOISHE	16	A male given name from Yiddish.
MOISTS	16	third-person singular simple present indicative of moist
MOJI	11	Clipping of emoji.
MOKI	11	Alternative form of Moqui.
MOKPO	11	A city in South Jeolla Province, South Korea.
MOLEY	11	Pertaining to, full of, or characteristic of moles (burrowing insectivores).
MOLIDS	16	plural of molid
MOMME	11	A unit of weight (3.75 grams) used for pearls, paper, and silk.
MONALS	16	plural of monal
MONON	11	A township and town therein, in White County, Indiana, United States.
MONTER	16	A surname.
MOOB	11	A plump or untoned breast on a man.
MOPAN	11	A Mayan language spoken in Belize and Guatemala.
MORAGA	16	A town in Contra Costa County, California, United States, known as a college town.
MORANE	16	The uninhabited, southernmost atoll of the Tuamotu archipelago, French Polynesia.
MORAT	11	An ancient drink resembling mead, made with mulberries.
MOTOS	11	Acronym of member of the opposite sex.
MOULE	11	A surname.
MOULES	16	A surname, a variant of Moule.
MOXA	11	A woolly material obtained from the dried leaves of an Asian species of mugwort, such as Artemisia argyi, as used in moxibustion.
MOYEN	11	Intercession; intervention.
MOYLAN	16	A surname from Irish.
MPA	11	Initialism of Motion Picture Association.
MPD	11	Initialism of Manila Police District.
MRF	11	Initialism of materials recovery facility (or materials reclamation facility, materials recycling facility, multi-reuse facility): a waste recycling plant.
MRNG	11	Abbreviation of morning.
MRPS	11	plural of MRP
MRSA	11	Initialism of methicillin-resistant Staphylococcus aureus; a bacterium responsible for serious infections.
MRU	11	The station code of Matunga Road railway station in India.
MSAS	11	plural of MSA
MSP	11	Initialism of Message Send Protocol.
MSR	11	Initialism of molten salt reactor.
MSTH	11	Abbreviation of mesothorium.
MTC	11	Abbreviation of Coordinated Mars Time.
MTD	11	Initialism of maximum tolerated dose.
MTH	11	Abbreviation of month.
MTL	11	Abbreviation of Montreal.
MUA	11	Initialism of make-up artist.
MUCHES	16	plural of Much
MUDPOT	16	A type of acidic hot spring, or fumarole, with a limited amount of water.
MUJIKS	16	plural of mujik
MULATO	16	a chili pepper (Capsicum annuum), related to the poblano and usually sold dried.
MUNDO	11	A surname.
MUNDTS	16	plural of Mundt
MUP	11	Initialism of minimum unit pricing.
MURAD	11	Alternative form of Murat.
MURAS	11	plural of Mura
MURED	11	simple past and past participle of mure
MURID	11	Of or belonging to the family Muridae.
MURIDS	16	plural of murid
MUTA	11	Alternative form of mootah (“marijuana”).
MVT	11	Initialism of mean value theorem.
MYRT	11	A diminutive of the female given name Myrtle.
NAAS	11	A town in County Kildare, in eastern Ireland.
NABAL	11	a long, straight, valveless brass trumpet used in the traditional music of Korea
NABK	11	Either of two thorny shrublike trees, of the genus Ziziphus, from North Africa and the Middle East; Ziziphus spina-christi is supposed to be the plant from which Christ's crown of thorns was made.
NABOR	11	A surname from Spanish.
NACHAS	16	Alternative form of naches.
NAGOR	11	The bohor reedbuck, Redunca redunca.
NAHAL	11	Synonym of wadi.
NAHANT	16	A town on a peninsula in Essex County, Massachusetts, United States.
NAHOOR	16	Alternative form of nayaur.
NAIB	11	A deputy.
NAIN	11	A grandmother.
NAIT	11	To refuse; deny; disclaim.
NAK	11	A negative ACK; a response indicating that a message was not fully received, or that there was a problem with the message.
NAKER	11	A small drum, of Arabic origin, and the forebear of the European kettledrum.
NAKS	11	plural of nak
NALLA	11	Alternative form of nullah.
NAMBE	11	Alternative spelling of Nambé.
NANDI	11	A bull used as a mount by the god Shiva, or a representation of this bull.
NANGA	11	A simple wooden harp or zither used in central and eastern Africa.
NANGAS	16	plural of nanga
NANOID	16	Dwarf-like; dwarfish; a pygmy.
NAOMIE	16	A female given name from Hebrew.
NAPER	11	A surname.
NAPOO	11	Finished, dead, no more, gone; non-existent.
NAPUS	11	plural of napu
NARAKA	16	The underworld or Hell according to Hinduism, Sikhism, Jainism and Buddhism, where souls are sent for the expiation of their sins.
NARDI	11	A surname from Italian.
NARDOS	16	plural of Nardo
NARO	11	A surname from Italian.
NARON	11	A surname.
NARP	11	A shirt.
NARVA	11	A city and municipality of Estonia.
NARVIK	16	A town and municipality in Ofoten district, Nordland, Norway.
NASHIM	16	The third order of the Mishnah (also of the Tosefta and Talmud), containing family law.
NASROL	16	sodium symphorol
NATTO	11	A traditional Japanese food product made from fermented soybeans.
NAUR	11	Pronunciation spelling of no, representing Australian English.
NAUSET	16	A member of a Native American tribe who lived in Cape Cod, Massachusetts, east of Bass River and lands occupied by the Wampanoag.
NAVIS	11	A surname from Dutch.
NAYAUR	16	The bharal or blue sheep, Pseudois nayaur.
NAZGUL	16	An evil force which heedlessly destroys everything in its path, and appears like a horseman dressed all in black.
NAZIR	11	The custodian of a waqf, or Islamic endowment.
NCCS	11	plural of NCC
NEAGH	11	Lough Neagh
NEANIC	16	Relating to youth or the early stages.
NECS	11	plural of NEC
NEERA	11	A sweet sap extracted from the inflorescence of various species of toddy palm and widely consumed in India and other Asian countries, sometimes fermented to produce toddy.
NEETS	11	plural of NEET
NEGRITO	30	Either of two species of bird in the genus Lessonia.
NEIGER	16	A surname from German.
NELMA	11	inconnu, sheefish (Stenodus nelma)
NELMAS	16	plural of nelma
NELSE	11	A locality in the Shire of East Gippsland, eastern Victoria, Australia.
NEMES	11	A headcloth worn by pharaohs.
NEMURO	16	A city and subprefecture of Hokkaido Prefecture, Japan.
NERAL	11	citral
NERINE	16	Any of various plants of the genus Nerine, native to South Africa, used ornamentally, and toxic to many mammals.
NERONI	16	A surname.
NERVAL	16	Of or relating to nerves.
NESH	11	Soft; tender; sensitive; yielding.
NESO	11	A moon of Neptune.
NESTIN	16	A type VI intermediate filament (IF) protein, expressed mostly in nerve cells where it is implicated in the radial growth of the axon.
NETA	11	A politician.
NETE	11	In Ancient Greek musical theory, the highest-pitched fixed note in the farther tetrachord on a lyre, always pitched a perfect fourth above the paramese, with two movable notes between them, the trite (lower in pitch) and the paranete (higher in pitch). The paramese was higher-pitched than the mese (the highest-pitched fixed note in the nearer tetrachord on a lyre) by a ratio of 9:8.
NETTOP	16	A small, inexpensive, low-power desktop computer.
NEVEL	11	Alternative form of nebel
NEWIES	16	plural of newie
NGAI	11	Any of three Chinese surnames of Cantonese origin, used primarily in Hong Kong.
NGAIOS	16	plural of ngaio
NGAN	11	A surname from Cantonese.
NGEN	11	An East Santo language spoken on Espiritu Santo in Vanuatu.
NICEA	11	Alternative form of Nicaea (“Iznik”).
NICKIE	16	A female given name.
NICKO	11	A diminutive of the male given name Nicholas.
NIDIFY	16	To make a nest.
NIDS	11	Abbreviation of network intrusion detection system.
NIEDER	16	A surname from German.
NIGRE	11	In soapmaking, the lower layer of liquid produced by pitching, which contains most of the impurities.
NIGS	11	plural of nig
NII	11	A Soviet scientific research institute.
NILGAU	16	Alternative form of nilgai.
NILOTS	16	plural of Nilot
NILUS	11	Obsolete form of Nile.
NINH	11	A surname from Vietnamese.
NINPO	11	ninjutsu
NINUS	11	the eponymous founder of the Babylonian city Nineveh
NIOBES	16	plural of Niobe
NIOBIC	16	Relating to niobium.
NIPPERKIN	30	A small cup or other vessel, of perhaps 1/8 pint in volume.
NIPSY	11	Synonym of trap ball.
NIQABS	16	plural of niqab
NITH	11	A river in south-west Scotland, mainly in Dumfries and Galloway council area; in full, the River Nith.
NITTA	11	A tropical tree of the genus Parkia, having edible pods and seeds, especially Parkia filicoidea or Parkia biglobosa.
NITTER	16	A louse that deposits nits on horses.
NIU	11	A tall pole with yardarms from which hung ropes, circled by worshippers in the Pai Mārire religious movement.
NIXERS	16	plural of nixer
NKS	11	plural of NK
NKY	11	Abbreviation of Northern Kentucky.
NLT	11	Initialism of New Living Translation.
NOAC	11	Initialism of novel oral anticoagulant.
NOCAKE	16	Indian corn parched and pounded into meal (powder), used as food by Native Americans, sometimes mixed with maple sugar.
NOCE	11	A surname from Italian.
NOEMA	11	The perceived as perceived
NOGOER	16	Alternative form of no-goer.
NOIDS	11	plural of NOID
NOING	11	present participle and gerund of no
NOLET	11	A surname from French.
NOMIAL	16	A name or term.
NOMMED	16	simple past and past participle of nom
NONGAY	16	Not gay (homosexual)
NONIC	11	Describing a polynomial that has 9 as the highest exponent of its terms.
NONMAN	16	One who is not a man.
NONNAT	16	The whitebait of certain Mediterranean fish.
NONNIE	16	Alternative form of nonny.
NONOIL	16	Not of or pertaining to oil.
NONOP	11	Alternative form of non-op.
NOONED	16	simple past and past participle of noon
NOOS	11	Alternative form of nous.
NOOSA	11	A local government area in the Sunshine Coast region, Queensland, Australia; in full, the Shire of Noosa.
NOPING	16	present participle and gerund of nope
NORCAL	16	The northern half of the state of California, generally split from Socal by the Tehachapi mountain range.
NORDEN	16	Various places, including:
NORIC	11	Of or relating to the ancient region of Noricum.
NORO	11	A male given name from Japanese.
NOROSE	16	Alternative form of Nowruz.
NORROY	16	The most northern of the English kings-of-arms, whose jurisdiction lay north of the Trent. Since 1943, the jurisdiction is Norroy and Ulster.
NORTES	16	plural of Norte
NOSIES	16	plural of nosie
NOTT	11	Bald.
NOVELA	16	A Latin American soap opera.
NOVENE	16	Relating to, or dependent on, the number nine; novenary.
NOWISH	16	About now; almost immediately.
NOXA	11	Anything that exerts a harmful influence, such as trauma, poison, etc.
NOXAE	11	plural of noxa
NOYL	11	Archaic form of noil.
NPE	11	Initialism of null pointer exception.
NPT	11	Initialism of national pipe thread.
NPU	11	Initialism of neural processing unit.
NRAB	11	National Railway Adjustment Board.
NRM	11	Initialism of new religious movement.
NRML	11	Abbreviation of normal.
NRTS	11	plural of NRT
NSE	11	Initialism of native speakers' English.
NSL	11	Initialism of national speed limit.
NSOS	11	plural of NSO
NSTD	11	Abbreviation of nonstandard.
NTA	11	Initialism of National Tax Agency (of Japan), the Japanese government agency that collects taxes and enforces tax law.
NUBI	11	A gewog of Trongsa District, Bhutan.
NUBUCK	16	A type of brushed, soft calf leather, similar to suede. Differs from suede in that while suede is created from the flesh (inner) side of a hide, nubuck is created using the grain (outer) side, giving it added strength and durability.
NUCHAE	16	plural of nucha
NUCI	11	A village in Vasilați, Călărași County, Romania.
NUCULE	16	A section of a compound fruit; a nutlet; a small nut.
NUK	11	The sound of a pacifier being suckled on.
NULLER	16	An optical device that uses destructive interference to cancel out a strong light source, such as a star.
NUNDA	11	A number of places in the United States:
NUPE	11	An ethnic group native to the Middle Belt of Nigeria.
NURLS	11	plural of nurl
NURMES	16	A town and municipality of North Karelia, Finland.
NUTANT	16	nodding, drooping
NVH	11	Initialism of noise, vibration, and harshness.
NWG	11	Initialism of Northumbrian Water Group.
NYLUND	16	A surname from Swedish.
NYSC	11	Initialism of National Youth Service Corps.
OASEAN	16	Of or relating to an oasis.
OASI	11	Initialism of old age and survivors insurance.
OBANDO	16	A municipality of Bulacan, Philippines.
OBANGS	16	plural of obang
OBB	11	Abbreviation of obbligato.
OBDT	11	Abbreviation of obedient, at one time used in correspondence.
OBEX	11	A small, crescentic fold of white matter that covers the inferior angle of the floor of the fourth ventricle.
OBOLO	11	An old copper coin of the Ionian Islands.
OBOLOS	16	Alternative form of obolus.
OBT	11	Initialism of orange baboon tarantula.
OBTS	11	plural of OBT
OBVS	11	Clipping of obviously.
OCHREA	16	Alternative form of ocrea.
OCOTE	11	Any of various pine trees of Latin America.
OCRACY	16	Any of various forms of government or rule as designated by words ending in -ocracy.
OCRAS	11	plural of ocra
OCRE	11	Obsolete spelling of okra.
OCRES	11	plural of ocre
OCTALS	16	plural of octal
OCTIC	11	Of the eighth degree or order.
ODELETS	40	plural of odelet
ODOMS	11	plural of Odom
ODUM	11	Synonym of mvule ("a tree of species Milicia excelsa")
OELLA	11	An old mill town and historic district in Baltimore County, Maryland, United States.
OFFLET	16	A pipe to drain or let off water.
OGAMS	11	plural of ogam
OGAWA	11	A surname from Japanese.
OGHAMS	16	plural of ogham
OGLIO	11	Archaic form of olio.
OHANA	11	An extended Hawaiian family unit.
OHASHI	16	A surname from Japanese.
OHD	11	Initialism of Old High Dutch.
OHEL	11	A structure erected over the grave of a great and righteous person.
OHELO	11	A small red or yellow berry growing on the shrub Vaccinium reticulatum of volcanic parts of the Hawaiian islands of Hawaii and Maui, or the shrub itself.
OHG	11	Initialism of Old High German.
OHIA	11	Either of two flowering trees of the myrtle family, especially
OHING	11	present participle and gerund of oh
OHRID	11	A city in southwestern North Macedonia.
OICH	11	A short river in the Great Glen, between Loch Oich and Loch Ness, Highland council area, Scotland.
OICS	11	plural of OIC
OILERY	16	The business of producing oil from plants or animals.
OILLET	16	A round hole or circle with which an opening for an arrowslit terminates.
OISIN	11	A male given name from Irish, variant of Ossian.
OKADA	11	A surname from Japanese.
OKRENT	16	A surname from Polish.
OKRO	11	Alternative form of okra.
OLAVII	16	King and patron saint of Norway (995-1030)
OLENEK	16	Alternative form of Olenyok.
OLI	11	A diminutive of the male given name Oliver.
OLIVAS	16	A surname from Spanish.
OLLAV	11	Alternative form of ollamh.
OLLAVE	16	Alternative spelling of ollamh.
OLLER	11	A surname.
OLMEDA	16	A surname from Spanish.
OLMS	11	plural of olm
OLO	11	A highly saturated impossible color shade of blue-green produced by directly stimulating the "m" ("green") cone cells, approximating the below
OLONA	11	The flowering plant Touchardia latifolia, endemic to Hawaii.
OLP	11	Initialism of ordinary language philosophy.
OMAK	11	The commercial center and largest city of Okanogan County, Washington.
OMARI	11	A male given name from Arabic.
OMDEH	11	Obsolete form of omda.
OMEO	11	A town in the Shire of East Gippsland, eastern Victoria, Australia.
OMID	11	A transliteration of the Persian male given name امید (omid).
OMPA	11	Abbreviation of octamethylpyrophosphoramide.
OMT	11	Initialism of O-MethylTransferase.
ONAGA	11	Longtail snapper (Etelis coruscans), a species of ray-finned fish.
ONBALL	16	In the midfield positions.
ONCA	11	Initialism of Ontario Court of Appeal.
ONEBAG	16	To travel with only one bag, especially a carry-on bag
ONGE	11	One of the Andamanese indigenous peoples of the Andaman Islands.
ONIUM	11	Any cation derived by the addition of a proton to the hydride of any element of the nitrogen, chalcogen or halogen families.
ONJ	11	Abbreviation of osteonecrosis of the jaw.
ONKOS	11	A high ornate headdress worn by the performers of Greek tragedy.
ONN	11	A surname.
ONSEN	11	A (Japanese) hot spring.
ONST	11	once
ONYA	11	good on you
ONZA	11	A traditional Spanish unit of mass, equivalent to about 28.76 g.
OOD	11	Initialism of object-oriented design.
OOK	11	Used to represent the sound of the cry of an ape or monkey.
OOMS	11	plural of oom
OONTS	11	plural of oont
OORIAL	16	Alternative form of urial.
OPAS	11	plural of opa
OPATA	11	An indigenous people of northern Sonora.
OPHIC	11	Relating to snakes.
OPHISM	16	The doctrines and rites of the Ophites.
OPHITE	16	Any of various rocks having snake-like markings, such as a mottled greenish porphyry.
OPIS	11	plural of OPI
OPM	11	Initialism of Office of Personnel Management.
OPN	11	Initialism of omnipause neuron.
OPPY	11	Optimist (dinghy)
OPTANT	16	A person who lives in a region undergoing a change of sovereignty and thus may choose between retaining their old citizenship or opting for the citizenship of the new sovereignty.
OPTERS	16	plural of opter
ORAON	11	Synonym of Kurukh.
ORBY	11	having characteristics of an orb
ORCIN	11	The organic compound 3,5-dihydroxytoluene, found in many lichens and synthesizable from toluene.
ORDA	11	A political and military organizational structure used by Turkic and Mongol peoples, sometimes referred to as a horde.
OREXIS	16	The affective and conative character of mental activity as contrasted with its cognitive aspect; the appetitive aspect of an act; desire, appetite.
ORFORD	16	A number of places:
ORGAL	11	Obsolete form of argol.
ORGIA	11	plural of orgion
ORIGAN	16	Alternative form of oregano (“wild marjoram, Origanum vulgare”).
ORIOL	11	A surname.
ORTOL	11	A particular chemical used as a photographic developer.
OSD	11	Initialism of Office of the Secretary of Defense.
OSHIMA	16	A surname from Japanese.
OSIERY	16	A willow plantation.
OSM	11	awesome; like OK, can be used to express enthusiastic approval.
OSMATE	16	Any salt of osmic acid.
OSMICS	16	The scientific study of smells.
OSONE	11	any 1,2-ketoaldose, especially one derived by hydrolysis of an osazone
OSSOFF	16	A surname.
OSTIAN	16	Of the ancient Italian town of Ostia.
OSTRO	11	A southerly Mediterranean wind.
OTAKI	11	A town in Kapiti Coast district, Wellington region, New Zealand.
OTHIN	11	Archaic form of Odin.
OTIRA	11	A small settlement on the West Coast, South Island, New Zealand, on the Otira River and near the Otira Tunnel.
OTON	11	A municipality of Iloilo, Philippines.
OTTA	11	Flour.
OTW	11	Initialism of on the way.
OUDE	11	Dated form of Awadh.
OUL	11	Alternative form of ould.
OUPHES	16	plural of ouphe
OUPHS	11	plural of ouph
OURARI	16	curare
OUREBI	16	Alternative form of oribi (“type of antelope”) (Ourebia ourebi)
OURIE	11	Chill; having the sensation of cold; drooping; shivering.
OUSIA	11	The essential nature or ‘substance’ of God, often as contrasted to the ‘energies’ (external actions and influences) through which he is manifest.
OUTSKI	16	To ski better than; to surpass in skiing.
OUTTOP	16	Alternative form of out-top.
OUVRE	11	Misspelling of oeuvre.
OVEST	11	The mast and acorns of the oak; the turn-out.
OVULA	11	plural of ovulum
OWINGS	16	That which is owed; debt.
OWLER	11	The alder tree.
OWO	11	Initialism of oral without: in prostitution, signifies performing oral sex without using a condom.
OXENS	11	plural of ox
OXERS	11	plural of oxer
OXID	11	Obsolete form of oxide.
OXSKIN	16	The hide of an ox.
OXYL	11	A compound or radical bound to an oxygen by a single bond
OYLET	11	Alternative spelling of oillet.
OZONER	16	A drive-in movie theater.
PAAN	11	A psychoactive preparation of betel leaf combined with areca nut and/or cured tobacco, chewed recreationally in Asia; such a preparation served wrapped in the leaf.
PACAY	11	A Peruvian leguminous tree, Inga feuilleei, cultivated for its large white edible pods.
PACHAS	16	plural of pacha
PACI	11	Clipping of pacifier.
PADAS	11	plural of pada
PAGNE	11	A length of wax-print fabric made in West Africa, worn as a single wrap or made into other clothing, and serving as a form of currency.
PAHAS	11	plural of paha
PALAK	11	Spinach or similar greens (including Amaranthus species and Chenopodium album).
PALEAE	16	plural of palea
PALINS	16	plural of Palin
PALLA	11	A traditional Tuscan ball game played in the street.
PALLIA	16	plural of pallium
PALOLO	16	palolo worm
PALTA	11	An extinct language of the Ecuadorian Amazon.
PAMIRI	16	Of or relating to Pamir.
PANEER	16	A soft, non-matured, Indian cheese.
PANINO	16	A type of grilled sandwich made of a small loaf of bread, cut horizontally, filled with meat such as salami or ham, cheese or other food.
PANUNG	16	A traditional Thai garment, a long strip of cloth wrapped around the waist, reaching below the knees, and sometimes passed between the legs and tucked at the back.
PARADO	16	A barangay of Dingras, Ilocos Norte, Philippines.
PARAMO	16	A treeless grassland ecosystem covering extensive high areas of equatorial mountains, especially in South America.
PARAN	11	A latitude where, at some longitude at a given moment in time, two celestial bodies (or mathematical points, or any such bodies'/points' projections onto the ecliptic) were simultaneously one on the horizon and the other at its highest in the sky (culminating) or lowest below the horizon.
PARDI	11	Obsolete form of pardie.
PAREUS	16	plural of pareu
PARIAN	16	A native or inhabitant of Paros.
PARLES	16	plural of parle
PAROLS	16	plural of parol
PASHM	11	The raw unspun wool of the Cashmere goat.
PASQUA	16	A surname from Italian.
PATHIC	16	Synonym of bottom: a passive usually-male partner in homosexual anal intercourse.
PATHOL	16	Abbreviation of pathology.
PATOLA	16	A double ikat, usually silk, from Gujarat, western India.
PATTA	11	Alternative form of pata (“type of sword”).
PATTES	16	plural of patte
PATU	11	A Maori club or pounder.
PAUSAL	16	Relating to a pausa
PAV	11	Clipping of pavilion.
PAVA	11	Abbreviation of pelargonic acid vanillylamide.
PAVIAN	16	Of or relating to Pavia.
PAVLO	11	A transliteration of the Ukrainian male given name Павло (Pavlo)
PAWERS	16	plural of pawer
PAYED	11	Obsolete spelling of paid.
PAYSAS	16	plural of paysa
PBY	11	Abbreviation of probably.
PCE	11	Initialism of perchloroethylene.
PCI	11	Initialism of Peripheral Component Interconnect, a type of expansion slot on a motherboard.
PCO	11	Initialism of posterior capsular opacification.
PCOS	11	Initialism of polycystic ovary syndrome.
PDBS	11	plural of PDB
PDI	11	Initialism of pre-delivery inspection.
PEACED	16	simple past and past participle of peace
PEDEE	11	Alternative form of Pee Dee.
PEDIR	11	Archaic form of Pidie (“a regency of Indonesia”).
PEDOS	11	plural of pedo
PEENAR	16	a penis
PEEPAW	16	Synonym of papa (“father”).
PEGASI	16	plural of Pegasus.
PEGGER	16	A person who pegs (in any sense).
PEGLER	16	A surname.
PEGU	11	Dated form of Bago.
PEINE	11	Pain or punishment.
PELITE	16	A sedimentary rock containing very fine particles.
PELLY	11	A surname transferred from the given name.
PELTAE	16	plural of pelta
PELTON	16	A village and civil parish in County Durham, England (OS grid ref NZ2553).
PENCEL	16	A small pennon; a little banner, flag, or streamer.
PENDLE	16	A local government district with borough status in Lancashire, England.
PENGE	11	(typically penge flaw or penge error) a printing flaw on early Australian stamps where the c in pence appeared like the letter g.
PENGOS	16	plural of pengo
PENING	16	present participle and gerund of pene
PENTS	11	plural of pent
PEPITO	16	A sandwich of Spanish origin and popular in Latin America, made with beef, pork, or chicken.
PERAK	11	A state in western Malaysia. Capital: Ipoh.
PERCHE	16	A former province in northwestern France, corresponding to the modern departments of Orne, Eure, Eure-et-Loir, Loir-et-Cher and Sarthe.
PERIM	11	A volcanic island in the Strait of Mandeb at the south entrance into the Red Sea, off the south-west coast of Yemen.
PERINO	16	A surname from Italian.
PERSIS	16	A region of ancient Iran in its southwest; modern Fars province.
PETTO	11	Only used in in petto
PFDS	11	plural of PFD
PFS	11	Initialism of perfect forward secrecy.
PHACO	11	Clipping of phacoemulsification.
PHARES	16	plural of phare
PHARMS	16	plural of pharm
PHARO	11	A pharos; a lighthouse.
PHB	11	Initialism of pointy-haired boss, an incompetent micromanager.
PHENE	11	Benzene.
PHENES	16	plural of phene
PHENIX	16	Archaic spelling of phoenix.
PHILOS	16	plural of philo
PHOCAL	16	Pertaining to seals
PHRASY	16	wordy; verbose
PHY	11	An electronic circuit implementing the physical layer of the OSI model.
PICH	11	A surname from Khmer.
PICOS	11	The Picos de Europa
PICTON	16	A placename:
PIELET	16	A little pie.
PIERED	16	Furnished with piers.
PILAUS	16	plural of pilau
PILAV	11	pilaf, in Turkish cuisine
PILUM	11	A Roman military javelin.
PIMAN	11	Belonging to a group of languages within the Uto-Aztecan family that are spoken by ethnic groups (including the Pima) from Arizona in the north to Durango, Mexico in the south.
PIMOLA	16	An olive stuffed with a kind of sweet red pepper, or pimiento.
PINARD	16	A surname from French originating in France.
PINI	11	A surname from Italian.
PINIC	11	Of or pertaining to the pine; obtained from the pine.
PINOS	11	A surname from Catalan.
PINULE	16	One of the sights of an astrolabe.
PIOT	11	Alternative form of piet.
PIRL	11	To twist or wind, especially into a cord or braid etc.
PIRNS	11	plural of pirn
PIST	11	Obsolete spelling of pissed (simple past and past participle of piss).
PITO	11	A type of beer made from fermented millet or sorghum in parts of West Africa.
PIUPIU	16	A grass skirt with long fringes worn by the Maori for traditional performances.
PKTS	11	plural of pkt
PLACET	16	A vote of assent, as of the governing body of a university, an ecclesiastical council, etc.
PLANAS	16	A surname from Catalan.
PLAUD	11	To applaud.
PLEWS	11	plural of plew
PLI	11	Initialism of pragmatic language impairment.
PLOAT	11	To pluck or strip off.
PMI	11	Initialism of plus, minus, interesting (used to categorize ideas in a discussion)
PMSED	11	simple past and past participle of PMS
PMSING	16	present participle and gerund of PMS
PNYX	11	A hill in Athens west of the Acropolis with a stone platform and steps set into its side, which was used as the meeting place of the democratic assembly in Ancient Greece.
PODO	11	Any of various trees of the genus Afrocarpus or Podocarpus.
POETES	16	plural of poete
POGES	11	plural of poge
POLEIS	16	plural of polis
POLSCI	16	Abbreviation of political science.
POLUS	11	The personification of the celestial axis around which the heavens revolve, and the Titan of intelligence.
POMMES	16	plural of pomme
PONGOS	16	plural of pongo
POOFY	11	Of or pertaining to something that is puffy, filled with air, inflated.
POOK	11	A barangay of Tayabas, Quezon, Philippines.
POOKAS	16	plural of pooka
POONAH	16	Archaic form of Pune.
POPERA	16	A crossover genre combining elements of pop music and classical opera.
PORCA	11	Obsolete form of Purakkad.
PORCHE	16	A surname.
PORIA	11	plural of porion
PORO	11	A municipality of Cebu, Philippines.
POSAS	11	A surname from Catalan.
POTE	11	To push, thrust.
POTED	11	simple past and past participle of pote
POTES	11	plural of pote
POTI	11	A port city in the region of Samegrelo-Zemo Svaneti, Georgia, located on the eastern Black Sea coast; built near the site of the ancient Greek colony of Phasis.
POTING	16	present participle and gerund of pote
POTOO	11	Any species of the family Nyctibiidae within the order Nyctibiiformes related to the nightjars (order Caprimulgiformes), and found from southern Mexico to southern Brazil.
POY	11	A support structure.
POZNAN	16	The capital and largest city of Greater Poland Voivodeship, west-central Poland.
PPDS	11	plural of PPD
PPH	11	Alternative form of PP&H.
PPI	11	Initialism of producer price index.
PPLS	11	plural of PPL
PPMS	11	plural of PPM
PPOS	11	plural of PPO
PPT	11	Initialism of parts per trillion.
PRAAM	11	Alternative form of pram (“flat-bottomed boat”).
PRAD	11	A horse.
PRATAL	16	Growing in meadows or luxuriant herbage.
PREDS	11	plural of pred
PREET	11	A male given name from Sanskrit used in India.
PREGGO	16	Pregnant.
PREMAN	16	A member of an organized criminal gang in Indonesia.
PREMIA	16	plural of premium
PRESTE	16	Obsolete form of priest
PRINZ	11	A surname from German.
PRK	11	Initialism of People’s Republic of Kampuchea.
PROME	11	Former name of Pyay, Myanmar.
PROSO	11	Panicum miliaceum, a grass used as a crop.
PROSS	11	A prostitute.
PROSSY	16	prostitute
PROTS	11	plural of Prot
PROUT	11	A surname.
PRR	11	Initialism of pattern recognition receptor.
PRUNT	11	A small piece of glass fused to the main body of a piece of glasswork and then shaped or pressed, for decoration
PSE	11	Initialism of personal and social education.
PSHA	11	Dated form of pshaw.
PSION	11	The psi-meson, a sub-atomic particle.
PSL	11	Initialism of parallel slalom.
PSM	11	Initialism of professional scrum master.
PSORA	11	A cutaneous disease, especially psoriasis, scabies, or mange.
PSORIC	16	Of or pertaining to psora.
PTERON	16	A peristyle raised on a podium, differing from an ordinary peristyle raised only on a stylobate.
PTH	11	Initialism of plated through-hole.
PTOS	11	plural of PTO
PTR	11	Abbreviation of pointer.
PUELLA	16	Ellipsis of puella aeterna.
PUERTA	16	A surname.
PUFT	11	To puff.
PULIK	11	plural of Puli
PULLI	11	plural of pullus
PUNAS	11	plural of puna
PUNKA	11	Alternative spelling of punkah.
PUNO	11	A province, department, and administrative region in southeastern Peru. Capital: Puno.
PUNTOS	16	plural of punto
PUPIN	11	A surname
PUPUSA	16	A thick, hand-rolled maize tortilla.
PURGEE	16	The victim of a purge.
PURIRI	16	Vitex lucens, an evergreen tree endemic to New Zealand.
PURO	11	A cigar, especially one made with tobacco from a single country.
PURRY	11	Inclined to purr; purring.
PURS	11	plural of pur
PUSHTU	16	Alternative spelling of Pashto.
PUTER	11	Clipping of computer
PUY	11	Any of several cone-shaped hills in the Auvergne, France that are the remains of extinct volcanos.
PUYA	11	Any of a group of books written in the Old Manipuri language, mostly sacred to Sanamahism.
PVP	11	Initialism of polyvinyl pyrrolidone.
PWND	11	simple past and past participle of pwn
PWNING	16	present participle and gerund of pwn
PYAL	11	Alternative form of pial (“raised platform”).
PYALS	11	plural of pyal
PYES	11	plural of pye
PYMS	11	plural of Pym
PYRRHA	16	The wife of Deucalion.
QATS	11	plural of qat
QBALL	11	Synonym of Qcumber.
QERE	11	In the liturgical use of the Tanakh, a spoken reading that diverges from the written word (the ketiv); an indication of such a reading.
QLTY	11	Abbreviation of quality.
QPOC	11	Abbreviation of queer person of color.
QQED	11	Initialism of quenched quantum electrodynamics.
QRP	11	Initialism of queen retinue pheromone.
QRTLY	11	Abbreviation of quarterly.
QTE	11	Initialism of quick time event.
QTO	11	Abbreviation of quarto.
QUAILY	16	The upland sandpiper (Bartramia longicauda), a game bird.
QUATS	11	plural of quat
QUEDA	11	Alternative form of Queddah.
QUIA	11	Relating to the belief that the Book of Concord is authoritative because it faithfully describes the Christian faith as revealed in the Bible.
QUINA	11	quinine
QUITED	16	simple past and past participle of quit
QUITES	16	plural of quite
QUOAD	11	With respect to.
QUOGUE	16	A hamlet in Southampton, Suffolk County, New York.
QUOHOG	16	Alternative form of quahog.
QUOTEE	16	Somebody whose words are being quoted.
RABINS	16	plural of Rabin
RABIS	11	Alternative spelling of rabiz.
RADAS	11	plural of rada
RADI	11	A surname from Arabic.
RAINA	11	A female given name.
RAION	11	An administrative unit of some Eastern European and Asian states.
RAIS	11	Alternative form of reis (“holder of military rank”).
RAMADI	16	A city in central Iraq.
RAMEAL	16	Alternative form of ramal.
RAMIT	11	A male given name from Sanskrit used in India.
RAMTIL	16	A tropical African asteraceous shrub (Guizotia abyssinica) cultivated for its seeds, which yield a valuable oil used for food and as an illuminant.
RAMU	11	A language family of Papua New Guinea.
RAMUNE	16	A type of Japanese carbonated soft drink generally bottled in a Codd-neck bottle.
RAMY	11	A male given name from Arabic.
RANCHI	16	A city, the state capital of Jharkhand, India.
RANE	11	A surname from Marathi.
RANNS	11	plural of rann
RAPH	11	A diminutive of the male given name Raphael.
RAPOSA	16	A surname from Portuguese.
RAPTS	11	plural of rapt
RASC	11	Initialism of Royal Army Service Corps.
RASHIE	16	rash vest, rashguard
RASO	11	A surname.
RASON	11	Alternative form of Rasŏn.
RASSIS	16	plural of Rassi
RATI	11	Alternative form of ratti (“Indian unit of measure”).
RATIS	11	plural of rati
RATTIS	16	plural of ratti
RAUM	11	A surname from German.
RAWED	11	simple past and past participle of raw
RAYAS	11	plural of raya
RAYO	11	A surname from Spanish.
RAZOO	11	A fictitious coin of very low value.
RDM	11	To arbitrarily kill players in a video game, typically players on one's own team when friendly fire is enabled.
RDNA	11	ribosomal DNA
RDO	11	Initialism of regular day off, an official public holiday.
REALME	16	Archaic spelling of realm.
REAPT	11	simple past and past participle of reap
REATE	11	simple past of reeat
REAX	11	Clipping of reaction or reactions.
REBAIL	16	To bail again.
REBEAT	16	To beat again.
REBRED	16	simple past and past participle of rebreed
REBUD	11	To bud again (send forth a second group of buds)
REBUDS	16	third-person singular simple present indicative of rebud
REBUSH	16	To furnish with a new bush or lining.
RECKS	11	third-person singular simple present indicative of reck
RECROP	16	To crop again.
RECTE	11	Used parenthetically in a verbatim quotation to correct an error in the source (compare sic, which notes an error without correcting it)
REDARN	16	To darn again.
REDUST	16	To dust again.
REEDER	16	A surname.
REEN	11	A running waterway that links a ditch or stream to a river.
REESK	11	Rank grass.
REEST	11	Alternative form of rest (“to cure, smoke, or dry (meat or fish); (of a horse) to stop or refuse to go, balk”).
REFAIT	16	A drawn game.
REFTS	11	plural of reft
REFURB	16	to refurbish
REFURL	16	To furl again or anew.
REGEN	11	Clipping of regeneration.
REGIO	11	Any large area of a planet or moon that is strongly differentiated from neighbouring areas by colour or albedo.
REGNUM	16	A rank in the classification of organisms, below dominium and above divisio.
REGOS	11	plural of rego
REHAIR	16	To renew the hair of the bow of a bowed string instrument.
REHARM	16	A reharmonization.
REHAVE	16	To have again; to retake possession of.
REHOME	16	To find a new home for (especially a pet).
REHS	11	plural of reh
RELATH	16	To replace the laths.
RELEVY	16	To levy again.
RELOST	16	simple past and past participle of relose
RELUME	16	To rekindle; to relight (literally or figuratively).
REMASK	16	To mask again.
REMILL	16	To mill again.
RENDRE	16	Archaic form of render.
RENGA	11	A form of Japanese verse in which short poems are connected together, the origin of haikai and haiku.
REPAWN	16	To pawn again.
RESAIL	16	To sail again.
RESAK	11	A tree of the genus Vatica or Cotylelobium, or its timber.
RESENE	16	The component of rosin that does not react with alkali.
RESOR	11	A surname.
RESPOT	16	To replace a ball on its correct spot on a snooker, billiards or pool table.
RETALK	16	To talk again.
RETES	11	plural of rete
RETUBE	16	To fit with a new tube or tubes.
REXED	11	simple past and past participle of rex
RHEDEN	16	A village in Gelderland, Netherlands.
RHENE	11	Either of two nymphs:
RHINES	16	plural of rhine
RIBAT	11	A border or frontier guardpost.
RICEY	11	Containing rice.
RICHEN	16	To make or render rich or richer.
RIEVER	16	Archaic form of reaver.
RIGNEY	16	A surname.
RILY	11	roily; turbulent
RINCON	16	A surname from Spanish.
RINDE	11	Obsolete spelling of rind.
RINES	11	plural of rine
RINGY	11	Having a ringing or reverberating sound.
RINSTA	16	A primary personal Instagram account on which one posts publicly (typically under their real name).
RIPAS	11	plural of Ripa
RISALA	16	Alternative form of ressala.
RISCA	11	A town in Caerphilly borough, Wales (OS grid ref ST2490).
RISETH	16	third-person singular simple present indicative of rise
RITHES	16	plural of rithe
RIVO	11	A drinking cry.
RIX	11	A surname originating as a patronymic.
RIYAD	11	Alternative spelling of riad.
RIZO	11	A surname.
RKS	11	Initialism of remote keyless system.
RNE	11	Initialism of RailNetEurope, a non-profit-making association aiming to enable fast and easy access to the European rail network.
RNG	11	Initialism of random number generator.
RNWYS	11	plural of rnwy
ROACHE	16	A surname.
ROADED	16	Containing roads.
ROANE	11	A surname.
ROARY	11	Resembling or characteristic of a roaring sound.
ROAS	11	plural of Roa
ROAVE	11	Archaic spelling of rove.
ROBAR	11	A surname.
ROBEL	11	A surname.
ROBERS	16	plural of rober.
ROCE	11	Abbreviation of return on capital employed.
ROCH	11	A river in Greater Manchester, England, which joins the River Irwell.
ROCHET	16	A white vestment, worn by a bishop, similar to a surplice but with narrower sleeves, extending either to below the knee (in the Catholic church) or to the hem of the cassock in the Anglican church.
ROED	11	Filled with roe.
ROEN	11	A surname.
ROILER	16	Someone who roils
ROIST	11	To roister.
ROJAS	11	A surname from Spanish.
ROON	11	A shred or remnant (usually of cloth).
ROP	11	A Render Output unit or raster operations pipeline.
ROR	11	Initialism of rate of return.
ROSC	11	Initialism of return of spontaneous circulation.
ROSER	11	A surname.
ROSET	11	Obsolete spelling of rosette.
ROSHA	11	Synonym of palmarosa.
ROSSE	11	A surname from German.
ROSSER	16	Alternative form of rozzer (“police officer”).
ROTHES	16	A small town in Moray council area, in northeastern Scotland (OS grid ref NJ2749).
ROTTI	11	Alternative form of roti (“type of flatbread”).
ROTULA	16	The patella; the kneecap.
ROUGET	16	A porcine infectuous disease.
ROUPS	11	plural of roup
ROYALL	16	Obsolete form of royal.
ROYE	11	A surname.
RPC	11	Abbreviation of Russian Paralympic Committee (an organization).
RRB	11	Initialism of restricted or repetitive behavior.
RRCS	11	plural of RRC.
RSC	11	Initialism of Royal Shakespeare Company.
RSM	11	Initialism of regimental sergeant major.
RSOS	11	plural of RSO
RSU	11	Initialism of restricted stock unit.
RTLS	11	Initialism of return to launch site.
RTNS	11	plural of Rtn
RUAS	11	plural of Rua
RUBAI	11	A quatrain in classical Arabic, Persian, Turkic or Urdu poetry.
RUBI	11	Alternative form of ruby (“pronunciation guide for Chinese or Japanese characters”).
RUEDAS	16	plural of rueda.
RUMAL	11	Alternative form of romal (“Indian handkerchief”).
RUMSON	16	A borough in Monmouth County, New Jersey, United States.
RUND	11	A surname.
RUNER	11	A bard, or learned man, among the ancient Goths.
RUPIE	11	Obsolete form of rupee.
RUSO	11	A city and hamlet in North Dakota.
RUSTAM	16	Alternative form of Rostam.
RUTAN	11	A surname.
RVSVP	11	Used in writing to request a prompt reply to an invitation.
RWA	11	Initialism of ready, willing and able.
RWC	11	Initialism of Rugby World Cup.
RWS	11	plural of RW
RYC	11	Initialism of Redhouse Yacht Club.
RYNDS	11	plural of rynd
RYOTS	11	plural of ryot
SAANE	11	A left tributary of the Aar in Valais, Bern, Vaud and Fribourg cantons, Switzerland.
SABAS	11	plural of Saba
SABINS	16	plural of sabin
SABORA	16	Any of the leading Jewish rabbis who completed the revision of the Babylonian Talmud in the 6th century C.E.
SABS	11	third-person singular simple present indicative of sab
SACAE	11	plural of Saca
SACCUS	16	A bladder or winglike structure found on the pollen grains of many species of conifer. The shape or number of the sacci on a pollen grain can help identify the species it came from.
SACOS	11	plural of saco
SACRES	16	plural of sacre
SADASS	16	Alternative spelling of sad ass.
SADHES	16	plural of sadhe
SADIC	11	Sadistic.
SADS	11	Sadness or melancholy
SAEED	11	Alternative spelling of Said.
SAETA	11	A Spanish religious song evoking strong emotion, usually sung during public processions.
SAFT	11	Initialism of Swiss Army Fitness Test.
SAGENE	16	Alternative form of sazhen (“old Russian length”).
SAGING	16	present participle and gerund of sage
SAGOIN	16	A marmoset, especially of the genus Callithrix.
SAHIN	11	A surname.
SAHO	11	A member of a Hamitic people of Eritrea and Ethiopia.
SAHU	11	In ancient Egyptian mythology, a type of spiritual body which the Khu can inhabit.
SAINE	11	A surname.
SAINS	11	third-person singular simple present indicative of sain
SAJOU	11	A spider monkey or capuchin.
SAKA	11	A member of any of various peoples formerly inhabiting steppes north of the Iranian plateau.
SAKRA	11	The Buddhist equivalent of Indra, ruler of the Trāyastriṃśa heaven in Buddhist cosmology.
SAKURA	16	cherry tree
SALAME	16	Alternative form of salami.
SALEMA	16	A seabream, Sarpa salpa.
SALII	11	The 12 priests of Mars Gradivus in Ancient Rome.
SALIN	11	A salt reddish substance obtained from vegetable ashes during potash manufacture.
SALOOP	16	An aromatic drink originally prepared from salep and later from sassafras bark with other ingredients such as milk and sugar added, which was once popular in London, England.
SALPAS	16	plural of salpa
SALTIE	16	A saltwater crocodile.
SALUMI	16	plural of salume (“cured or cooked meat”)
SALVA	11	A surname from Spanish.
SAMAS	11	plural of Sama
SAMBOS	16	plural of sambo
SAMIAN	16	Of or pertaining to the island of Samos.
SAMISH	16	A Coast Salish people of Washington.
SANDIN	16	A surname.
SANGS	11	plural of Sang
SANUSI	16	Alternative form of Senussi.
SAPELE	16	Entandrophragma cylindricum, a large tree native to tropical Africa.
SAPFUL	16	Full of sap; sappy; tasteful.
SAPIO	11	A sapiosexual.
SARADA	16	Alternative form of Sharada (“writing system”).
SARDO	11	A surname from Italian [in turn originating as an ethnonym].
SARGOS	16	plural of sargo
SARNA	11	The religion of Sarna Dhorom.
SAROUK	16	A Persian carpet of the style commonly produced in Saruq, Markazi.
SARRA	11	A surname.
SATC	11	Initialism of Sex and the City.
SATEM	11	Of or relating to a Proto-Indo-European language group that produced sibilants from a series of palatovelar stops.
SATOS	11	plural of Sato
SATYA	11	A unisex given name from Sanskrit.
SAUVE	11	A surname from French.
SAVETH	16	third-person singular simple present indicative of save
SAWNY	11	Alternative form of Sawney.
SAYAO	11	A barangay of Kabasalan, Zamboanga Sibugay, Philippines.
SAYED	11	Alternative spelling of Sayyid.
SAYES	11	third-person singular simple present indicative of saye
SBIRRO	16	A policeman in Italy, Corsica, etc.
SCANIA	16	A former province, historical region, and peninsula in Sweden, roughly coterminous with Skåne County and occupying the southern tip of the Scandinavian Peninsula.
SCAP	11	Initialism of supreme commander of the Allied powers.
SCARID	16	Any of the family Scaridae; parrotfishes.
SCATH	11	Alternative form of scathe (“harm; damage”).
SCATTS	16	plural of scatt
SCAUR	11	A steep cliff or bank.
SCAW	11	Alternative form of skaw (“promontory”).
SCDS	11	plural of SCD
SCEAT	11	A small Anglo-Saxon coin, especially one made of silver; sometimes regarded as a weight (and thus a comparative measure of a coin's value).
SCENAE	16	plural of scena
SCENED	16	Having a particular kind or number of scenes.
SCHARF	16	A surname.
SCHLAG	16	A surname from German.
SCHLEY	16	A surname.
SCHOLA	16	Originally, a musical school attached to a monastery or church. Also known as a schola cantorum.
SCHOON	16	A surname.
SCHURZ	16	A surname from German.
SCO	11	Abbreviation of Scotland.
SCON	11	Alternative form of scoon (“to skim along a surface”).
SCOPY	11	Alternative form of scopey.
SCRAPY	16	Characteristic of a scraping sound or motion.
SCRIES	16	third-person singular simple present indicative of scry
SCUDOS	16	plural of scudo
SCULPS	16	third-person singular simple present indicative of sculp
SDD	11	Initialism of syntax-directed definition.
SDK	11	Initialism of software development kit.
SDKS	11	plural of SDK
SDLS	11	plural of SDL
SDRS	11	plural of SDR
SDTV	11	Initialism of standard-definition television.
SEAWAN	16	Wampum (small beads made from polished shells).
SEBAGO	16	A town in Cumberland County, Maine, United States, named after Sebago Lake.
SEDLEY	16	A surname.
SEDS	11	third-person singular simple present indicative of sed
SEJANT	16	Seated, sitting.
SELION	16	A mediaeval open strip of land or small field used for growing crops.
SELLES	16	plural of selle
SEMEE	11	Alternative form of semé.
SEMES	11	plural of seme
SEMITA	16	A fasciole of a spatangoid sea urchin.
SENDED	16	simple past and past participle of send; synonym of sent.
SENJA	11	Alternative form of Senjam surname of Meitei origin
SENN	11	A surname.
SENSI	11	Clipping of sensimilla.
SENSU	11	in the sense of
SEPSES	16	plural of sepsis
SEREH	11	A disease of sugar cane reported from Indonesia in the 19th century, of uncertain origin.
SERERS	16	plural of Serer : An ethnoreligious group found in Senegal, the Gambia and Mauritania (the Serer people, the Serer religion and Serer history).
SERGT	11	Abbreviation of sergeant.
SERIS	11	plural of Seri
SERKIS	16	A surname.
SERON	11	Alternative form of ceroon.
SESIA	11	A river in Piedmont, Italy.
SESTA	11	Acronym of Stop Enabling Sex Traffickers Act.
SETEES	16	plural of setee
SETER	11	Alternative spelling of saeter.
SETNET	16	Alternative form of set net.
SEWALL	16	A surname.
SEXERS	16	plural of sexer
SFS	11	plural of Sf
SGAW	11	Alternative form of S'gaw.
SGE	11	Initialism of special government employee.
SHADYS	16	plural of Shady
SHAFTY	16	Having long and dense fibres.
SHAIVA	16	Alternative form of Saiva.
SHAKED	16	simple past and past participle of shake
SHAKRA	16	Alternative form of Sakra.
SHAKTA	16	Alternative form of Sakta.
SHAMAS	16	plural of shama
SHAMO	11	Synonym of Gobi.
SHASI	11	Dated form of Shashi.
SHEBAS	16	plural of Sheba
SHEETY	16	Resembling a sheet; wide and flat.
SHELFS	16	plural of shelf (“flat, rigid structure; etc.”)
SHELIA	16	A female given name, variant of Sheila.
SHENG	11	A Chinese wind instrument, a free-reed mouth organ consisting of 13 or more bamboo pipes of various lengths, which are fixed at their bases in a wind chest made from a dried gourd (or, more recently, wood or chrome-plated brass).
SHET	11	Pronunciation spelling of shut.
SHIGA	11	A prefecture of Japan. Capital: Ōtsu.
SHINAR	16	The southern region of Mesopotamia.
SHINN	11	A surname.
SHIO	11	A transliteration of the Georgian male given name შიო (šio)
SHIR	11	Alternative form of shirr.
SHIS	11	plural of Shi
SHLONG	16	Alternative form of schlong.
SHOLA	11	A wild plant of species Aeschynomene aspera, found in Bengal and Assam, having a milky-white, spongy pith used for the manufacture of pith helmets and decorative artifacts.
SHOS	11	plural of sho
SHP	11	Abbreviation of shaft horsepower.
SHPT	11	Abbreviation of shipment.
SHRAB	11	Alternative form of shrub (a drink of fruit juice, spirits, etc.)
SHTUPS	16	third-person singular simple present indicative of shtup
SHURI	11	A former city in Okinawa Prefecture, Japan.
SIALID	16	Any member of the family Sialidae of alderflies.
SIBI	11	A city in Balochistan, Pakistan.
SICCA	11	A great seal.
SIERO	11	A municipality in central Asturias, Spain.
SIEVER	16	One who sieves.
SIGLA	11	plural of siglum
SIGNES	16	plural of signe
SIKE	11	A gutter or ditch; a small stream that frequently dries up in the summer; the marshy ground or ditch through which such a stream flows.
SILE	11	Alternative spelling of Sheila.
SILENI	16	A group of minor deities or demigods similar to fauns or satyrs.
SILLER	16	A surname.
SILLON	16	A work raised in the middle of a wide ditch, to defend it.
SILVAE	16	plural of silva
SIMARS	16	plural of simar
SIME	11	A surname.
SIMKIN	16	champagne
SINA	11	A unisex given name from Scottish Gaelic.
SINEMA	16	A surname.
SINING	16	Dated form of Xining.
SINKED	16	simple past and past participle of sink
SIPA	11	A traditional Filipino team sport in which players kick a soft ball over a net in the middle of the court.
SIPID	11	Having a taste or flavour.
SIPING	16	present participle and gerund of sipe
SIPT	11	simple past and past participle of sip
SIRA	11	A traditional Muslim biography of Muhammad.
SIRON	11	Alternative spelling of ciron.
SIROP	11	Obsolete form of syrup.
SIROPS	16	plural of sirop
SIRTE	11	A port city in Tripolitania, Libya.
SISES	11	plural of sis
SISTI	11	A surname from Italian.
SIZARS	16	plural of sizar
SJD	11	Scientiae Juridicae Doctor; Doctor of Judicial Science.
SJS	11	Initialism of Stevens-Johnson syndrome.
SJSU	11	Initialism of San Jose State University.
SKAGS	11	plural of skag
SKEEZY	16	Despicable, tasteless.
SKEN	11	to squint
SKEOS	11	plural of skeo
SKERRY	16	A small rocky island which may be covered by the sea at high tide or during storms.
SKIFT	11	Synonym of skiff (“light shower of rain or snow; light dusting of snow or ice (on ground, water, etc)”).
SKILS	11	plural of skil
SKIV	11	A sovereign (the coin).
SKODAS	16	plural of Skoda
SKOLS	11	third-person singular simple present indicative of skol
SKRIM	11	A loose-weave fabric made of fiberglass, used for insulation.
SKSKSK	16	A nonsense sound, evoking playfulness, bewilderment or other sudden emotion.
SKYNET	16	A family of United Kingdom military communications satellites.
SKYPER	40	A user of the Skype communications software.
SLADES	16	plural of slade
SLAGLE	16	A surname from German.
SLAMA	11	A surname.
SLDS	11	plural of SLD
SLEB	11	A celebrity.
SLEE	11	Alternative form of sly.
SLIDED	16	simple past and past participle of slide
SLIPT	11	simple past and past participle of slip.
SLOFIE	16	A short video of oneself taken in slow-motion taken with the front facing camera.
SLOID	11	Alternative form of sloyd.
SLONE	11	A surname.
SLOOSH	16	A splash or rush of water
SLU	11	Initialism of Saint Louis University.
SLYPE	11	A covered passageway, especially one connecting the transept of a cathedral or monastery to the chapter house.
SMAAK	11	To like; to be attracted to.
SMALLY	16	In a small way.
SMC	11	Initialism of Small Magellanic Cloud.
SMCS	11	plural of SMC
SMF	11	single-mode fibre; a type of an optical fibre which is designed to carry only a single ray of light.
SMOL	11	Very small and cute
SMYLIE	16	A surname.
SNAILY	16	Resembling or characteristic of a snail.
SNAPED	16	simple past and past participle of snape
SNAS	11	plural of SNA
SNASH	11	Verbal abuse; insolence; guff.
SNAVEL	16	To steal; to pickpocket.
SNEAP	11	To bite, nip, or pinch (someone or something).
SNEK	5	Alternative form of snake.
SNELLY	16	quickly; sharply; acutely; coldly
SNEWS	11	third-person singular simple present indicative of snew
SNF	11	Initialism of skilled nursing facility.
SNIB	11	A latch or fastening for a door, window etc.
SNIGS	11	third-person singular simple present indicative of snig
SNIKT	11	The sound of Wolverine's claws emerging.
SNIPY	11	Alternative form of snipey.
SNYS	11	plural of SNY
SOBBY	11	Very sad; inclined to sob (weep with convulsive gasps).
SOCKER	16	Dated spelling of soccer.
SODIC	11	Of, relating to, or containing sodium.
SOES	11	plural of soe
SOFI	11	Archaic spelling of Sufi.
SOFIAN	16	Of, from, or pertaining to, Sofia
SOGA	11	A kind of rope made from esparto.
SOKOTO	16	A state of Nigeria in the North West geopolitical zone. Capital and largest city: Sokoto City.
SOLARS	16	plural of solar
SOLAS	11	Acronym of Safety of Life at Sea (“an international convention on maritime safety standards”).
SOLDAN	16	The ruler of a major Muslim state in the Middle Ages, especially the Sultan of Egypt.
SOLEAR	16	Relating to the soleus muscle.
SOLION	16	An electrochemical device of the 1950s, intended to replace the transistor in certain situations, and using ions rather than electrons to carry electrical charge.
SOLWAY	16	The Solway Firth.
SONA	11	Clipping of fursona.
SONDER	16	The profound feeling of realizing that everyone, including strangers passing in the street, has a life as complex as one's own, which they are constantly living despite one's personal lack of awareness of it.
SONGE	11	Obsolete spelling of song.
SONLY	11	Of, pertaining to, or characteristic of a son.
SOOKY	11	Complaining, whingeing, sad; jealous.
SOONLY	16	Soon.
SOPHI	11	Wise men; sages.
SOPPER	16	Someone who sops.
SORAL	11	Relating to the sorus.
SORAYA	16	A female given name from Persian.
SOREE	11	Obsolete form of sora (the bird).
SORIE	11	Obsolete spelling of sorry.
SORITE	16	Synonym of sorites
SORN	11	to impose upon another for food and lodging.
SORNS	11	third-person singular simple present indicative of sorn
SORY	11	iron(II) sulfate, or some earth impregnated with it
SOSE	11	Initialism of Studies of society and environment.
SOTA	11	Initialism of state of the art.
SOTOS	11	plural of soto
SOUCIE	16	A surname.
SOUM	11	Alternative form of sowm (“proportion of sheep or cattle for pasture”).
SOUPLE	16	Of raw silk: deprived of its silk-glue.
SOURIS	16	A town in Manitoba.
SOWA	11	A surname from Polish.
SPADAS	16	plural of Spada
SPAES	11	third-person singular simple present indicative of spae
SPAETH	16	A surname.
SPANOS	16	plural of Spano
SPEOS	11	A tomb or temple carved from the solid rock
SPERE	11	The fixed structure between the great hall and the screens passage in an English medieval timber house.
SPEWY	11	Feeling like vomiting; nauseous.
SPG	11	Initialism of Society for the Propagation of the Gospel.
SPHENE	16	titanite
SPHS	11	plural of SPH
SPHYNX	16	Dated form of Sphinx (“Egyptian statue”).
SPIAL	11	Espionage.
SPIETH	16	third-person singular simple present indicative of spy
SPINON	16	One of three kinds of quasiparticle (the others being the holon and orbiton) that electrons in solids are able to split into during the process of spin–charge separation, when extremely tightly confined at temperatures close to absolute zero.
SPKR	11	Abbreviation of speaker.
SPLAKE	16	A hybrid fish derived from a male brook trout and a female lake trout.
SPOKED	16	Having spokes.
SPOLIA	16	Old objects, artifacts, and/or sculptural elements reused in a later work of architecture.
SPOSH	11	Soft wet ground; mud or slush.
SPP	11	Initialism of statutory paternity pay - payments made by an employer to a father who is absent from work after the birth of a child.
SPUT	11	An annular reinforcement in a steam boiler, to strengthen a place where a hole is made.
SPYROS	16	A male given name from Greek.
SQL	11	Initialism of Structured Query Language.
SQUAM	11	An oilskin hat; a southwester.
SRUTI	11	A female given name from Sanskrit.
SSBS	11	plural of SSB
SSSH	11	Alternative form of shh.
STABBY	16	Having one or more sharp points.
STACIE	16	A unisex given name from Ancient Greek, variant of Stacey.
STAHP	11	Pronunciation spelling of stop.
STALEY	16	A surname.
STAMIN	16	A kind of coarse woollen cloth from England.
STANES	16	plural of stane
STAP	11	Pronunciation spelling of stop.
STARY	11	Alternative spelling of starey.
STBS	11	plural of STB
STELLS	16	plural of stell
STEWY	11	Stew-like, similar to stew.
STEYER	16	A surname.
STILTY	16	pompous
STIPAS	16	plural of stipa
STMS	11	plural of STM
STOEPS	16	plural of stoep
STOG	11	To bog down; to cause to be stuck in mud.
STOGA	11	a type of cigar popular in the United States in the latter half of the nineteenth century.
STOLED	16	Having or wearing a stole.
STONK	11	A heavy artillery bombardment.
STONKS	16	plural of stonk
STOPT	11	Obsolete spelling of stopped; simple past and past participle of stop.
STORR	11	A surname.
STORT	11	A river in Essex and Hertfordshire, England, which joins the River Lea near Hoddesdon.
STOURS	16	plural of stour
STOY	11	A surname.
STRATS	16	plural of Strat
STRD	11	Abbreviation of strand.
STRID	11	A place where a chasm or gorge is narrow enough to be crossed.
STRIGA	16	A sharp bristle or hair-like scale.
STROW	11	Obsolete form of strew.
STRYPE	16	Obsolete form of stripe.
STUBE	11	Obsolete spelling of stube.
STUDE	11	A student.
STUDYS	16	Misspelling of studies.
STUFA	11	A fumarole
STUFT	11	simple past and past participle of stuff
STUKAS	16	plural of Stuka
STULL	11	A surname.
STULMS	16	plural of stulm
STUSS	11	A card game, a variant of faro.
STUT	11	To support, prop up.
STYROL	16	styrene
STYTHE	16	choke damp
SUADE	11	To persuade.
SUAKIN	16	A port city in northeastern Sudan, on the west coast of the Red Sea.
SUBER	11	Cork, or the corresponding layer of woody tissue below the epidermis of a plant.
SUCCI	11	plural of succus
SUDANI	16	Sudanese.
SUDD	11	A floating mass of plant matter, such as reeds, which obstructs the passage of boats.
SUINA	11	A surname.
SUITER	16	Something having a certain number of suits.
SUJI	11	Wheat that is granulated but not pulverized; a kind of semolina.
SUKS	11	plural of suk
SULL	11	Of an animal: to stop; to refuse to go on.
SUMBA	11	An Indonesian island.
SUMIE	11	Alternative form of sumi-e (Japanese ink wash painting)
SUMPED	16	simple past and past participle of sump
SUNLET	16	A small sun.
SUPING	16	Short for standup paddleboarding.
SURMA	11	Alternative form of soorma.
SUSP	11	Abbreviation of suspended.
SUTOR	11	shoemaker; cobbler.
SUX	11	Suxamethonium.
SUZUKA	16	A city in Mie Prefecture, Japan.
SVAN	11	A South Caucasian language of Caucasian Georgia, related to Georgian, Laz, and Mingrelian.
SVELT	11	Alternative form of svelte.
SVO	11	Initialism of subject–verb–object [word order]: employing a system of syntax where the subject of a sentence precedes the verb, which is then followed by the object.
SWAGGY	20	Inclined to swag; saggy.
SWARE	11	simple past of swear
SWEARY	16	Inclined to swear; characterised by bad language.
SWEER	11	Heavy.
SWOONY	16	Tending to swoon (in any sense).
SWY	11	A two-shilling coin.
SYCEES	16	plural of sycee
SYCONS	16	plural of sycon
SYNOP	11	Abbreviation of synopsis.
SYRA	11	Alternative form of Syros (“Greek island”).
SYRAHS	16	plural of syrah
SYRENS	16	plural of syren
SYRMAS	16	plural of syrma
SYROS	11	A Greek island in the Cyclades.
SZI	11	A member of a tribe in the Sadon area of the Burma-China frontier, closely related to Maru.
SZIS	11	plural of Szi
TAARS	11	plural of taar
TABEFY	16	To emaciate.
TABO	11	A small town in Himachal Pradesh, India, the site of an ancient monastery.
TACES	11	plural of tace
TAFKAP	16	Acronym of the artist formerly known as Prince, the musical artist Prince Rogers Nelson.
TAGAL	11	Tagalog (people)
TAGG	11	A surname.
TAGRAG	16	Alternative form of tag-rag.
TAGUAS	16	plural of tagua
TAHU	11	Alternative form of Dahu.
TAIGAS	16	plural of taiga
TAINOS	16	plural of Taino
TAITS	11	plural of tait
TAJIN	11	Alternative spelling of tajín; a Mexican spice blend consisting chiefly of lime, chili, and salt.
TAKEST	16	second-person singular simple present indicative of take
TAKIS	11	plural of taki
TALAR	11	Relating to the talus.
TALARI	16	A former coin of Ethiopia.
TALEA	11	A repeated rhythmic pattern used in isorhythm implying a piece cut off.
TALIEN	16	a port and shipbuilding center in northeastern China on the Liaodong Peninsula; now a part of Luda
TALIN	11	Any of a group of cytoskeletal proteins
TALING	16	present participle and gerund of tale
TALLA	11	Alternative form of tella (“African beer”).
TALUKA	16	Alternative form of taluk.
TALUKS	16	plural of taluk
TAMAL	11	dough stuffed with a meat mixture and sometimes wrapped in corn husks and steamed
TAMBOS	16	plural of tambo
TAMIKA	16	A female given name originating as a coinage, of African-American usage.
TANIKA	16	A female given name.
TANIT	11	A Punic and Phoenician goddess, the chief deity of Ancient Carthage alongside Baal-Hamon.
TANITE	16	A firm composition of emery and a certain kind of cement, used for making grinding wheels, slabs, etc.
TANN	11	A surname.
TANOA	11	A bowl for serving kava.
TAPALO	16	A head covering worn by Latin American women.
TAPET	11	A decorative wall-hanging; a hanging cloth or piece of tapestry.
TAPTI	11	A river in central India.
TARANA	16	A locality in the Bathurst council area, Lithgow council area and the Oberon council area, central eastern New South Wales, Australia.
TARATA	16	Synonym of lemonwood (“the tree Pittosporum eugenioides”).
TARGES	16	plural of targe
TARON	11	One of the cantons of Turuberan province of Greater Armenia.
TARPOT	16	A pot used for carrying tar.
TARRO	11	A suburb of Newcastle in the City of Newcastle, New South Wales, Australia.
TARSE	11	The penis.
TASKER	16	One who imposes a task.
TASLET	16	A piece of armor formerly worn to guard the thighs; a tasse.
TAUHID	16	Alternative form of tawhid.
TAULA	11	A kind of T-shaped stone monument, built by the Talaiotic culture, found on the Balearic island of Minorca.
TAURIS	16	Alternative form of Taurica: (historical) An ancient geographic region and peninsula, the name used by the Greeks and Romans for the modern Crimean Peninsula in Eastern Europe, internationally recognized as part of Ukraine but occupied by Russia.
TAWED	11	simple past and past participle of taw
TAYES	11	plural of Taye
TAYTAY	16	A municipality of Rizal, Calabarzon, Luzon, Philippines.
TBDS	11	plural of TBD
TBI	11	Initialism of traumatic brain injury.
TCA	11	Initialism of tricyclic antidepressant.
TCHICK	16	A click sound such as a palatal, lateral, or dental click.
TCK	11	Initialism of third culture kid.
TCKS	11	plural of TCK
TDES	11	plural of TDE
TDOT	11	Alternative spelling of T-Dot.
TEAISH	16	Resembling or characteristic of tea.
TEAMEN	16	plural of teaman.
TEBU	11	Alternative form of Toubou.
TECKS	11	plural of Teck
TECO	11	A style of American pottery characterized by elegant streamlined forms and smooth plain glazes.
TEESTS	16	plural of teest
TEETEE	16	Pronunciation spelling of titty.
TEGULA	16	A small sclerite situated above the base of the costal vein in the wings of various insects, and attached to the anterolateral portion of the mesonotum.
TEI	11	Initialism of trans-Earth injection.
TEIAN	11	Of or relating to Teos in ancient Ionia, or to the poet Anacreon, a native of that place.
TEIND	11	A tithe.
TEINDS	16	In Scotland, tithes derived from the produce of the land for the maintenance of the clergy.
TEIS	11	plural of TEI
TELEGU	16	Archaic form of Telugu.
TEMES	11	plural of teme
TEMSE	11	To sift.
TENDA	11	town in southeastern France and formerly part of Italy.
TENES	11	The eponymous hero of the island of Tenedos.
TENGS	11	plural of Teng
TENNE	11	Obsolete spelling of ten.
TENTEN	16	A diacritic (゛) used with Japanese kana to mark a consonant as voiced.
TENUIS	16	Of Greek consonants, neither aspirated nor voiced, as [p], [t],
TEOR	11	An Austronesian language spoken in Indonesia.
TEPA	11	A tree native to Chile and Argentina, Laureliopsis philippiana
TEPE	11	hill, tell
TEPP	11	Initialism of tetraethyl pyrophosphate.
TERAMO	16	A province of Abruzzo, Italy.
TERAN	11	A surname.
TERAP	11	Artocarpus elasticus
TERAPH	16	An idol or other image of reverence and divination among the ancient Hebrews; apparently especially a kind of household god.
TERBIA	16	The rare earth terbium oxide Tb₂O₃
TERFEZ	16	The desert truffle (genus Terfezia).
TERGA	11	plural of tergum
TERGAL	16	Of or pertaining to the tergum; dorsal.
TERIN	11	Alternative form of tarin (the bird)
TERMEN	16	The outer edge of the wing of a butterfly or moth, joining the apex to the tornus.
TERNAL	16	threefold
TERS	11	plural of TER
TESTO	11	testosterone, especially pharmaceutical testosterone
TEUCER	16	The son of King Telamon and Hesione, who fought in the Trojan War and was renowned for his skill in archery.
TEUFEL	16	A surname from German.
TEXIT	11	The proposed secession of Texas from the United States.
TGTS	11	plural of tgt
THALLI	16	plural of thallus
THAMAR	16	A female given name from Hebrew. A less common spelling of Tamar.
THAMIN	16	Synonym of Eld's deer (Rucervus eldii)
THAO	11	A member of an aboriginal people of central Taiwan.
THAS	11	Alternative spelling of thass.
THASOS	16	An island of Greece, in the northern Aegean Sea.
THEDE	11	Alternative form of theed.
THEER	11	there
THETIC	16	Of or pertaining to a thesis.
THIERS	16	plural of Thier
THILLS	16	plural of thill
THMS	11	plural of THM
THOMS	11	A surname.
THRALE	16	A surname.
THURII	16	An ancient city of Bruttium not far from Sybaris
THWOMP	16	The dull sound of something landing heavily, or of something being struck hard.
TIARE	11	A female given name. Used in Hawaii since the 1980s.
TIBS	11	plural of tib
TICAT	11	A team member for the Canadian Football League's Hamilton Tiger-Cats. (Rendered as Ti-Cat.)
TICES	11	plural of tice
TICKY	11	infested with ticks (the tiny woodland arthropod of the order Acarina).
TIDDLE	16	To treat tenderly; to pet; to nurse a young animal by hand.
TIDDY	11	The European wren.
TIEL	11	Clipping of cockatiel.
TIEMPO	16	A surname.
TIFTS	11	plural of tift
TIH	11	Initialism of their Imperial Highnesses.
TILAK	11	A mark or symbol worn on the forehead by Hindus, ornamentally or as an indication of status.
TILNEY	16	A habitational surname.
TIND	11	To ignite, kindle.
TINDS	11	plural of tind
TIPULA	16	Any of many species of long-legged dipterous insects belonging to Tipula and allied genera; a common crane fly.
TIRLED	16	simple past and past participle of tirl
TIRON	11	A surname.
TIRS	11	plural of TIR
TIRYNS	16	An ancient city in Argolis, Greece
TISON	11	A surname.
TISZA	11	A river in Central Europe, flowing through Hungary, Romania, Serbia, Slovakia and Ukraine.
TITE	11	A surname.
TITU	11	A town in Dâmbovița County, Romania.
TIV	11	An ethnic nation in West Africa.
TIVAT	11	A town and municipality of Montenegro.
TLACOS	16	plural of tlaco
TLD	11	Initialism of top-level domain.
TLR	11	Initialism of toll-like receptor.
TMO	11	Initialism of transition metal oxide.
TMOS	11	plural of TMO
TOATOA	16	Any of various plants:
TOBEAT	16	To beat excessively.
TOBES	11	plural of tobe
TOBIKO	16	The roe of flying fish used as food.
TOBINE	16	A stout twilled silk, formerly used for dresses.
TOCHER	16	A dowry.
TODE	11	A sled used for hauling logs.
TODES	11	plural of tode
TOFINO	16	A settlement on the west coast of Vancouver Island, British Columbia, Canada.
TOGED	11	togated; dressed in a toga
TOISE	11	A former French unit of length, corresponding to about 1.949 metres.
TOLYL	11	Any of the three isomeric univalent aromatic radicals derived from toluene
TOMAH	11	A city and town in Monroe County, Wisconsin, United States.
TOMBE	11	Obsolete spelling of tomb.
TONCA	11	Alternative form of tonka.
TONDOS	16	plural of tondo
TONN	11	A surname.
TONSOR	16	Synonym of barber.
TONTI	11	A surname from Italian.
TOOLIE	16	A tool dresser.
TOONES	16	plural of Toone
TOPATO	16	Synonym of pomato (“potato–tomato hybrid”).
TOPEPO	16	A reputed hybrid between the tomato and the sweet pepper.
TOPH	11	A kind of sandstone.
TOPHS	11	plural of toph
TOPMEN	16	plural of topman
TOPPO	11	top, great, the best
TORTAS	16	plural of torta
TORTO	11	A surname.
TOSA	11	A Japanese breed of fighting dog
TOSCAS	16	plural of Tosca
TOSTO	11	A surname from Italian.
TOTA	11	A kind of monkey, the grivet or waag.
TOTORO	16	A Barbacoan language formerly spoken in southwestern Colombia.
TOUSEL	16	Alternative form of tousle.
TOWSE	11	Alternative form of touse.
TOWSER	16	A given name for a dog.
TOYBOY	16	A young male partner for a woman or man.
TOYO	11	soy sauce
TPH	11	Initialism of trains per hour.
TPKES	11	plural of tpke
TPP	11	Initialism of Trans-Pacific Partnership.
TRANQS	16	plural of tranq
TRASKS	16	plural of Trask
TRAVER	16	A surname.
TREFA	11	Alternative spelling of treyf.
TREG	11	A regulatory T cell: a kind of T cell that modulates the immune system.
TREGO	11	A surname.
TREMIE	16	A device used to pour concrete underwater, usually a tube of sheet metal with a hopper-like top generally handled by a crane.
TREPAK	16	A traditional brisk Russian and Ukrainian folk dance.
TRG	11	Initialism of tap, rack, go.
TRIAS	11	A surname from Catalan.
TRICH	11	trichomoniasis
TRIENE	16	Any alkene that has three double bonds
TRIEST	16	second-person singular simple present indicative of try
TRIORS	16	plural of trior
TRIPIT	16	Tree pipit.
TRIXY	11	A female given name, variant of Trixie.
TRN	11	Trillion.
TROCO	11	Alternative form of trucco (“lawn billiards”).
TRODS	11	third-person singular simple present indicative of trod
TROMBE	16	Alternative form of tromp (“blowing apparatus in a forge”).
TRONC	11	A monetary pool, in which tips are collected and later shared out between all staff, e.g. in a restaurant.
TRONE	11	A type of steelyard (weighing machine) for heavy wares, such as wool, consisting of two horizontal bars crossing each other, beaked at the extremities, and supported by a wooden pillar.
TRONES	16	plural of trone
TROPER	16	One who tropes.
TROTTY	16	Tending to trot; having a trotting gait.
TRT	11	Initialism of Transportation Research Thesaurus.
TRUFF	11	A truffle.
TRYER	11	Alternative spelling of trier.
TSINAN	16	Alternative form of Jinan (city in Shandong Province, China)
TSUN	11	Dated form of cun (“Chinese unit of length”).
TTO	11	Abbreviation of Toronto.
TTYS	11	plural of TTY
TUANS	11	plural of tuan
TUAS	11	A planning area in the West Region, Singapore.
TUBO	11	A municipality of Abra, Cordillera Administrative Region, Luzon, Philippines.
TUCHES	16	Alternative form of tuchus.
TUCHUN	16	A Chinese military governor or warlord.
TUFAS	11	plural of tufa
TUKTUKS	35	plural of tuktuk
TULADI	16	A large lake trout, Salvelinus namaycush, found mainly in Canada and northern areas of the US.
TULIA	11	A city, the county seat of Swisher County, Texas, United States.
TULSI	11	Holy basil, Ocimum tenuiflorum.
TUMP	11	A mound or hillock.
TUNKS	11	plural of tunk
TUPIKS	16	plural of tupik
TURCA	11	A moustached turca (Pteroptochos megapodius).
TURI	11	A surname.
TURLEY	16	A surname from Irish.
TURM	11	A group of people, especially a military unit of cavalrymen.
TUTTIS	16	plural of tutti
TUTTY	11	A powdered form of impure zinc oxide used for polishing.
TWANK	11	To emit a sharp twanging sound.
TWEESE	16	A surgeon's case of instruments.
TWIRP	11	make a weak, chirping sound
TWOTE	11	alternative simple past of tweet.
TWS	11	plural of TW
TXTSPK	16	Abbreviation of textspeak.
TYBI	11	The fifth month of the later ancient Egyptian civil calendar and Coptic calendar, corresponding to the first month of the season of Peret. Since 25 BCE, when the calendar was reformed to include leap-days, Tybi has been in roughly January.
TYG	11	Alternative form of tig (drinking cup)
TYGS	11	plural of tyg
TYPY	11	Of a show animal: characteristic of its type.
TYT	11	Initialism of take your time.
UAV	11	Initialism of unmanned aerial vehicle or uncrewed aerial vehicle: an aircraft with no onboard pilot, and sometimes completely unpiloted (autonomous), that is capable of controlled, sustained, level flight.
UBC	11	Initialism of Uniform Building Code.
UBEL	11	A surname.
UBII	10	A Germanic tribe dwelling on the east bank of the Rhine in the time of Julius Caesar, who formed an alliance with them in 55 BC in order to launch attacks across the river.
UCHEES	16	plural of Uchee
UCP	11	Initialism of United Conservative Party, a political party in Alberta.
UDIC	11	Somewhat moist at most times of the year.
UDT	11	Initialism of user-defined type.
UEL	11	Initialism of upper explosive limit.
UHD	11	Initialism of ultra-high definition (“3840×2160 (4K), 7680×4320 (8K), 15360 × 8640 (16K)”).
UINAL	11	Alternative form of winal.
UKELELES	5	plural of ukelele
ULED	11	simple past and past participle of UL
ULMER	11	A surname from German.
ULOCK	11	Alternative form of oolak.
ULOCKS	16	plural of ulock
ULRICA	16	A female given name from the Germanic languages, rare in English.
ULTS	11	plural of ult
UMAN	11	A city and raion of Cherkasy Oblast, Ukraine.
UMBONE	16	Synonym of umbo.
UMIAC	11	Alternative spelling of umiak.
UMIACK	16	Dated form of umiak.
UMIRI	11	Synonym of Umiri balsam.
UNBARE	16	To lay bare; to expose.
UNBASE	16	To remove or shift the base or basis of.
UNBET	11	On which a bet has not been placed.
UNBUSY	16	Not busy.
UNCASK	16	To remove from a cask.
UNCATE	16	uncinate
UNCOY	11	Not coy.
UNCUED	16	Not cued.
UNG	11	A surname.
UNGARO	16	A surname from Italian.
UNGOD	11	To divest of a god.
UNGRIP	16	To release one's grip on; to let go.
UNHEAR	16	To reverse the process of hearing, so that (a sound, etc.) was never heard.
UNHOT	11	Not hot
UNICUM	35	A unique example or specimen of something
UNIOS	11	plural of unio
UNKEY	11	To stop transmitting on a two-way radio, etc.
UNLEAD	16	To take away the leaden seals from (the bales of transit goods).
UNLENT	16	Not lent.
UNLIST	16	To undo the process of listing; to remove something from a list.
UNLOOP	16	To remove a loop from; to unfasten from a loop.
UNLOST	16	Not lost.
UNMAP	11	To remove the mapping of (a device, etc.).
UNORN	11	Old; worn out; feeble.
UNP	11	Initialism of University of Northern Philippines.
UNPAIR	16	To change from a paired to a non-paired state.
UNR	11	Initialism of University of Nevada, Reno.
UNRASH	16	Not rash.
UNROPE	16	To remove the rope or ropes from.
UNSELL	16	To cause to appear less attractive to consumers or adherents.
UNSETS	16	third-person singular simple present indicative of unset
UNSOUL	16	To deprive of soul, spirit, or principle.
UNSTEP	16	To remove (the mast) from a sailing vessel.
UNTZ	11	Alternative form of oontz (“electronic drum sound”).
UNUSE	11	disuse
UNVOTE	16	To reverse or annul by vote.
UNWIG	11	To remove a wig from.
UNWISH	16	To wish not to be; to destroy by wishing.
UPGAZE	16	The act of looking upward.
UPHAM	11	A civil parish of Kings County, New Brunswick, Canada.
UPMA	11	An Indian porridge of dry roasted semolina or coarse rice flour, often with vegetables and seasonings.
UPO	11	Lagenaria siceraria; a vine grown for its fruit.
UPPIES	16	plural of uppy
UPSTIR	16	Commotion; disturbance, tumult.
UPTEAR	16	To tear up (wrench from the ground).
UPTIE	11	To tie up, fasten up.
UPTIL	11	Alternative form of up till.
UPTILL	16	up to, or against
UPTOSS	16	To toss up.
UREIC	11	Of, relating to, or derived from urea.
UREYS	11	plural of Urey
URIAN	11	A male given name from Celtic.
URITE	11	One of the segments of the abdomen or postabdomen of arthropods.
UROPOD	16	either of the two posterior abdominal appendages of the lobster, shrimp and some other crustaceans.
UROS	11	plural of Uro
URSAL	11	The ursine seal or sea bear, better known as the northern fur seal, Callorhinus ursinus.
URSON	11	A species of New World porcupine, Erethizon dorsatum.
URTS	11	plural of URT
URUBU	11	A New World vulture (a vulture from South America).
URUK	11	An ancient city in Sumer and Babylonia, in modern-day Iraq.
USHAK	11	Archaic form of Uşak (“Turkish city”).
USNEAS	16	plural of usnea
USSERY	16	A surname.
USUN	11	The Wusun.
USURES	16	third-person singular simple present indicative of usure
USUS	30	The use of something.
USV	11	Initialism of uncrewed surface vessel or uncrewed surface vehicle.
UTICAN	16	Of or from Utica.
UTIS	11	plural of UTI
UTT	11	A surname.
UWS	11	plural of UW
UXO	11	Initialism of unexploded ordnance.
VAD	11	Initialism of Voluntary Aid Detachment: a women′s first-aid organisation active during World War I and World War II, or a member of this detachment.
VAGS	11	third-person singular simple present indicative of vag
VAH	11	Used to express distaste, disgust or outrage.
VAIRY	11	Divided into vair-bells of two or more tinctures.
VALA	11	An object-oriented programming language with a self-hosting compiler that generates C code.
VAMOSE	16	Alternative form of vamoose.
VARDEN	16	A surname.
VAREC	11	The calcined ash of coarse seaweed, used for the manufacture of soda and iodine.
VARVE	11	An annual layer of sediment or sedimentary rock.
VATA	11	The dosha representing air or wind.
VAUS	11	plural of vau
VEGLIA	16	Krk, a Croatian island in the Adriatic Sea.
VEHM	11	A Westphalian tribunal system during the Middle Ages.
VELOSO	16	A surname.
VELS	11	Initialism of Victorian Essential Learning Standards, a school curriculum framework used in Victoria, Australia.
VENDU	11	Alternative form of vendue.
VENTRE	16	Obsolete form of venture (“to hazard, risk”).
VENUTI	16	A surname from Italian.
VERUCA	16	A female given name.
VETA	11	A second-order measure of derivative price sensitivity, expressed as the rate of change of vega with respect to time, or equivalently the rate of change of theta with respect to changes in the volatility of the underlying asset.
VEVAY	11	A town, the county seat of Switzerland County, Indiana.
VEVEY	11	A town on Lake Geneva, Vaud canton, Switzerland.
VGAS	11	plural of VGA
VGC	11	Initialism of very good condition.
VIB	11	Initialism of Virtual Instrumentation Bean.
VIENS	11	plural of Vien
VIF	11	Initialism of vehicle integration facility.
VIHARA	16	A Buddhist monastery.
VILI	11	A Bantu language spoken in Gabon.
VILLES	16	plural of ville
VINAY	11	A male given name from Sanskrit used in India.
VINER	11	A winegrower.
VIO	11	A ripoff.
VIOLE	11	To violate, especially to rape.
VIRE	11	To transfer a surplus from one account to cover a deficit in another, to make a virement.
VIRES	11	plural of vire
VISBY	11	A city on the west coast of Gotland, Sweden.
VISON	11	An American mink (Neogale vison).
VITTA	11	A fillet, or garland for the head.
VITTI	11	A surname from Italian.
VIURA	11	A variety of wine grape, grown in northeastern Spain.
VIVATS	16	plural of vivat
VLA	11	Initialism of Very Large Array (the large interferometer in New Mexico used for radio astronomy).
VLIET	11	A surname from Dutch.
VLS	11	Initialism of vertical launching system.
VNS	11	plural of VN
VOCABS	16	plural of vocab
VOD	35	Abbreviation of video on demand.
VOE	11	A narrow sea inlet, particularly in the Shetland Islands, similar to a fjord.
VOIS	11	plural of VOI
VOISIN	16	A surname.
VOLAGE	16	Fickle, capricious, reckless.
VOLOST	16	A traditional administrative subdivision in Eastern Europe.
VOLSCI	16	An ancient Italic people and culture from the first century of the Roman republic.
VOLTI	11	turn the page
VOM	11	Vomit.
VOPOS	11	plural of Vopo
VOTAL	11	votary, votive
VPN	11	Initialism of virtual private network.
VPNS	11	plural of VPN
VRAIC	11	Seaweed gathered for use as a fertilizer or fuel.
VROUWS	16	plural of vrouw
VSB	11	Initialism of vestigial sideband.
VSW	11	Initialism of very short wave.
VTE	11	Abbreviation of Vicomte (French for “Viscount”).
VTO	11	Initialism of vertical takeoff.
WABBLE	16	Alternative spelling of wobble.
WADDER	16	A manufacturer of wadding.
WADY	11	Archaic spelling of wadi.
WAFF	11	To bark; to woof.
WAI	11	to perform a traditional Thai greeting where the hands are placed together in a prayer-like position
WAIFED	16	simple past and past participle of waif
WAITHE	16	A hamlet and civil parish in the East Lindsey district, of Lincolnshire, England (OS grid ref TA202006).
WAKAS	11	plural of waka
WALDOS	16	plural of waldo
WALERS	16	plural of waler
WALN	11	A surname.
WAMP	11	Initialism of Windows, Apache, MySQL/MariaDB, and PHP/Perl/Python, a popular solution stack for use as a web server.
WANGS	11	plural of wang
WANY	11	Waning or diminished in some parts; not of uniform size throughout; said especially of sawed boards or timber cut too near the outside of the log.
WAO	11	A municipality of Lanao del Sur, Philippines.
WAQF	11	An endowment of land given for religious or charitable purposes.
WARK	11	Pain; ache.
WASCO	11	A city in Kern County, California, United States.
WASE	11	A bundle of straw, or other material, to relieve the pressure of burdens carried upon the head.
WASHE	11	Obsolete spelling of wash.
WASSY	11	wanton, driven, hyperactive
WASTA	11	Intercession or mediation by people on behalf of others to whom they are connected by friendship or blood
WATCHA	16	Alternative form of whatcha.
WAZIR	11	Vizier.
WBF	11	Initialism of World Backgammon Federation.
WDT	11	Initialism of Wade-Dahl-Till valve.
WEARED	16	simple past and past participle of wear (see usage notes)
WEAZEN	16	An old person.
WEBBYS	16	plural of Webby
WEBLEY	16	An English habitational surname for someone who lived in Weobley in Herefordshire.
WEEDE	11	Obsolete spelling of weed.
WEEPED	16	simple past and past participle of weep (drainage sense)
WEET	11	To know.
WEG	11	Abbreviation of Water Equivalent to a Global layer (how high a water level would be at 1 atm pressure, if the whole ice had melted).
WEGA	11	Former name of Waya (“Fijian island”).
WEIBO	11	A Chinese microblogging website.
WEKAU	11	An extinct small New Zealand owl with short wings and long legs that lived chiefly on the ground (†Sceloglaux albifacies).
WEMYSS	16	A parish in Fife council area, Scotland.
WENDI	11	A female given name originating as a coinage.
WENTE	11	Archaic spelling of went, past participle of go.
WESTBY	16	A surname.
WESTED	16	simple past and past participle of west
WEY	11	An old English measure of weight containing 224 pounds; equivalent to 2 hundredweight.
WEYL	11	A surname from German, notably held by Hermann Weyl.
WFH	11	Initialism of working from home.
WFP	11	Initialism of World Food Programme.
WGS	11	plural of WG
WHAU	11	Entelea arborescens, a malvaceous tree endemic to New Zealand.
WHF	11	Abbreviation of wharf.
WHOOS	11	third-person singular simple present indicative of whoo
WIA	11	Initialism of Windows Image Acquisition.
WIC	11	Acronym of women, infants and children.
WIED	11	A river in Rhineland-Palatinate, Germany, a tributary of the Rhine.
WIGGS	11	plural of wigg
WILBER	16	A surname.
WILLEY	16	A civil parish in Herefordshire, England.
WINGES	16	third-person singular simple present indicative of winge
WINZE	11	A steep shaft for such purposes as: to join two levels in a mine; or to explore greater depths when considering whether to open a new level; or to permit forced ventilation of deeper levels.
WIPETH	16	third-person singular simple present indicative of wipe
WIREFU	16	Alternative form of wire fu.
WIST	11	simple past and past participle of wit.
WLW	11	Acronym of women-loving woman or woman who loves women, a woman who is attracted (not necessarily exclusively) to other women.
WMK	11	Abbreviation of watermark.
WNBAER	16	Someone who plays in the WNBA.
WOGGLE	16	A Boy Scout's neckerchief clasp or slide, originally a loop or ring of leather.
WOMAC	11	A surname.
WOODIN	16	A surname.
WOOKIE	16	Misspelling of Wookiee.
WOOTEN	16	A surname.
WOOWOO	16	Alternative spelling of woo woo.
WPB	11	Initialism of wastepaper basket.
WRA	11	Initialism of women's rights activist.
WRAF	11	Initialism of Women's Royal Air Force.
WRNS	11	Initialism of Women's Royal Naval Service.
WRO	11	Initialism of Western Rite Orthodoxy.
WRX	11	Initialism of World Rallycross.
WSDOT	11	Abbreviation of Washington State Department Of Transportation.
WSM	11	Initialism of Weston-super-Mare.
WTG	11	Initialism of wind turbine generator.
WUD	11	Mad; crazy.
WUN	11	Eye dialect spelling of one.
WYLD	11	A surname.
WYRM	11	A huge limbless and wingless dragon or dragonlike creature.
XOS	11	plural of XO
XPOST	11	Abbreviation of crosspost.
XYLON	11	A unit of length in Ancient Greece.
XYZS	11	plural of XYZ
YAA	11	The letter ي (y) in the Arabic script.
YAC	11	Initialism of yeast artificial chromosome.
YAE	11	The Korean vowel ㅒ (yae).
YAEGER	16	A surname.
YAGUA	11	A Central American palm tree, Roystonea dunlapiana
YAHYA	11	a prophet of Islam.
YAIRS	11	plural of yair
YAJE	11	Alternative spelling of yage.
YALI	11	A type of house, particularly found on the Bosporus.
YALLER	16	Pronunciation spelling of yellow, representing Southern US English.
YAMEL	11	A member of a northern subgroup of the Kalapuya people.
YANCE	11	once (in both senses: only one time, and formerly)
YAOURT	16	Obsolete form of yogurt.
YAPA	11	A member of the Warlpiri people of Australia.
YAPESE	16	The Austronesian language spoken in the Federated States of Micronesia, especially by the inhabitants of Yap.
YAPOK	11	The water opossum (Chironectes minimus).
YARA	11	A female given name.
YARAK	11	A super-alert state where the bird is hungry, but not weak, in a trance-like state of alertness and ready to hunt.
YARKE	11	The saki, Pithecia leucocephala
YARL	11	A deep, guttural vocal style with affected pronunciation, characteristic of male grunge and postgrunge singers of the 1990s and early 2000s.
YARRA	11	A river in southern Victoria, Australia, which flows through Melbourne to Port Phillip.
YATI	11	a Jain monk
YATIS	11	plural of yati
YATTER	16	Natter; prattle; mindless chatter.
YAVA	11	Alternative form of kava.
YAWATA	16	A city in Kyoto Prefecture, Japan.
YBARRA	16	A surname.
YCLAD	11	past participle of clothe
YEDS	11	plural of yed
YEG	11	Alternative form of yegg.
YEL	11	Obsolete spelling of yell.
YELLA	11	Pronunciation spelling of yellow.
YERI	11	lake
YESTS	11	plural of yest
YETS	11	plural of yet
YIKE	11	To utter the exclamation yikes.
YIMA	11	A county-level city of Sanmenxia, Henan, China.
YIT	11	Alternative form of yet.
YODE	11	simple past of go; went.
YODLES	16	third-person singular simple present indicative of yodle
YOHOS	11	plural of Yoho
YOLE	11	A Scottish rowing boat that could also use a sail
YONAI	11	A surname from Japanese.
YONCE	11	A surname.
YONS	11	plural of Yon
YORO	11	An era of Japan
YOTES	11	plural of yote
YPSCE	11	Initialism of Young People's Society of Christian Endeavour.
YTHE	11	Alternative form of ithe.
YTS	11	Initialism of Youth Training Scheme.
YUC	11	Abbreviation of Yucatán: a state of Mexico.
YUCKS	11	plural of yuck
YUGAS	11	plural of yuga
YUKED	11	simple past and past participle of yuke
YULANS	16	plural of yulan
YUNS	11	plural of Yun
ZABRAS	16	plural of zabra
ZAKATS	16	plural of zakat
ZAKS	11	plural of zak
ZANDE	11	An ethnic group of North Central Africa, living primarily in the northeastern part of the Democratic Republic of the Congo, in south-central and southwestern part of South Sudan, and in southeastern Central African Republic.
ZARB	11	Synonym of tombak (“a type of goblet drum used heavily in Persian music”)
ZARP	11	A member of the South African Republic Police
ZEK	11	A prisoner at a Russian prison, especially (historical) at a Soviet labour camp.
ZELS	11	plural of zel
ZIBET	11	The large Indian civet (Viverra zibetha).
ZIF	11	Initialism of Zero insertion force.
ZILLA	11	A subdivision of a province or state
ZIMB	11	An Ethiopian horsefly of the genus Pangonius, destructive to livestock.
ZIMBS	11	plural of zimb
ZINCY	11	Containing zinc.
ZINKY	11	Alternative form of zincy.
ZIO	11	Alternative letter-case form of Zio.
ZOBO	11	A kind of Asian cattle, supposed to be a hybrid between the zebu and yak.
ZOH	11	Initialism of zero-order hold.
ZUBOFF	16	A surname from Russian.
ZUFOLO	16	A little flute or flageolet, especially that which is used to teach birds.
ZYMES	11	plural of zyme
ZYTHUM	16	An unfermented kind of Egyptian malt beer.
VODS	30	plural of VoD
IBUS	30	plural of IBU
COPARENTED	40	simple past and past participle of coparent
ANISHINAABEG	40	plural of Anishinaabe
DTAP	20	Synonym of DTaP vaccine.
PREADDED	40	added in advance
BUTTCHUGS	40	third-person singular simple present indicative of buttchug
BUTTCHUGGED	40	simple past and past participle of buttchug
BUTTCHUGGING	40	present participle and gerund of buttchug
LAMEO	30	A lame person; someone who is worthless or a loser.
LAMEOS	30	plural of lameo
BEEFER	40	A cow used for beef and not milk.
NIPPERKINS	30	plural of nipperkin
JAPANOLOGIST	35	One who studies Japanology.
JAPANOLOGISTS	34	plural of Japanologist
WECK	35	Kummelweck bread.
ANCAP	40	Clipping of anarcho-capitalist.
CUMES	40	plural of cume
SKYPERS	40	plural of Skyper
BRUJX	40	A Latinx, especially a Hispanic magic user; a witch.
BRUJA	40	A female practitioner of brujería.
BRUJO	40	A male practitioner of brujería.
TABATA	40	Synonym of Tabata method.
OUTDRUNK	40	past participle of outdrink
KINGO	40	A member of the King's Liverpool Regiment, later the King's Regiment.
GDI	30	Gamma Delta Iota (ΓΔΙ) or God Damn Independent; a fictitious fraternity used by fraternity and sorority members to refer to people not affiliated with such organizations.
GDIS	30	plural of GDI
LATAM	40	Alternative form of Latam.
STIMMIES	30	plural of stimmy
OXISH	20	Resembling or characteristic of an ox.
CLUBNIGHTS	40	plural of clubnight
BUJO	10	A confidence trick in which the victim is falsely diagnosed with a curse or other ailment that can supposedly only be cured by the trickster.
AXBLADE	30	American spelling of axeblade.
AXBLADES	30	plural of axblade
GRINDSETS	30	plural of grindset
AMASH	35	A surname.
SMIRNOFFS	40	plural of Smirnoff
DAXING	40	A former capital of China under the Sui Dynasty, now within Xi'an, Shaanxi.
XNOR	20	A logic gate which is the inverse of XOR.
BUZKASHI	40	A team sport originating in Central Asia, where the players, all on horseback, try to place an animal carcass into a goal.
CACOMIXTLE	31	Alternative spelling of cacomistle.
CACOMIXTLES	30	plural of cacomixtle
CACOMISTLES	40	plural of cacomistle
